Course Title,Total Enrolled,Total Certified
Data Visualization with Matplotlib,985,681
Data Analysis with Pandas,981,681
Data Analysis for Business Decisions,981,676
Data Ethics,973,640
Data Cleaning & Preprocessing,970,680
HR Technology Tools,53,44
Sales Fundamentals,53,40
API Development,52,28
Blockchain Use Cases,52,32
Training and Development,51,41
Content Management Systems (CMS),51,29
Understanding Financial Markets,49,41
Introduction to Machine Learning,49,36
Diversity and Inclusion Initiatives,49,37
Publishing Mobile Apps,49,30
Podcasting Fundamentals,48,33
Computer Vision Applications,48,34
Unsupervised Learning,48,29
API Integration in Mobile Apps,48,36
Introduction to Blockchain,48,32
Presentation Skills for Business Analysts,48,31
Reinforcement Learning,47,38
AI in Healthcare,47,26
Web Performance Optimization,47,24
Communication Skills for Project Managers,47,35
Introduction to IT Support,47,32
Change Management Strategies,47,27
Hyperledger Basics,46,29
Introduction to Content Creation,46,29
DevOps in the Cloud,46,34
Introduction to Business Analysis,46,35
React,46,28
Usability Testing,45,27
Customer Service Skills for IT,45,32
Labor Laws and Compliance,45,31
3D Game Development,45,26
Progressive Web Apps (PWAs),45,30
Visual Design Basics,45,25
Risk Management in Cybersecurity,45,38
Natural Language Processing Techniques,45,29
Digital Sales Techniques,44,27
Reinforcement Learning Techniques,44,29
Project Management Basics,44,32
Risk Analysis and Management,44,31
Business Process Modeling,44,26
Virtual Reality Development,44,25
App Monetization Strategies,44,34
Ethics in AI,44,35
Blockchain Security,44,28
Agile Project Management,43,31
Microservices in Cloud,43,30
Azure Basics,43,31
Tokenomics,43,28
Remote Support Techniques,43,30
Game Monetization Strategies,43,35
Performance Management Systems,43,28
Ethical Hacking Basics,43,20
Content Marketing Strategies,43,36
Cryptocurrency Fundamentals,43,32
E-commerce Development Basics,43,30
Business Case Development,43,28
Git & GitHub,43,33
Statistical Analysis,43,25
iOS Development Basics,43,31
Infrastructure as Code,43,26
Video Production Basics,42,24
Game Testing Techniques,42,28
Content Strategy Development,42,28
Smart Contracts Development,42,32
Budgeting for Projects,42,31
Customer Service Excellence,42,27
Project Scheduling Techniques,42,35
SEO Fundamentals,42,33
MongoDB,42,31
Version Control with Git,42,26
Introduction to Human Resources,42,33
Cloud Cost Management,42,29
Machine Learning Basics,42,28
User Research Techniques,42,32
Conflict Resolution in HR,42,30
Understanding Consumer Behavior,42,24
Supervised Learning,42,23
Configuration Management with Ansible,42,35
Computer Vision Basics,42,34
HTML & CSS,42,29
Brand Management Online,42,29
Security Awareness for IT Support,42,23
RESTful Services,41,27
Security in Cloud Computing,41,25
Risk Management in Projects,41,25
Network Security Fundamentals,41,24
Deep Learning with TensorFlow,41,27
Closing Sales Strategies,41,20
Google Cloud Platform Essentials,41,29
Sales Analytics,41,25
Backend Development Fundamentals,40,24
Android Development Basics,40,28
Influencer Marketing,40,27
2D Game Development,40,27
Introduction to Cloud Computing,40,31
Predictive Analytics,40,28
Agile Methodologies,40,28
Decentralized Applications (DApps),40,29
Node.js,40,29
Corporate Finance Essentials,39,27
Change Management,39,25
Collaboration Tools in DevOps,39,32
Web Accessibility Standards,39,28
SEO Best Practices,39,28
Social Media Content Creation,39,30
Introduction to Finance,39,24
SWOT Analysis for Business,39,30
Malware Analysis,39,29
Financial Reporting Standards,39,27
Mobile Testing Strategies,39,26
Containerization with Docker,39,26
Consensus Algorithms,39,24
Design Thinking Process,38,23
Building Customer Relationships,38,26
Risk Management in Finance,38,27
Continuous Integration and Delivery,38,28
Interaction Design Principles,38,24
Personal Finance Skills,38,24
Frontend Development Basics,38,25
Financial Planning and Forecasting,38,25
Introduction to DevOps,38,23
Cryptography Basics,38,30
AI in IoT,38,28
Multiplayer Game Development,38,26
Email Marketing Basics,38,27
Vulnerability Assessment,38,29
Model Evaluation,37,25
Penetration Testing,37,23
Analytics for Marketers,37,28
Container Orchestration with Kubernetes,37,24
Introduction to Game Development,37,26
Cloud Support Fundamentals,37,24
Budgeting Basics,37,21
Talent Acquisition Strategies,36,25
Natural Language Processing,36,25
Affiliate Marketing,36,21
Networking Basics,36,24
Automating Cloud Deployments,36,24
Stakeholder Management,36,22
Hardware Repair Skills,36,25
AI in Robotics,36,29
Operating Systems Overview,36,23
Introduction to UI/UX Design,35,24
Requirements Gathering Techniques,35,26
Time Series Analysis,35,25
Unreal Engine Basics,35,19
Investing Fundamentals,35,22
Cross-Platform Development with Flutter,35,22
Deployment of ML Models,35,28
Unity Basics,35,19
Design Tools Overview,35,26
Responsive Web Design,35,24
Financial Analysis Techniques,35,27
SEO for Content Creators,35,29
Ethereum Development,35,25
Editing and Proofreading Techniques,34,27
Graphic Design Basics for Content,34,21
Speech Recognition Technologies,34,23
Big Data with Spark,34,20
Google Ads Fundamentals,34,26
HR Analytics,34,20
Python for Data Science,33,22
Social Media Marketing,33,23
Performance Optimization for Mobile Apps,33,23
Game Design Principles,33,19
Conversion Rate Optimization,33,24
Cloud Security Best Practices,32,20
Deep Learning Fundamentals,32,28
Content Promotion Strategies,32,21
Presentation Skills for Sales,32,21
AI for Business,32,24
Monitoring and Logging,32,19
Employee Engagement Techniques,32,27
AWS Fundamentals,32,23
Quality Management,32,24
Mobile App Security,31,20
Incident Response,31,23
ITIL Foundations,31,20
Web Application Security,30,22
Project Management Tools Overview,30,21
Responsive Design Principles,29,24
Time Management for Sales,29,21
Serverless Architecture,29,23
Negotiation Techniques,29,19
Mobile App Design,29,21
Deployment & Hosting,28,21
Wireframing and Prototyping,28,22
JavaScript Basics,28,22
Stakeholder Analysis,28,15
User Interface Design for Mobile Apps,28,17
Troubleshooting Techniques,27,23
Express.js,26,19
Introduction to AI,25,17
JavaScript Frameworks Overview,24,17
Blogging for Beginners,23,17
