Course Title,Average Rating
Customer Service Excellence,79.8809523809523810
Closing Sales Strategies,77.6341463414634146
Unsupervised Learning,78.5833333333333333
Google Ads Fundamentals,79.4411764705882353
Hardware Repair Skills,80.4166666666666667
Multiplayer Game Development,80.5526315789473684
Wireframing and Prototyping,80.2857142857142857
MongoDB,81.9047619047619048
Deployment & Hosting,80.9642857142857143
Understanding Financial Markets,82.7346938775510204
Containerization with Docker,78.6923076923076923
Microservices in Cloud,81.7674418604651163
Version Control with Git,79.6190476190476190
Mobile App Design,79.8275862068965517
Cloud Support Fundamentals,78.8108108108108108
Personal Finance Skills,79.6315789473684211
Analytics for Marketers,80.3243243243243243
Introduction to IT Support,80.7872340425531915
User Research Techniques,79.4047619047619048
Negotiation Techniques,79.3103448275862069
Troubleshooting Techniques,82.1111111111111111
Usability Testing,77.6444444444444444
Change Management Strategies,78.5106382978723404
Configuration Management with Ansible,82.2619047619047619
Risk Analysis and Management,80.3863636363636364
SWOT Analysis for Business,80.8461538461538462
Monitoring and Logging,79.4062500000000000
Ethereum Development,80.5142857142857143
Business Process Modeling,79.5454545454545455
Backend Development Fundamentals,80.1750000000000000
SEO Best Practices,79.8717948717948718
Requirements Gathering Techniques,81.2857142857142857
Investing Fundamentals,80.1714285714285714
Collaboration Tools in DevOps,82.4615384615384615
Diversity and Inclusion Initiatives,81.8775510204081633
API Integration in Mobile Apps,80.0833333333333333
Cross-Platform Development with Flutter,79.2000000000000000
Introduction to AI,79.0000000000000000
Corporate Finance Essentials,79.7948717948717949
Azure Basics,80.4186046511627907
SEO Fundamentals,81.0952380952380952
Incident Response,80.9677419354838710
Employee Engagement Techniques,81.0000000000000000
Frontend Development Basics,81.2368421052631579
Design Tools Overview,80.8571428571428571
AI in IoT,79.1052631578947368
Tokenomics,80.4883720930232558
Security in Cloud Computing,78.8048780487804878
Affiliate Marketing,78.1111111111111111
Data Analysis for Business Decisions,80.3679918450560652
Container Orchestration with Kubernetes,78.3513513513513514
Introduction to Content Creation,78.3260869565217391
2D Game Development,80.1500000000000000
Remote Support Techniques,80.8372093023255814
Blockchain Security,78.6363636363636364
Risk Management in Cybersecurity,82.4888888888888889
Influencer Marketing,79.3500000000000000
Cryptography Basics,81.8947368421052632
Natural Language Processing Techniques,79.6222222222222222
Deep Learning Fundamentals,81.8750000000000000
Serverless Architecture,82.0000000000000000
Presentation Skills for Business Analysts,79.1458333333333333
Digital Sales Techniques,79.1363636363636364
Communication Skills for Project Managers,82.2978723404255319
Sales Analytics,78.6341463414634146
Introduction to DevOps,77.8157894736842105
Change Management,80.1794871794871795
Predictive Analytics,81.6250000000000000
Talent Acquisition Strategies,79.6944444444444444
Mobile App Security,78.9032258064516129
AI in Healthcare,78.5744680851063830
Security Awareness for IT Support,79.7619047619047619
Content Promotion Strategies,80.2187500000000000
App Monetization Strategies,81.4545454545454545
Game Monetization Strategies,81.6744186046511628
Agile Project Management,80.3953488372093023
Virtual Reality Development,79.7727272727272727
Project Scheduling Techniques,81.3809523809523810
Reinforcement Learning Techniques,79.3863636363636364
Performance Optimization for Mobile Apps,80.9090909090909091
Unity Basics,78.5142857142857143
Content Management Systems (CMS),78.8039215686274510
Deployment of ML Models,80.6571428571428571
Networking Basics,79.0833333333333333
Automating Cloud Deployments,78.9444444444444444
Cloud Security Best Practices,79.6250000000000000
Introduction to Blockchain,78.7083333333333333
Training and Development,81.3529411764705882
Performance Management Systems,79.1395348837209302
Ethical Hacking Basics,78.5116279069767442
Content Marketing Strategies,82.8837209302325581
Reinforcement Learning,82.2127659574468085
Graphic Design Basics for Content,78.7941176470588235
Data Ethics,79.8992805755395683
Cryptocurrency Fundamentals,80.5813953488372093
E-commerce Development Basics,80.9069767441860465
Web Accessibility Standards,81.1025641025641026
Network Security Fundamentals,79.4390243902439024
Data Cleaning & Preprocessing,80.5701030927835052
Interaction Design Principles,79.1842105263157895
Introduction to Machine Learning,80.1836734693877551
Blogging for Beginners,81.5652173913043478
HTML & CSS,81.2857142857142857
Business Case Development,78.4186046511627907
Git & GitHub,81.0232558139534884
Game Testing Techniques,80.3809523809523810
AI in Robotics,80.9722222222222222
Smart Contracts Development,81.5476190476190476
Data Visualization with Matplotlib,79.7370558375634518
Stakeholder Management,79.4444444444444444
Content Strategy Development,81.2619047619047619
Quality Management,81.6562500000000000
Financial Analysis Techniques,80.9428571428571429
SEO for Content Creators,81.1428571428571429
Video Production Basics,79.6904761904761905
React,78.3043478260869565
Social Media Content Creation,80.7179487179487179
Brand Management Online,80.5952380952380952
Project Management Basics,81.8181818181818182
Computer Vision Basics,81.3809523809523810
Introduction to Cloud Computing,81.1500000000000000
Introduction to Finance,79.2564102564102564
Podcasting Fundamentals,78.9166666666666667
Project Management Tools Overview,80.6666666666666667
Financial Planning and Forecasting,80.1578947368421053
Natural Language Processing,80.1388888888888889
Progressive Web Apps (PWAs),80.0222222222222222
JavaScript Frameworks Overview,80.2083333333333333
Malware Analysis,81.3846153846153846
Introduction to Game Development,80.7837837837837838
Data Analysis with Pandas,80.1049949031600408
Design Thinking Process,79.8684210526315789
Building Customer Relationships,80.0526315789473684
JavaScript Basics,81.7142857142857143
Time Series Analysis,79.7428571428571429
Unreal Engine Basics,77.1428571428571429
Financial Reporting Standards,79.2564102564102564
API Development,78.0192307692307692
Vulnerability Assessment,82.6578947368421053
Understanding Consumer Behavior,78.6190476190476190
Android Development Basics,80.0000000000000000
Conflict Resolution in HR,81.6428571428571429
RESTful Services,79.0975609756097561
Email Marketing Basics,80.8421052631578947
Conversion Rate Optimization,80.8787878787878788
Blockchain Use Cases,78.0576923076923077
Deep Learning with TensorFlow,79.2682926829268293
Model Evaluation,78.8378378378378378
Statistical Analysis,79.8139534883720930
Game Design Principles,78.0909090909090909
Cloud Cost Management,80.1904761904761905
Stakeholder Analysis,77.8214285714285714
Sales Fundamentals,79.1132075471698113
Introduction to Human Resources,81.4761904761904762
Penetration Testing,78.2702702702702703
Google Cloud Platform Essentials,79.0731707317073171
Customer Service Skills for IT,82.1555555555555556
Node.js,80.7000000000000000
Budgeting Basics,78.4054054054054054
AWS Fundamentals,80.0625000000000000
Mobile Testing Strategies,79.8974358974358974
Labor Laws and Compliance,79.4000000000000000
Introduction to Business Analysis,80.7173913043478261
Decentralized Applications (DApps),82.1250000000000000
Hyperledger Basics,78.5434782608695652
iOS Development Basics,81.5581395348837209
Web Application Security,79.7666666666666667
Editing and Proofreading Techniques,81.2352941176470588
Operating Systems Overview,79.1666666666666667
Agile Methodologies,78.8750000000000000
Continuous Integration and Delivery,81.1842105263157895
Social Media Marketing,80.8787878787878788
3D Game Development,79.3555555555555556
Web Performance Optimization,77.2340425531914894
Publishing Mobile Apps,78.4693877551020408
Infrastructure as Code,78.4883720930232558
Risk Management in Projects,78.4146341463414634
Budgeting for Projects,80.8809523809523810
ITIL Foundations,81.4838709677419355
Introduction to UI/UX Design,80.2857142857142857
Python for Data Science,81.0303030303030303
Risk Management in Finance,81.2631578947368421
Speech Recognition Technologies,79.8529411764705882
User Interface Design for Mobile Apps,79.1785714285714286
Consensus Algorithms,78.9230769230769231
DevOps in the Cloud,81.5652173913043478
Time Management for Sales,81.7931034482758621
Ethics in AI,81.2954545454545455
Express.js,82.1538461538461538
Responsive Web Design,81.3714285714285714
HR Technology Tools,81.4716981132075472
Presentation Skills for Sales,80.1250000000000000
Big Data with Spark,78.1764705882352941
Visual Design Basics,79.2666666666666667
Supervised Learning,77.8095238095238095
HR Analytics,80.0882352941176471
AI for Business,80.1562500000000000
Machine Learning Basics,79.8333333333333333
Responsive Design Principles,79.9655172413793103
Computer Vision Applications,80.5416666666666667
