user_id,learning_path_id_1,learning_path_id_2,learning_path_id_3,learning_path_id_4,learning_path_id_5,learning_path_id_6,learning_path_id_7,learning_path_id_8,learning_path_id_9,learning_path_id_10,learning_path_id_11,learning_path_id_12,learning_path_id_13,learning_path_id_14,learning_path_id_15,learning_path_id_16,learning_path_id_17,learning_path_id_18,learning_path_id_19,learning_path_id_20
1,83.0,83.2,0.0,0.0,0.0,0.0,0.0,0.0,0.0,0.0,0.0,0.0,68.0,0.0,0.0,0.0,78.0,83.0,74.0,0.0
2,0.0,76.75,0.0,0.0,0.0,87.5,0.0,74.0,0.0,0.0,0.0,75.0,86.0,0.0,0.0,0.0,83.5,72.0,86.0,78.0
3,0.0,77.4,0.0,69.0,0.0,85.0,0.0,88.0,0.0,0.0,0.0,0.0,0.0,0.0,78.0,0.0,83.0,0.0,0.0,0.0
4,0.0,78.75,76.5,75.0,0.0,0.0,0.0,0.0,69.0,0.0,0.0,0.0,95.0,71.0,0.0,72.0,82.0,0.0,74.0,0.0
5,0.0,72.0,0.0,0.0,93.0,77.0,76.0,82.0,0.0,0.0,75.0,0.0,83.0,85.0,0.0,84.5,91.0,0.0,0.0,0.0
6,0.0,86.0,0.0,0.0,0.0,0.0,0.0,0.0,71.0,78.0,0.0,0.0,0.0,83.67,88.0,90.0,93.0,0.0,0.0,0.0
7,0.0,78.0,0.0,79.0,0.0,0.0,0.0,83.0,0.0,91.0,0.0,0.0,0.0,0.0,0.0,90.0,88.0,0.0,78.0,0.0
8,80.0,83.8,0.0,0.0,73.0,0.0,0.0,0.0,77.0,0.0,0.0,0.0,0.0,0.0,0.0,87.0,86.0,0.0,0.0,0.0
9,87.0,78.4,70.0,87.0,0.0,0.0,0.0,0.0,86.0,0.0,0.0,0.0,0.0,0.0,67.0,78.0,80.0,0.0,0.0,71.0
10,78.5,81.25,76.0,0.0,0.0,0.0,0.0,0.0,0.0,0.0,0.0,0.0,72.0,0.0,73.0,81.0,82.5,0.0,0.0,73.0
11,91.0,83.75,82.0,91.0,0.0,77.0,0.0,0.0,0.0,0.0,0.0,0.0,0.0,0.0,0.0,0.0,80.0,0.0,88.0,0.0
12,0.0,78.75,0.0,0.0,0.0,0.0,0.0,0.0,0.0,84.0,0.0,0.0,0.0,82.0,0.0,69.0,76.0,0.0,0.0,85.5
13,78.5,80.0,86.0,0.0,0.0,0.0,0.0,94.0,0.0,85.0,0.0,79.0,74.0,96.0,0.0,0.0,80.0,0.0,83.0,0.0
14,92.0,82.0,0.0,0.0,0.0,0.0,0.0,0.0,0.0,72.0,0.0,0.0,77.0,0.0,0.0,0.0,75.0,0.0,83.0,0.0
15,0.0,78.25,75.0,86.0,93.0,0.0,76.0,85.0,0.0,0.0,86.0,0.0,0.0,0.0,79.0,76.0,80.0,0.0,0.0,89.0
16,0.0,79.5,0.0,0.0,0.0,0.0,0.0,76.0,90.0,0.0,0.0,89.0,0.0,80.0,0.0,0.0,73.5,0.0,0.0,83.0
17,0.0,78.6,0.0,78.0,79.0,80.0,0.0,92.0,0.0,0.0,0.0,85.0,0.0,0.0,72.0,0.0,86.0,0.0,0.0,71.0
18,81.5,84.0,0.0,0.0,69.0,0.0,0.0,0.0,66.0,0.0,0.0,0.0,0.0,0.0,0.0,0.0,91.0,72.0,0.0,0.0
19,0.0,77.75,0.0,0.0,82.0,70.0,87.0,0.0,0.0,0.0,0.0,0.0,0.0,0.0,73.0,0.0,78.5,0.0,0.0,0.0
20,90.0,78.2,0.0,0.0,0.0,0.0,96.0,89.0,0.0,0.0,88.0,0.0,0.0,0.0,0.0,0.0,0.0,88.0,71.0,70.0
21,82.0,81.6,0.0,0.0,0.0,0.0,0.0,0.0,0.0,0.0,0.0,74.0,83.0,77.0,88.0,92.0,77.0,88.0,0.0,73.0
22,0.0,79.6,0.0,0.0,0.0,78.0,71.0,96.0,0.0,0.0,0.0,82.0,81.0,0.0,74.0,86.0,78.0,85.0,0.0,0.0
23,0.0,84.25,80.0,70.0,0.0,0.0,78.0,0.0,0.0,0.0,89.0,78.0,0.0,86.0,0.0,0.0,84.0,91.0,0.0,88.0
24,81.0,78.75,0.0,0.0,0.0,0.0,92.0,0.0,0.0,0.0,0.0,82.0,0.0,0.0,0.0,0.0,69.0,90.0,0.0,0.0
25,0.0,82.5,0.0,84.0,84.0,0.0,0.0,0.0,84.0,77.0,0.0,83.0,0.0,66.0,0.0,0.0,81.0,0.0,0.0,0.0
26,80.0,85.0,0.0,0.0,0.0,0.0,87.0,0.0,0.0,0.0,0.0,0.0,0.0,78.0,0.0,0.0,74.0,0.0,93.0,0.0
27,0.0,77.5,75.0,0.0,78.0,87.0,93.0,0.0,0.0,85.5,81.0,0.0,0.0,0.0,0.0,83.0,70.0,78.0,0.0,0.0
28,0.0,76.0,0.0,0.0,0.0,0.0,0.0,65.0,0.0,0.0,79.0,90.0,89.0,0.0,0.0,0.0,83.0,0.0,0.0,82.0
29,0.0,78.25,0.0,0.0,0.0,0.0,0.0,0.0,0.0,0.0,80.0,88.0,0.0,75.0,74.0,0.0,75.0,0.0,78.5,0.0
30,0.0,85.0,0.0,0.0,80.0,0.0,0.0,93.0,77.5,0.0,85.0,88.0,75.0,94.0,0.0,0.0,80.5,0.0,0.0,81.5
31,0.0,77.0,0.0,0.0,0.0,0.0,0.0,64.0,0.0,0.0,0.0,0.0,0.0,0.0,0.0,74.0,78.0,0.0,81.0,82.0
32,0.0,79.25,0.0,71.0,0.0,0.0,0.0,0.0,73.0,87.0,0.0,0.0,0.0,0.0,0.0,0.0,79.5,81.0,0.0,0.0
33,85.0,79.25,84.0,0.0,0.0,84.0,90.0,0.0,0.0,0.0,0.0,0.0,0.0,0.0,0.0,0.0,83.0,0.0,84.0,0.0
34,0.0,85.0,82.0,0.0,0.0,0.0,0.0,77.0,0.0,86.0,0.0,0.0,0.0,79.0,82.0,78.0,85.0,0.0,0.0,70.0
35,0.0,77.75,68.0,0.0,81.0,0.0,84.0,0.0,76.0,0.0,0.0,0.0,0.0,0.0,0.0,0.0,83.5,0.0,0.0,0.0
36,0.0,78.5,0.0,0.0,81.0,74.0,86.0,0.0,90.0,0.0,0.0,0.0,86.5,0.0,0.0,0.0,81.0,77.0,76.5,0.0
37,81.5,74.25,0.0,0.0,0.0,0.0,85.0,0.0,76.0,0.0,0.0,0.0,0.0,0.0,0.0,0.0,92.0,94.0,0.0,81.0
38,0.0,77.0,0.0,0.0,0.0,0.0,75.0,0.0,0.0,0.0,0.0,79.5,0.0,0.0,85.0,89.0,84.0,0.0,91.0,0.0
39,0.0,83.75,0.0,0.0,61.0,71.0,0.0,0.0,0.0,0.0,75.0,0.0,80.0,0.0,0.0,0.0,72.0,73.0,88.0,77.5
40,0.0,77.5,0.0,0.0,0.0,0.0,0.0,0.0,0.0,0.0,80.25,0.0,0.0,0.0,0.0,0.0,79.5,0.0,65.0,0.0
41,0.0,73.75,81.33,0.0,0.0,0.0,0.0,0.0,0.0,78.0,0.0,0.0,0.0,84.0,0.0,71.0,72.0,75.0,0.0,0.0
42,0.0,80.5,91.0,0.0,72.5,70.0,75.0,0.0,0.0,0.0,0.0,75.5,0.0,0.0,0.0,0.0,82.0,0.0,0.0,0.0
43,86.0,84.25,0.0,0.0,0.0,81.0,0.0,74.0,76.0,76.0,0.0,79.0,0.0,0.0,0.0,0.0,86.0,0.0,0.0,0.0
44,0.0,75.0,0.0,0.0,0.0,74.0,0.0,84.0,0.0,0.0,0.0,0.0,79.5,92.0,0.0,0.0,88.5,0.0,0.0,0.0
45,80.0,78.0,72.0,0.0,82.0,89.0,0.0,79.0,0.0,0.0,0.0,0.0,0.0,0.0,81.0,78.0,77.0,88.0,0.0,76.0
46,0.0,78.5,85.5,0.0,0.0,0.0,92.0,84.0,0.0,0.0,0.0,84.0,0.0,0.0,0.0,72.0,88.0,0.0,0.0,0.0
47,0.0,82.5,0.0,76.0,0.0,0.0,0.0,63.5,71.0,0.0,0.0,0.0,0.0,0.0,0.0,78.0,77.0,0.0,0.0,78.0
48,89.0,80.6,0.0,0.0,0.0,0.0,0.0,0.0,0.0,0.0,0.0,0.0,0.0,84.0,94.0,74.0,80.67,0.0,0.0,0.0
49,0.0,77.6,0.0,0.0,0.0,80.0,0.0,0.0,86.0,79.0,0.0,0.0,0.0,0.0,0.0,0.0,81.0,72.0,77.0,0.0
50,0.0,79.75,0.0,0.0,73.0,0.0,0.0,0.0,78.0,84.0,76.0,0.0,0.0,0.0,0.0,90.0,89.5,0.0,0.0,0.0
51,66.0,74.0,0.0,0.0,93.0,0.0,0.0,0.0,0.0,0.0,95.0,0.0,66.0,0.0,73.0,0.0,85.0,0.0,82.0,0.0
52,0.0,79.0,0.0,0.0,0.0,0.0,76.0,0.0,66.0,0.0,0.0,0.0,0.0,0.0,0.0,0.0,84.0,77.0,77.0,0.0
53,84.0,85.75,88.0,0.0,0.0,0.0,0.0,0.0,0.0,0.0,0.0,88.67,0.0,83.0,76.0,0.0,78.0,0.0,74.0,87.0
54,72.0,85.33,66.0,0.0,0.0,87.0,0.0,0.0,0.0,0.0,0.0,0.0,0.0,77.0,76.0,72.0,91.5,0.0,0.0,0.0
55,0.0,75.5,84.0,0.0,0.0,70.0,84.0,0.0,0.0,0.0,0.0,0.0,83.0,71.0,74.0,0.0,86.0,0.0,0.0,84.0
56,0.0,79.75,0.0,0.0,76.0,0.0,0.0,0.0,66.0,0.0,0.0,72.0,0.0,0.0,0.0,0.0,68.0,86.0,84.5,0.0
57,0.0,86.0,0.0,0.0,82.0,0.0,72.0,0.0,0.0,92.0,0.0,0.0,0.0,66.0,0.0,94.0,70.0,0.0,0.0,88.0
58,0.0,81.25,0.0,73.0,0.0,0.0,0.0,0.0,86.5,0.0,0.0,72.0,0.0,0.0,0.0,75.0,78.0,0.0,0.0,0.0
59,93.0,79.5,0.0,0.0,0.0,79.0,0.0,0.0,0.0,84.0,89.0,0.0,0.0,0.0,0.0,0.0,77.0,64.0,0.0,85.0
60,0.0,84.25,84.0,0.0,79.0,0.0,0.0,0.0,0.0,0.0,0.0,0.0,0.0,90.0,81.0,0.0,86.0,73.0,70.0,0.0
61,77.0,79.75,71.0,0.0,82.0,0.0,0.0,0.0,0.0,0.0,84.33,0.0,89.0,0.0,89.0,0.0,90.0,0.0,0.0,80.0
62,0.0,83.2,76.5,0.0,0.0,80.0,0.0,0.0,82.0,0.0,0.0,0.0,0.0,0.0,77.0,82.0,76.0,88.0,0.0,77.0
63,89.0,77.8,86.0,0.0,81.0,75.0,0.0,79.0,0.0,73.0,0.0,0.0,73.0,0.0,0.0,0.0,87.0,72.0,0.0,79.0
64,74.0,84.5,0.0,84.0,0.0,76.0,76.0,74.5,0.0,0.0,0.0,0.0,0.0,0.0,0.0,0.0,76.0,0.0,0.0,85.0
65,74.0,85.0,93.0,0.0,0.0,0.0,0.0,0.0,0.0,69.0,65.0,0.0,77.0,72.0,87.0,68.0,77.0,0.0,69.0,0.0
66,0.0,87.33,70.0,0.0,0.0,72.0,0.0,83.0,0.0,85.0,74.0,0.0,0.0,0.0,0.0,0.0,78.0,0.0,0.0,79.0
67,0.0,77.5,0.0,0.0,0.0,84.0,0.0,0.0,80.5,0.0,0.0,0.0,76.0,0.0,80.5,0.0,83.0,77.0,0.0,78.0
68,0.0,76.75,78.0,0.0,89.0,0.0,0.0,0.0,0.0,0.0,80.5,0.0,0.0,0.0,74.0,0.0,86.0,0.0,84.5,74.5
69,84.0,78.25,0.0,84.0,89.0,85.0,65.0,0.0,70.0,80.0,0.0,0.0,0.0,0.0,77.0,0.0,89.5,78.0,0.0,0.0
70,0.0,82.75,78.5,0.0,0.0,0.0,64.0,79.0,83.0,80.0,0.0,0.0,0.0,0.0,0.0,0.0,70.0,0.0,0.0,89.0
71,0.0,74.25,0.0,78.0,0.0,83.0,97.0,0.0,0.0,74.0,92.0,93.0,0.0,0.0,0.0,0.0,84.0,0.0,0.0,78.0
72,0.0,81.0,0.0,0.0,93.0,0.0,0.0,0.0,74.0,80.0,0.0,80.5,0.0,83.0,78.0,0.0,86.0,0.0,74.0,0.0
73,0.0,74.25,81.0,92.0,0.0,83.0,0.0,85.0,0.0,91.0,0.0,0.0,0.0,75.0,0.0,0.0,92.0,0.0,86.5,0.0
74,0.0,78.75,0.0,0.0,77.0,0.0,71.0,83.0,0.0,0.0,77.0,0.0,75.5,83.0,0.0,0.0,72.5,0.0,0.0,0.0
75,0.0,81.75,0.0,0.0,0.0,0.0,74.0,0.0,81.0,79.0,75.0,87.0,0.0,0.0,0.0,0.0,81.0,73.5,0.0,76.0
76,0.0,72.75,0.0,0.0,0.0,74.0,0.0,0.0,0.0,0.0,0.0,75.0,0.0,0.0,0.0,76.0,90.0,80.5,82.0,0.0
77,0.0,75.25,82.0,0.0,0.0,86.0,84.0,0.0,0.0,77.0,0.0,0.0,68.0,0.0,0.0,0.0,71.0,75.0,0.0,0.0
78,0.0,80.0,0.0,0.0,0.0,0.0,71.0,0.0,0.0,0.0,87.0,0.0,71.0,0.0,77.0,73.0,78.0,68.0,71.0,0.0
79,0.0,84.25,0.0,0.0,68.0,0.0,82.0,0.0,72.0,0.0,84.0,0.0,0.0,0.0,80.0,0.0,75.0,72.0,0.0,0.0
80,0.0,76.8,0.0,0.0,80.0,0.0,0.0,0.0,0.0,0.0,83.0,85.0,0.0,73.0,0.0,72.0,83.0,87.0,0.0,0.0
81,0.0,83.8,0.0,0.0,83.0,67.0,0.0,0.0,80.0,0.0,0.0,0.0,0.0,0.0,83.0,0.0,81.0,0.0,0.0,0.0
82,0.0,75.0,81.0,78.0,0.0,0.0,0.0,92.0,0.0,92.0,0.0,0.0,0.0,0.0,0.0,0.0,79.5,0.0,75.0,0.0
83,0.0,84.25,0.0,0.0,74.0,72.0,0.0,0.0,0.0,0.0,80.0,0.0,86.0,0.0,0.0,94.0,83.0,80.0,0.0,0.0
84,72.0,77.25,0.0,0.0,73.67,0.0,88.0,0.0,0.0,76.0,0.0,82.0,0.0,0.0,78.0,0.0,78.0,0.0,0.0,0.0
85,0.0,75.25,74.0,0.0,0.0,0.0,87.5,76.0,0.0,79.0,0.0,0.0,77.0,0.0,75.0,0.0,84.0,78.0,85.0,0.0
86,72.0,87.25,84.0,80.5,0.0,0.0,94.0,79.0,71.0,0.0,0.0,72.0,81.0,0.0,0.0,79.0,78.0,0.0,0.0,0.0
87,77.0,78.0,77.0,0.0,0.0,66.0,90.0,0.0,0.0,90.0,0.0,0.0,91.0,0.0,0.0,69.0,87.0,0.0,0.0,75.0
88,0.0,82.5,0.0,77.0,74.0,0.0,0.0,0.0,82.0,83.0,0.0,0.0,72.0,0.0,79.0,0.0,74.0,80.5,0.0,81.0
89,0.0,73.25,0.0,83.0,0.0,0.0,83.5,0.0,0.0,87.0,0.0,76.0,0.0,0.0,71.0,0.0,80.0,0.0,0.0,0.0
90,75.0,85.25,0.0,0.0,0.0,0.0,0.0,82.0,80.0,73.0,0.0,0.0,0.0,0.0,0.0,93.0,72.0,0.0,0.0,0.0
91,0.0,78.0,0.0,89.0,77.0,90.0,0.0,78.0,0.0,90.0,71.0,0.0,0.0,0.0,73.0,0.0,82.0,0.0,0.0,0.0
92,0.0,85.75,0.0,94.0,0.0,0.0,0.0,0.0,0.0,0.0,80.0,0.0,0.0,0.0,0.0,84.0,89.0,84.0,91.5,73.0
93,0.0,79.0,0.0,0.0,87.0,0.0,0.0,0.0,0.0,0.0,87.0,0.0,80.0,0.0,75.0,88.5,75.0,0.0,88.0,0.0
94,80.0,78.83,0.0,0.0,0.0,0.0,0.0,87.0,0.0,0.0,0.0,0.0,0.0,0.0,0.0,0.0,76.0,0.0,0.0,0.0
95,87.0,80.25,0.0,0.0,92.0,92.0,71.0,0.0,0.0,0.0,76.0,0.0,83.0,0.0,0.0,0.0,62.0,0.0,0.0,0.0
96,0.0,85.0,0.0,73.0,0.0,0.0,77.0,77.0,0.0,0.0,0.0,0.0,86.0,0.0,0.0,0.0,83.0,82.0,0.0,78.0
97,0.0,78.25,89.0,0.0,0.0,0.0,79.0,0.0,85.0,83.0,0.0,0.0,76.0,0.0,0.0,0.0,78.0,0.0,73.0,83.0
98,90.0,77.5,0.0,0.0,0.0,0.0,0.0,78.0,0.0,0.0,0.0,77.0,0.0,0.0,0.0,88.0,79.0,75.0,0.0,0.0
99,0.0,78.5,0.0,0.0,0.0,0.0,78.0,73.0,0.0,94.0,0.0,0.0,0.0,0.0,84.0,73.0,83.0,0.0,0.0,71.0
100,86.0,72.0,0.0,0.0,0.0,87.0,82.5,0.0,0.0,94.0,82.0,84.0,0.0,77.0,83.0,0.0,83.0,0.0,0.0,0.0
101,0.0,77.6,89.0,79.0,0.0,0.0,0.0,84.0,0.0,73.0,0.0,80.5,0.0,0.0,0.0,69.0,86.0,0.0,0.0,74.0
102,77.0,78.33,0.0,80.0,0.0,0.0,75.0,0.0,0.0,80.67,0.0,0.0,0.0,83.0,0.0,85.0,74.0,0.0,0.0,0.0
103,87.0,83.5,0.0,0.0,0.0,0.0,0.0,0.0,0.0,0.0,0.0,83.5,0.0,76.0,75.0,0.0,80.0,0.0,0.0,86.0
104,88.0,77.5,0.0,0.0,84.0,80.0,82.0,0.0,0.0,0.0,0.0,78.0,92.0,0.0,0.0,0.0,87.0,0.0,0.0,0.0
105,0.0,77.4,0.0,0.0,0.0,0.0,94.0,0.0,0.0,0.0,0.0,83.0,79.0,86.0,0.0,82.0,80.0,0.0,0.0,86.0
106,0.0,74.75,85.0,0.0,90.0,0.0,70.0,0.0,0.0,0.0,0.0,0.0,0.0,0.0,0.0,0.0,90.0,0.0,0.0,83.0
107,0.0,77.75,0.0,0.0,74.0,75.0,83.0,73.0,0.0,78.0,0.0,0.0,0.0,80.0,73.0,0.0,75.5,0.0,0.0,83.0
108,81.0,78.75,68.0,81.0,0.0,0.0,0.0,0.0,0.0,0.0,0.0,0.0,0.0,0.0,0.0,80.0,76.0,0.0,0.0,0.0
109,93.0,83.25,0.0,0.0,86.0,0.0,0.0,0.0,0.0,77.0,89.0,0.0,0.0,0.0,92.0,85.0,94.0,0.0,90.0,82.0
110,0.0,79.2,0.0,0.0,0.0,0.0,69.0,78.0,69.0,89.0,0.0,80.0,0.0,0.0,0.0,85.0,76.5,78.0,80.0,0.0
111,0.0,81.2,0.0,0.0,69.0,0.0,0.0,84.0,0.0,84.0,81.0,75.0,80.0,0.0,82.0,0.0,72.0,0.0,0.0,0.0
112,0.0,82.75,0.0,0.0,80.0,76.0,0.0,0.0,91.0,0.0,75.0,0.0,82.0,0.0,91.0,72.5,79.67,0.0,0.0,0.0
113,0.0,84.0,0.0,0.0,86.0,72.0,77.0,0.0,0.0,0.0,0.0,0.0,0.0,0.0,77.0,0.0,63.0,0.0,0.0,0.0
114,0.0,74.0,0.0,0.0,73.0,0.0,0.0,0.0,0.0,0.0,0.0,0.0,79.0,0.0,0.0,0.0,91.0,80.0,77.0,0.0
115,0.0,82.25,66.0,0.0,0.0,0.0,74.0,0.0,90.0,77.0,0.0,0.0,75.0,0.0,0.0,0.0,75.0,0.0,0.0,0.0
116,0.0,77.75,0.0,79.0,0.0,78.0,0.0,89.0,0.0,0.0,79.0,0.0,0.0,0.0,85.0,78.0,80.0,82.5,0.0,0.0
117,0.0,77.75,74.0,0.0,86.0,0.0,0.0,0.0,72.0,84.0,0.0,0.0,0.0,0.0,0.0,0.0,87.0,0.0,0.0,77.0
118,0.0,84.2,0.0,92.0,80.0,0.0,0.0,0.0,0.0,0.0,0.0,0.0,0.0,73.0,0.0,0.0,86.5,0.0,63.0,0.0
119,80.0,79.33,92.0,91.0,86.0,79.0,0.0,96.0,0.0,0.0,0.0,0.0,0.0,0.0,0.0,0.0,91.0,74.0,0.0,77.0
120,0.0,77.5,0.0,0.0,0.0,0.0,0.0,88.0,0.0,0.0,93.0,0.0,0.0,81.0,0.0,0.0,77.67,0.0,0.0,73.5
121,0.0,74.5,0.0,84.0,0.0,87.0,74.0,0.0,0.0,79.0,0.0,0.0,0.0,86.0,0.0,0.0,91.0,0.0,70.0,73.0
122,0.0,86.0,82.0,0.0,0.0,0.0,0.0,86.0,0.0,0.0,0.0,79.0,0.0,0.0,0.0,0.0,90.0,87.0,0.0,0.0
123,81.0,78.0,83.0,0.0,0.0,0.0,73.0,0.0,0.0,83.0,0.0,75.0,0.0,0.0,0.0,0.0,82.0,0.0,78.0,0.0
124,0.0,84.33,0.0,0.0,83.0,83.0,0.0,0.0,78.0,0.0,70.0,84.0,89.0,0.0,0.0,0.0,77.0,0.0,75.33,0.0
125,0.0,78.67,0.0,0.0,0.0,0.0,0.0,0.0,82.0,79.0,0.0,0.0,0.0,0.0,0.0,0.0,73.0,0.0,69.0,80.0
126,0.0,81.75,90.0,0.0,0.0,0.0,0.0,84.0,0.0,73.0,0.0,0.0,84.0,0.0,91.0,0.0,73.0,86.5,0.0,0.0
127,0.0,85.75,0.0,0.0,79.0,0.0,75.0,0.0,0.0,78.0,0.0,80.0,75.0,0.0,0.0,0.0,82.5,80.0,73.0,0.0
128,0.0,83.25,84.0,0.0,0.0,75.0,0.0,0.0,0.0,78.0,75.0,0.0,83.67,0.0,0.0,0.0,87.0,77.0,0.0,74.0
129,0.0,74.67,0.0,0.0,0.0,0.0,70.0,0.0,0.0,0.0,86.25,0.0,0.0,0.0,0.0,86.5,73.0,75.0,0.0,0.0
130,0.0,83.5,75.0,81.0,0.0,78.0,0.0,0.0,0.0,0.0,77.0,0.0,0.0,82.0,0.0,0.0,73.0,86.0,80.0,0.0
131,0.0,81.0,0.0,0.0,81.0,74.0,0.0,0.0,69.0,0.0,81.0,78.0,0.0,77.0,0.0,0.0,67.0,0.0,0.0,84.0
132,0.0,83.0,0.0,82.0,86.0,0.0,82.0,98.0,89.0,0.0,0.0,84.0,0.0,0.0,0.0,0.0,80.0,0.0,0.0,73.0
133,0.0,77.75,0.0,0.0,0.0,85.0,0.0,88.0,0.0,0.0,79.0,0.0,78.0,68.0,0.0,0.0,87.5,0.0,0.0,0.0
134,72.0,82.5,0.0,0.0,0.0,79.0,0.0,0.0,68.0,0.0,0.0,89.0,84.0,84.0,0.0,82.0,82.5,0.0,0.0,81.0
135,80.0,77.5,0.0,0.0,0.0,76.5,0.0,79.0,0.0,71.5,0.0,0.0,0.0,0.0,72.0,0.0,97.0,82.0,0.0,0.0
136,0.0,83.25,0.0,70.0,0.0,0.0,73.0,0.0,0.0,91.0,0.0,0.0,87.0,0.0,71.0,0.0,73.0,78.0,0.0,0.0
137,0.0,71.75,0.0,0.0,0.0,0.0,70.0,0.0,79.67,0.0,71.0,89.0,82.0,0.0,78.5,80.0,85.0,0.0,0.0,0.0
138,0.0,81.4,0.0,0.0,87.0,0.0,0.0,0.0,76.0,0.0,76.0,0.0,0.0,0.0,0.0,72.0,73.0,0.0,0.0,0.0
139,0.0,88.0,0.0,0.0,0.0,0.0,79.0,66.0,0.0,74.0,80.0,0.0,78.0,0.0,0.0,0.0,86.0,0.0,0.0,0.0
140,0.0,84.2,0.0,73.0,0.0,0.0,0.0,0.0,0.0,77.0,0.0,0.0,88.0,0.0,79.0,0.0,76.0,0.0,0.0,0.0
141,0.0,82.25,0.0,0.0,0.0,66.0,0.0,88.0,74.0,73.0,0.0,0.0,0.0,0.0,0.0,0.0,94.0,69.0,76.0,0.0
142,0.0,75.25,0.0,84.0,0.0,0.0,0.0,0.0,0.0,0.0,0.0,0.0,89.5,0.0,70.0,0.0,71.0,0.0,0.0,74.0
143,0.0,76.25,0.0,79.0,0.0,70.0,79.0,0.0,0.0,85.0,0.0,78.0,0.0,0.0,0.0,0.0,71.0,77.0,0.0,0.0
144,0.0,85.0,0.0,0.0,93.0,0.0,0.0,0.0,0.0,0.0,0.0,0.0,75.0,0.0,0.0,67.0,91.0,85.0,83.0,0.0
145,0.0,76.5,80.0,74.0,0.0,82.5,0.0,0.0,0.0,74.0,0.0,0.0,91.0,86.0,84.0,76.0,74.0,0.0,79.0,0.0
146,0.0,80.0,82.0,67.0,76.0,0.0,0.0,82.0,0.0,0.0,79.0,0.0,75.0,87.0,82.0,0.0,73.0,75.0,84.0,0.0
147,0.0,78.5,74.0,0.0,0.0,0.0,0.0,79.0,0.0,78.0,78.5,87.0,87.0,0.0,82.0,0.0,88.0,0.0,0.0,86.0
148,0.0,76.0,0.0,0.0,0.0,0.0,85.0,0.0,0.0,0.0,0.0,85.0,86.0,0.0,0.0,86.0,72.0,0.0,81.0,0.0
149,86.0,80.2,85.0,0.0,0.0,0.0,95.0,0.0,0.0,86.0,0.0,0.0,0.0,76.0,0.0,0.0,89.0,74.0,73.0,0.0
150,0.0,76.6,77.0,84.5,0.0,74.0,87.0,0.0,83.5,0.0,0.0,0.0,0.0,0.0,0.0,0.0,79.0,0.0,0.0,80.0
151,0.0,69.8,94.0,76.5,0.0,0.0,0.0,80.0,0.0,0.0,0.0,85.5,0.0,0.0,0.0,0.0,81.5,85.0,0.0,0.0
152,77.0,78.8,0.0,0.0,0.0,0.0,0.0,73.0,0.0,0.0,0.0,0.0,0.0,0.0,94.0,82.0,67.0,0.0,0.0,0.0
153,0.0,81.5,0.0,0.0,78.0,80.0,0.0,0.0,0.0,0.0,0.0,0.0,0.0,0.0,0.0,82.0,81.0,0.0,0.0,88.0
154,0.0,80.6,0.0,0.0,78.0,83.0,0.0,0.0,0.0,82.0,0.0,0.0,0.0,0.0,72.0,80.0,88.5,0.0,0.0,84.0
155,0.0,84.6,0.0,0.0,90.0,0.0,0.0,0.0,0.0,79.0,0.0,71.0,84.0,0.0,0.0,77.0,81.5,0.0,70.0,70.0
156,80.0,85.2,0.0,78.0,0.0,0.0,0.0,0.0,0.0,0.0,0.0,80.5,87.0,96.0,0.0,69.0,88.0,0.0,82.0,0.0
157,81.5,82.8,0.0,0.0,0.0,0.0,73.0,0.0,73.0,85.0,0.0,86.0,0.0,0.0,0.0,0.0,95.0,0.0,0.0,0.0
158,89.0,82.5,0.0,76.0,82.0,0.0,82.0,0.0,0.0,0.0,0.0,0.0,0.0,85.0,0.0,0.0,73.0,0.0,0.0,0.0
159,76.0,92.0,82.0,0.0,0.0,0.0,0.0,80.0,0.0,0.0,0.0,84.0,81.0,0.0,78.5,0.0,77.0,0.0,97.0,0.0
160,0.0,79.5,92.0,0.0,84.0,0.0,0.0,0.0,0.0,0.0,0.0,0.0,0.0,0.0,76.0,78.67,79.67,0.0,0.0,0.0
161,77.0,82.75,67.0,0.0,83.0,0.0,0.0,0.0,0.0,0.0,0.0,0.0,98.0,0.0,0.0,76.0,81.0,0.0,0.0,0.0
162,80.0,71.0,90.0,0.0,0.0,67.0,0.0,0.0,90.5,0.0,0.0,0.0,0.0,0.0,0.0,0.0,76.0,75.0,74.0,77.0
163,0.0,79.25,88.0,75.0,0.0,0.0,0.0,0.0,0.0,0.0,76.0,0.0,0.0,0.0,0.0,0.0,87.0,93.0,0.0,76.0
164,86.0,80.25,67.0,0.0,0.0,71.0,65.0,0.0,0.0,0.0,84.0,0.0,82.0,0.0,79.0,0.0,84.0,0.0,90.0,0.0
165,79.0,79.25,0.0,0.0,0.0,0.0,0.0,0.0,81.0,75.0,79.0,0.0,0.0,0.0,0.0,0.0,75.0,0.0,0.0,0.0
166,0.0,76.75,0.0,0.0,0.0,0.0,0.0,71.0,78.0,0.0,79.0,0.0,0.0,75.0,0.0,0.0,80.0,0.0,82.0,64.0
167,0.0,81.75,84.0,0.0,0.0,0.0,0.0,0.0,89.5,0.0,72.0,93.0,0.0,90.0,0.0,81.0,79.0,0.0,78.0,0.0
168,84.0,75.5,0.0,76.0,0.0,0.0,0.0,84.0,0.0,0.0,93.0,0.0,0.0,80.5,81.0,0.0,77.5,0.0,0.0,0.0
169,0.0,82.25,73.0,0.0,87.0,0.0,0.0,0.0,80.0,0.0,0.0,0.0,0.0,0.0,0.0,85.0,83.5,0.0,70.0,0.0
170,0.0,79.33,0.0,0.0,83.0,86.0,0.0,0.0,0.0,75.0,0.0,83.0,76.0,0.0,0.0,0.0,86.0,76.0,0.0,0.0
171,84.0,71.0,0.0,0.0,74.0,86.0,88.0,0.0,0.0,0.0,0.0,78.5,0.0,80.0,0.0,0.0,83.0,0.0,0.0,78.0
172,99.0,76.5,82.0,0.0,0.0,78.0,0.0,76.0,0.0,90.0,90.0,0.0,66.0,0.0,83.0,0.0,74.0,0.0,83.0,74.0
173,77.5,85.25,0.0,81.0,84.0,0.0,73.0,0.0,0.0,0.0,81.0,0.0,0.0,81.0,0.0,87.0,70.0,88.0,0.0,0.0
174,0.0,75.75,87.0,0.0,0.0,0.0,0.0,92.0,79.0,93.0,0.0,79.0,0.0,0.0,0.0,78.0,76.0,81.0,0.0,0.0
175,0.0,74.25,0.0,0.0,0.0,82.0,82.0,0.0,81.5,0.0,0.0,83.0,0.0,0.0,85.0,77.0,76.0,0.0,88.0,0.0
176,77.0,80.25,0.0,0.0,0.0,0.0,87.0,90.0,0.0,85.0,0.0,0.0,0.0,66.0,87.0,0.0,89.0,0.0,0.0,0.0
177,0.0,82.75,0.0,0.0,0.0,0.0,91.0,0.0,0.0,0.0,0.0,0.0,82.0,0.0,80.0,82.0,81.0,0.0,87.0,0.0
178,0.0,80.25,0.0,0.0,0.0,0.0,0.0,67.0,0.0,0.0,0.0,70.0,86.0,68.0,0.0,78.0,77.0,79.0,79.0,85.5
179,0.0,80.75,0.0,0.0,0.0,85.0,0.0,0.0,0.0,83.0,0.0,0.0,82.0,0.0,85.0,0.0,83.0,0.0,89.0,0.0
180,0.0,73.75,0.0,0.0,77.0,0.0,0.0,0.0,0.0,86.0,77.0,78.0,0.0,81.0,0.0,80.0,90.0,0.0,0.0,0.0
181,0.0,83.0,0.0,0.0,0.0,0.0,0.0,0.0,0.0,81.0,84.0,0.0,0.0,0.0,0.0,76.0,87.0,0.0,0.0,74.5
182,0.0,80.0,0.0,0.0,71.0,0.0,71.0,0.0,0.0,98.0,84.0,82.0,80.0,0.0,0.0,0.0,77.5,0.0,75.0,0.0
183,0.0,79.67,83.0,0.0,90.0,0.0,87.0,0.0,0.0,0.0,0.0,0.0,81.0,94.0,73.0,0.0,75.0,73.0,0.0,0.0
184,78.0,80.0,73.0,0.0,0.0,0.0,76.5,0.0,0.0,0.0,71.0,0.0,92.0,73.0,0.0,0.0,73.0,0.0,72.0,0.0
185,0.0,79.5,0.0,92.0,0.0,0.0,0.0,0.0,0.0,0.0,0.0,0.0,66.0,0.0,0.0,89.0,77.0,80.0,0.0,82.0
186,0.0,80.4,0.0,0.0,0.0,69.0,0.0,75.5,82.0,0.0,72.0,0.0,0.0,87.0,74.0,76.0,87.0,0.0,0.0,87.0
187,83.0,73.5,0.0,0.0,96.0,0.0,82.5,0.0,0.0,0.0,0.0,0.0,0.0,0.0,0.0,0.0,66.0,0.0,0.0,80.0
188,0.0,86.25,0.0,87.0,87.0,0.0,68.0,79.0,93.0,83.0,83.0,91.0,0.0,0.0,0.0,84.0,80.0,0.0,0.0,0.0
189,0.0,81.6,0.0,0.0,80.0,0.0,0.0,78.0,86.0,0.0,0.0,81.0,0.0,0.0,0.0,0.0,0.0,0.0,76.5,0.0
190,79.0,84.2,0.0,75.5,0.0,77.0,92.0,0.0,0.0,0.0,0.0,82.0,0.0,0.0,0.0,0.0,81.0,76.0,0.0,0.0
191,0.0,83.2,0.0,0.0,67.0,84.0,87.0,0.0,0.0,88.0,0.0,0.0,0.0,80.0,0.0,0.0,87.0,0.0,0.0,82.0
192,74.0,78.5,81.0,0.0,0.0,0.0,0.0,0.0,0.0,0.0,72.0,0.0,81.0,96.0,0.0,0.0,0.0,0.0,83.0,84.0
193,77.0,73.25,81.0,0.0,0.0,0.0,0.0,0.0,0.0,0.0,81.0,70.0,0.0,0.0,0.0,0.0,80.0,0.0,0.0,73.0
194,0.0,80.0,82.0,81.0,0.0,83.0,75.0,0.0,78.0,0.0,0.0,0.0,0.0,0.0,0.0,0.0,79.0,75.0,0.0,89.0
195,0.0,77.0,0.0,0.0,70.0,90.0,0.0,73.0,0.0,75.0,0.0,0.0,0.0,0.0,0.0,0.0,79.33,0.0,0.0,0.0
196,0.0,84.25,0.0,0.0,76.0,78.0,0.0,84.0,0.0,0.0,72.67,0.0,0.0,0.0,87.0,0.0,79.0,0.0,0.0,0.0
197,0.0,83.0,92.0,0.0,0.0,89.0,0.0,0.0,0.0,88.0,74.0,89.0,0.0,0.0,79.0,86.0,78.0,0.0,0.0,86.0
198,0.0,84.75,72.0,0.0,81.5,0.0,0.0,0.0,88.0,0.0,86.0,0.0,0.0,73.5,78.0,0.0,84.0,0.0,0.0,93.0
199,0.0,75.8,0.0,0.0,0.0,0.0,0.0,0.0,73.0,0.0,0.0,0.0,0.0,0.0,0.0,0.0,83.0,77.0,0.0,74.0
200,84.0,80.0,0.0,85.0,0.0,72.0,0.0,75.0,0.0,0.0,79.0,0.0,0.0,0.0,0.0,0.0,80.5,0.0,67.0,88.0
201,0.0,80.0,0.0,0.0,0.0,85.0,0.0,79.0,85.5,66.0,0.0,90.0,94.0,0.0,0.0,0.0,73.0,0.0,78.0,0.0
202,71.0,78.5,0.0,0.0,0.0,0.0,0.0,0.0,84.5,0.0,0.0,0.0,0.0,83.0,0.0,71.0,75.0,0.0,0.0,0.0
203,0.0,80.8,90.0,0.0,0.0,0.0,81.0,84.0,79.0,0.0,0.0,0.0,0.0,0.0,0.0,70.0,88.5,69.0,77.0,0.0
204,0.0,80.5,75.0,0.0,0.0,0.0,0.0,0.0,0.0,87.0,0.0,71.0,0.0,82.5,0.0,0.0,84.0,0.0,0.0,0.0
205,0.0,80.0,0.0,0.0,82.0,0.0,0.0,0.0,86.0,70.0,0.0,0.0,0.0,80.0,87.0,0.0,89.0,0.0,0.0,80.0
206,0.0,75.0,0.0,79.0,0.0,82.0,0.0,0.0,0.0,0.0,66.0,66.0,75.0,0.0,0.0,0.0,85.0,0.0,0.0,0.0
207,0.0,87.0,77.0,0.0,77.0,80.0,88.0,72.0,0.0,0.0,0.0,80.0,0.0,0.0,0.0,0.0,82.0,0.0,75.0,0.0
208,0.0,81.25,0.0,72.0,68.0,83.0,0.0,0.0,0.0,0.0,78.0,0.0,83.0,0.0,0.0,0.0,81.0,0.0,0.0,0.0
209,0.0,83.6,0.0,0.0,0.0,91.0,0.0,0.0,0.0,78.5,0.0,0.0,0.0,80.0,0.0,0.0,79.33,0.0,88.0,0.0
210,0.0,82.6,67.0,0.0,77.5,0.0,78.0,0.0,0.0,0.0,0.0,0.0,0.0,0.0,79.5,0.0,86.0,76.0,0.0,0.0
211,0.0,79.67,0.0,0.0,63.0,0.0,0.0,0.0,0.0,83.5,0.0,0.0,76.0,0.0,0.0,66.0,80.0,78.0,0.0,0.0
212,70.0,78.25,84.0,0.0,0.0,0.0,0.0,87.0,0.0,76.0,0.0,70.0,0.0,0.0,0.0,0.0,78.0,0.0,87.0,0.0
213,73.0,85.0,85.0,73.0,0.0,0.0,0.0,0.0,0.0,0.0,0.0,0.0,95.0,0.0,0.0,0.0,81.5,0.0,0.0,86.0
214,0.0,78.0,0.0,0.0,0.0,0.0,85.0,82.0,80.5,0.0,90.0,0.0,0.0,0.0,77.0,0.0,83.5,76.0,0.0,0.0
215,0.0,82.5,0.0,83.0,0.0,80.0,0.0,77.5,0.0,0.0,97.0,0.0,84.0,0.0,86.0,0.0,89.0,0.0,0.0,0.0
216,0.0,81.33,73.0,0.0,79.0,0.0,73.0,80.0,73.0,0.0,0.0,79.0,0.0,0.0,0.0,0.0,82.0,0.0,88.0,88.0
217,81.0,78.25,97.0,87.0,0.0,89.0,0.0,84.0,96.0,0.0,0.0,0.0,0.0,71.0,0.0,0.0,70.0,82.0,88.0,0.0
218,0.0,75.33,0.0,69.0,90.0,91.0,0.0,77.0,0.0,0.0,84.0,0.0,0.0,0.0,0.0,90.5,76.0,0.0,0.0,0.0
219,0.0,82.8,0.0,0.0,0.0,0.0,0.0,89.0,71.0,0.0,66.0,0.0,0.0,0.0,0.0,0.0,78.0,0.0,83.0,0.0
220,81.0,78.5,77.0,0.0,0.0,0.0,0.0,0.0,0.0,66.0,0.0,84.0,0.0,0.0,0.0,93.0,80.0,0.0,0.0,0.0
221,0.0,77.8,0.0,86.0,0.0,0.0,0.0,80.0,76.0,0.0,0.0,0.0,0.0,0.0,83.0,0.0,77.0,0.0,0.0,0.0
222,74.0,82.75,0.0,0.0,0.0,0.0,0.0,79.0,82.0,74.0,73.0,0.0,0.0,0.0,0.0,0.0,80.0,90.0,0.0,81.0
223,0.0,83.4,0.0,0.0,0.0,0.0,71.5,88.0,77.0,95.0,85.0,85.0,0.0,83.0,0.0,86.0,66.0,0.0,0.0,0.0
224,0.0,79.75,0.0,0.0,69.0,0.0,0.0,0.0,0.0,0.0,0.0,0.0,0.0,86.0,86.0,82.0,68.0,0.0,0.0,72.0
225,0.0,73.75,0.0,0.0,0.0,0.0,96.0,0.0,0.0,83.0,0.0,0.0,84.0,74.0,0.0,0.0,91.0,0.0,0.0,87.0
226,0.0,79.75,0.0,0.0,0.0,72.0,0.0,77.0,72.0,90.0,74.0,0.0,0.0,76.0,0.0,85.0,86.0,0.0,86.0,0.0
227,0.0,81.25,0.0,92.0,73.0,80.0,0.0,75.0,0.0,0.0,0.0,0.0,0.0,0.0,69.0,0.0,84.0,78.0,91.0,0.0
228,0.0,77.67,0.0,78.5,80.0,73.0,0.0,0.0,87.0,88.0,0.0,0.0,93.0,87.0,0.0,0.0,67.0,71.67,0.0,0.0
229,0.0,79.0,84.0,82.0,0.0,0.0,0.0,0.0,77.0,0.0,0.0,0.0,0.0,0.0,78.0,0.0,79.33,0.0,0.0,0.0
230,78.0,80.0,0.0,0.0,0.0,0.0,0.0,0.0,0.0,68.0,80.5,84.5,81.0,0.0,0.0,0.0,82.0,67.0,0.0,0.0
231,0.0,81.0,76.0,0.0,68.0,0.0,77.5,0.0,0.0,81.0,0.0,0.0,0.0,0.0,0.0,0.0,71.0,0.0,0.0,0.0
232,74.0,82.83,0.0,92.0,0.0,0.0,0.0,89.0,0.0,0.0,68.0,0.0,0.0,89.0,0.0,78.0,67.0,82.0,0.0,0.0
233,0.0,83.6,79.0,0.0,0.0,0.0,75.0,0.0,0.0,0.0,82.0,0.0,72.0,0.0,0.0,0.0,94.0,86.0,80.0,0.0
234,78.0,78.0,0.0,0.0,0.0,0.0,73.0,0.0,81.0,0.0,0.0,90.0,0.0,0.0,0.0,77.0,79.0,83.0,0.0,0.0
235,79.5,75.0,81.5,0.0,79.5,0.0,73.0,0.0,0.0,0.0,0.0,77.0,0.0,74.0,0.0,0.0,96.0,69.0,0.0,0.0
236,0.0,83.25,92.0,0.0,84.0,0.0,0.0,0.0,80.0,93.0,96.0,0.0,0.0,0.0,81.0,82.0,86.0,94.0,0.0,0.0
237,78.0,74.5,76.0,0.0,81.0,0.0,83.0,0.0,0.0,0.0,70.0,0.0,0.0,0.0,72.0,73.0,84.0,74.0,91.0,0.0
238,83.0,75.25,80.5,0.0,0.0,85.0,92.0,76.0,0.0,0.0,68.0,0.0,78.0,88.0,0.0,0.0,76.0,0.0,0.0,0.0
239,0.0,80.67,0.0,0.0,0.0,0.0,81.5,0.0,85.0,76.0,0.0,0.0,79.0,88.0,76.67,96.0,66.0,0.0,0.0,0.0
240,0.0,80.4,0.0,84.0,0.0,0.0,0.0,81.0,78.0,0.0,0.0,0.0,0.0,0.0,0.0,80.0,0.0,0.0,0.0,0.0
241,88.0,83.0,77.0,0.0,0.0,0.0,0.0,0.0,80.0,0.0,75.0,0.0,0.0,0.0,0.0,75.0,71.5,76.0,86.0,0.0
242,88.0,78.75,87.0,0.0,0.0,0.0,0.0,0.0,81.0,0.0,75.5,0.0,0.0,79.5,0.0,0.0,90.67,0.0,0.0,62.0
243,0.0,83.0,0.0,0.0,91.0,0.0,0.0,0.0,77.0,91.0,81.33,0.0,0.0,84.0,91.0,0.0,87.0,88.0,0.0,0.0
244,0.0,74.25,0.0,0.0,0.0,0.0,0.0,0.0,0.0,0.0,0.0,78.0,84.0,0.0,82.0,0.0,76.5,78.0,0.0,0.0
245,0.0,79.0,0.0,0.0,0.0,0.0,86.0,0.0,0.0,0.0,0.0,77.0,0.0,84.0,0.0,0.0,74.0,78.0,0.0,0.0
246,0.0,83.0,0.0,90.0,0.0,0.0,0.0,91.0,0.0,0.0,0.0,74.0,0.0,0.0,84.0,0.0,81.0,0.0,0.0,0.0
247,0.0,80.5,0.0,86.5,0.0,67.0,0.0,75.0,0.0,0.0,78.0,0.0,0.0,0.0,0.0,0.0,82.0,0.0,94.0,0.0
248,0.0,74.0,0.0,69.0,90.0,0.0,0.0,0.0,0.0,66.0,84.0,0.0,0.0,0.0,87.0,73.0,84.0,0.0,0.0,80.0
249,0.0,74.25,0.0,0.0,0.0,0.0,0.0,85.0,0.0,0.0,0.0,73.0,0.0,0.0,0.0,82.0,88.0,77.0,86.0,0.0
250,75.0,79.25,0.0,0.0,0.0,0.0,0.0,0.0,0.0,0.0,0.0,78.0,72.0,0.0,83.0,0.0,66.0,0.0,0.0,0.0
251,82.0,83.0,0.0,66.0,0.0,0.0,68.0,77.0,0.0,0.0,0.0,0.0,73.0,0.0,0.0,0.0,78.0,0.0,83.0,0.0
252,0.0,75.5,75.5,64.0,0.0,0.0,91.0,81.0,86.0,0.0,0.0,0.0,0.0,0.0,0.0,0.0,80.0,70.0,88.0,0.0
253,87.0,83.0,82.0,0.0,0.0,0.0,0.0,0.0,81.0,0.0,0.0,94.0,0.0,0.0,87.0,86.0,86.0,90.0,0.0,70.0
254,0.0,81.5,0.0,80.0,0.0,68.0,77.0,0.0,0.0,0.0,82.0,0.0,85.0,0.0,0.0,0.0,81.0,0.0,0.0,78.0
255,0.0,79.75,82.0,0.0,78.0,76.0,0.0,74.5,0.0,0.0,0.0,0.0,88.0,0.0,0.0,79.0,71.5,0.0,70.0,78.0
256,0.0,83.2,0.0,74.0,0.0,0.0,0.0,69.0,0.0,0.0,67.0,0.0,0.0,85.0,0.0,0.0,75.0,80.0,85.0,0.0
257,88.0,81.5,0.0,0.0,0.0,0.0,0.0,0.0,0.0,84.0,0.0,78.0,79.0,0.0,75.0,77.5,73.0,0.0,0.0,0.0
258,80.0,81.0,0.0,81.0,0.0,0.0,71.0,0.0,0.0,0.0,85.0,0.0,89.0,86.0,81.0,0.0,77.0,73.0,0.0,0.0
259,92.0,80.5,83.5,80.0,0.0,0.0,76.0,0.0,82.0,0.0,88.0,0.0,0.0,65.0,80.0,79.0,93.0,0.0,0.0,0.0
260,0.0,77.5,69.0,0.0,0.0,0.0,78.5,72.0,0.0,0.0,68.0,0.0,75.5,73.0,0.0,0.0,78.0,85.0,0.0,0.0
261,0.0,78.0,0.0,0.0,0.0,0.0,0.0,71.0,83.0,0.0,81.0,92.0,86.0,82.0,85.0,78.0,86.0,0.0,0.0,0.0
262,0.0,82.0,0.0,0.0,81.0,88.5,88.0,0.0,0.0,0.0,0.0,0.0,0.0,70.0,0.0,83.0,80.0,0.0,0.0,70.0
263,0.0,82.25,0.0,95.0,0.0,0.0,0.0,83.0,0.0,0.0,86.0,0.0,0.0,66.0,0.0,0.0,77.5,0.0,0.0,0.0
264,0.0,80.5,73.0,0.0,0.0,0.0,0.0,72.0,0.0,0.0,80.0,0.0,0.0,0.0,81.5,0.0,75.0,0.0,0.0,0.0
265,0.0,74.17,83.0,0.0,74.0,0.0,76.0,74.0,92.0,76.5,0.0,0.0,0.0,0.0,0.0,0.0,95.0,0.0,0.0,0.0
266,0.0,75.25,84.0,84.0,0.0,74.0,0.0,71.0,0.0,79.0,0.0,68.0,0.0,0.0,0.0,0.0,79.0,0.0,83.0,92.0
267,89.0,79.25,0.0,0.0,0.0,0.0,0.0,70.0,79.0,0.0,0.0,0.0,0.0,0.0,0.0,0.0,81.0,0.0,84.0,83.0
268,89.0,80.0,0.0,71.0,0.0,0.0,0.0,0.0,0.0,74.0,0.0,0.0,90.0,0.0,0.0,0.0,86.5,84.0,89.0,0.0
269,80.0,80.0,86.0,0.0,0.0,0.0,81.0,0.0,0.0,0.0,75.0,0.0,0.0,82.0,0.0,0.0,85.0,0.0,72.0,87.0
270,0.0,77.0,74.5,0.0,0.0,0.0,77.0,87.0,75.5,0.0,0.0,0.0,0.0,0.0,85.0,0.0,85.0,0.0,0.0,80.5
271,0.0,76.75,89.0,0.0,0.0,81.0,68.0,0.0,85.0,0.0,0.0,78.0,0.0,0.0,0.0,82.0,80.0,0.0,0.0,93.0
272,95.0,79.67,0.0,0.0,81.0,0.0,0.0,86.0,92.0,0.0,0.0,89.0,96.0,0.0,0.0,79.0,94.0,0.0,0.0,0.0
273,0.0,80.0,83.0,0.0,87.0,0.0,75.0,84.0,96.0,0.0,0.0,0.0,86.0,0.0,0.0,0.0,77.0,0.0,0.0,79.0
274,91.0,78.5,0.0,0.0,91.0,78.0,0.0,84.5,0.0,72.0,69.0,0.0,69.0,0.0,0.0,0.0,81.0,0.0,73.0,0.0
275,0.0,84.0,87.0,79.5,77.0,0.0,0.0,82.0,73.0,0.0,68.0,0.0,0.0,80.0,0.0,87.0,73.0,0.0,0.0,0.0
276,75.0,84.25,0.0,87.0,0.0,96.0,0.0,0.0,0.0,0.0,0.0,0.0,81.0,0.0,79.0,0.0,75.0,0.0,74.0,0.0
277,0.0,85.5,0.0,0.0,0.0,75.0,0.0,71.0,70.0,80.0,0.0,84.0,0.0,84.0,0.0,0.0,67.0,77.0,0.0,0.0
278,90.0,78.5,0.0,0.0,95.0,0.0,0.0,0.0,82.5,84.0,0.0,0.0,82.0,0.0,0.0,0.0,87.0,0.0,0.0,85.33
279,74.0,81.75,0.0,0.0,0.0,67.0,92.0,90.0,69.0,93.0,0.0,0.0,0.0,0.0,0.0,0.0,87.5,85.5,0.0,0.0
280,84.0,78.75,0.0,84.0,0.0,0.0,0.0,0.0,0.0,0.0,78.0,96.0,0.0,0.0,74.0,0.0,85.0,93.0,0.0,88.0
281,0.0,83.75,0.0,85.0,0.0,0.0,0.0,0.0,88.0,91.0,69.0,0.0,0.0,0.0,73.0,0.0,72.33,0.0,77.0,0.0
282,0.0,85.5,0.0,0.0,0.0,0.0,0.0,0.0,0.0,89.0,0.0,0.0,0.0,74.5,76.0,0.0,90.5,78.0,0.0,0.0
283,0.0,83.2,0.0,0.0,0.0,71.0,0.0,0.0,77.0,77.5,0.0,0.0,81.0,0.0,91.0,0.0,72.0,90.0,0.0,0.0
284,81.0,86.25,0.0,0.0,79.5,0.0,86.0,0.0,84.0,0.0,0.0,70.5,69.0,93.0,87.0,0.0,88.0,0.0,0.0,0.0
285,78.0,79.0,0.0,0.0,0.0,0.0,0.0,78.0,0.0,0.0,72.0,0.0,0.0,0.0,0.0,0.0,89.0,80.0,0.0,69.0
286,0.0,80.8,0.0,76.0,0.0,80.0,72.0,0.0,0.0,0.0,78.0,81.0,83.0,0.0,0.0,0.0,84.0,0.0,80.33,0.0
287,0.0,74.0,78.0,0.0,0.0,0.0,78.0,74.0,0.0,0.0,0.0,0.0,64.0,0.0,80.0,0.0,78.0,82.0,0.0,86.0
288,72.0,75.0,71.0,72.0,80.0,0.0,75.0,0.0,0.0,0.0,0.0,0.0,0.0,0.0,0.0,72.0,75.0,77.0,81.0,0.0
289,0.0,85.0,76.0,0.0,0.0,76.67,0.0,0.0,76.0,0.0,0.0,82.0,80.0,0.0,0.0,0.0,80.5,0.0,82.0,0.0
290,0.0,75.25,0.0,0.0,85.0,0.0,0.0,76.0,76.0,74.0,77.0,84.0,0.0,0.0,0.0,0.0,81.0,82.5,0.0,0.0
291,0.0,82.75,96.0,78.0,89.0,0.0,0.0,0.0,0.0,0.0,0.0,70.0,0.0,64.0,0.0,0.0,73.0,84.0,0.0,0.0
292,80.5,82.25,0.0,77.0,83.0,0.0,0.0,76.0,0.0,0.0,0.0,0.0,0.0,0.0,82.0,0.0,76.0,0.0,85.0,0.0
293,92.0,80.6,0.0,0.0,81.0,87.0,79.5,0.0,0.0,65.0,0.0,0.0,0.0,0.0,0.0,0.0,82.0,0.0,0.0,81.0
294,0.0,78.25,0.0,0.0,74.0,0.0,86.0,85.0,0.0,0.0,78.0,91.0,89.0,89.0,94.0,87.0,72.0,0.0,0.0,0.0
295,0.0,84.75,0.0,0.0,84.5,81.0,0.0,0.0,93.0,0.0,0.0,85.0,0.0,79.0,0.0,0.0,89.0,78.0,0.0,69.0
296,0.0,80.25,75.5,0.0,0.0,80.5,0.0,0.0,0.0,0.0,0.0,0.0,83.0,0.0,0.0,0.0,87.0,79.0,0.0,0.0
297,0.0,87.75,0.0,91.0,81.0,0.0,0.0,0.0,0.0,86.0,0.0,0.0,76.0,81.0,88.0,78.0,76.0,80.0,75.0,0.0
298,67.0,79.0,0.0,0.0,0.0,0.0,0.0,0.0,0.0,0.0,0.0,0.0,80.0,0.0,0.0,71.0,86.0,76.5,0.0,0.0
299,85.0,77.25,81.0,85.0,0.0,68.0,70.0,0.0,82.0,0.0,81.0,0.0,0.0,0.0,0.0,0.0,78.0,0.0,0.0,0.0
300,0.0,77.8,0.0,0.0,0.0,0.0,81.0,0.0,0.0,0.0,77.0,0.0,0.0,0.0,78.0,82.0,79.5,0.0,0.0,0.0
301,0.0,80.8,0.0,68.0,0.0,0.0,0.0,74.0,0.0,0.0,0.0,0.0,0.0,0.0,0.0,0.0,95.0,83.0,85.0,0.0
302,0.0,80.5,0.0,0.0,78.0,0.0,70.0,0.0,0.0,0.0,0.0,77.5,88.0,0.0,89.5,0.0,79.0,0.0,0.0,0.0
303,0.0,80.5,0.0,74.0,0.0,0.0,0.0,0.0,0.0,0.0,89.0,0.0,0.0,0.0,0.0,86.0,94.0,95.0,78.0,0.0
304,0.0,78.0,86.0,77.0,77.0,0.0,0.0,0.0,79.0,0.0,0.0,0.0,0.0,79.5,0.0,0.0,75.0,91.5,0.0,0.0
305,0.0,83.2,0.0,0.0,79.0,83.0,86.0,94.0,0.0,83.0,0.0,0.0,70.0,0.0,70.0,0.0,79.0,0.0,0.0,0.0
306,0.0,83.0,0.0,0.0,89.0,0.0,0.0,69.0,0.0,76.0,86.0,75.0,0.0,0.0,0.0,0.0,92.0,0.0,71.5,0.0
307,0.0,75.8,74.0,87.0,0.0,0.0,0.0,0.0,0.0,0.0,77.0,0.0,83.0,0.0,0.0,0.0,75.0,0.0,0.0,0.0
308,0.0,84.2,86.0,0.0,0.0,0.0,0.0,71.33,0.0,0.0,74.0,0.0,0.0,77.0,0.0,0.0,92.0,0.0,76.0,85.0
309,85.0,89.6,0.0,0.0,0.0,74.33,83.0,0.0,83.0,0.0,0.0,0.0,67.0,0.0,0.0,0.0,75.0,0.0,0.0,78.0
310,84.0,75.4,0.0,0.0,0.0,85.0,0.0,0.0,0.0,0.0,0.0,0.0,85.0,0.0,0.0,89.0,84.0,0.0,0.0,0.0
311,76.0,80.75,0.0,78.0,0.0,0.0,0.0,0.0,0.0,0.0,0.0,83.0,82.0,0.0,0.0,0.0,92.0,0.0,0.0,89.0
312,0.0,81.5,0.0,0.0,74.0,80.5,0.0,0.0,0.0,0.0,0.0,0.0,82.5,0.0,0.0,77.0,85.0,0.0,95.0,82.0
313,0.0,79.75,81.0,70.0,0.0,68.0,0.0,0.0,87.0,78.0,0.0,0.0,0.0,79.0,0.0,0.0,67.0,83.0,0.0,0.0
314,0.0,85.6,0.0,93.0,0.0,0.0,0.0,65.0,0.0,71.0,90.0,0.0,0.0,0.0,0.0,0.0,77.5,0.0,0.0,0.0
315,82.0,79.6,0.0,0.0,0.0,77.0,0.0,0.0,0.0,66.0,93.0,0.0,0.0,0.0,0.0,0.0,73.5,87.0,93.0,91.0
316,0.0,77.25,0.0,0.0,0.0,81.0,0.0,71.0,0.0,0.0,0.0,76.5,0.0,0.0,0.0,0.0,74.0,0.0,0.0,0.0
317,0.0,81.0,82.0,0.0,0.0,82.0,80.0,0.0,0.0,0.0,66.0,0.0,77.0,0.0,86.0,0.0,86.0,92.0,0.0,81.0
318,65.0,83.33,0.0,80.5,74.0,65.0,0.0,0.0,0.0,0.0,0.0,0.0,0.0,76.0,0.0,0.0,89.5,0.0,72.0,0.0
319,0.0,74.33,0.0,84.0,0.0,0.0,0.0,0.0,0.0,88.0,0.0,0.0,0.0,86.5,88.0,87.0,77.0,82.0,0.0,0.0
320,88.0,78.5,0.0,79.0,0.0,0.0,0.0,0.0,0.0,0.0,0.0,0.0,76.0,80.0,0.0,0.0,71.0,0.0,0.0,0.0
321,0.0,76.6,0.0,0.0,0.0,0.0,0.0,0.0,0.0,0.0,84.0,0.0,73.0,0.0,0.0,0.0,77.0,0.0,72.0,85.5
322,0.0,74.67,0.0,84.5,0.0,0.0,80.0,0.0,83.0,0.0,83.0,78.0,0.0,80.0,0.0,0.0,79.0,78.0,0.0,0.0
323,0.0,80.8,0.0,0.0,0.0,0.0,0.0,0.0,0.0,0.0,80.0,0.0,77.0,0.0,0.0,0.0,92.0,81.0,89.0,0.0
324,0.0,81.25,0.0,78.0,0.0,87.0,0.0,76.5,80.0,0.0,0.0,84.0,82.0,0.0,0.0,70.0,76.0,0.0,91.0,0.0
325,75.0,80.5,0.0,0.0,0.0,84.5,0.0,0.0,80.0,0.0,0.0,0.0,0.0,92.0,0.0,0.0,76.0,0.0,75.0,81.0
326,0.0,79.0,71.0,0.0,0.0,0.0,0.0,88.5,83.0,0.0,0.0,78.0,0.0,0.0,85.0,78.0,87.0,0.0,0.0,0.0
327,80.33,84.6,0.0,0.0,0.0,0.0,0.0,0.0,75.0,0.0,0.0,0.0,0.0,88.5,0.0,82.0,86.0,0.0,83.0,0.0
328,80.0,86.25,0.0,0.0,0.0,0.0,0.0,0.0,0.0,74.5,0.0,0.0,0.0,0.0,86.0,0.0,80.0,83.0,0.0,84.0
329,74.0,80.0,71.0,0.0,0.0,0.0,0.0,80.0,0.0,0.0,88.0,0.0,0.0,83.0,79.0,0.0,85.0,76.0,72.0,0.0
330,0.0,80.75,90.0,0.0,0.0,81.0,0.0,0.0,94.5,0.0,0.0,0.0,0.0,69.0,72.0,0.0,81.0,0.0,66.0,0.0
331,0.0,80.0,78.0,0.0,0.0,80.0,0.0,75.5,0.0,0.0,0.0,0.0,0.0,0.0,0.0,0.0,82.0,80.0,0.0,79.0
332,0.0,74.75,0.0,69.0,0.0,86.0,77.0,0.0,0.0,0.0,0.0,0.0,0.0,0.0,79.5,0.0,70.0,0.0,0.0,0.0
333,99.0,80.0,0.0,84.0,0.0,0.0,0.0,0.0,0.0,83.0,83.0,0.0,0.0,0.0,93.0,81.0,77.0,0.0,83.0,0.0
334,91.0,77.8,0.0,75.0,0.0,0.0,0.0,81.5,0.0,0.0,0.0,0.0,0.0,90.0,70.0,83.0,79.0,82.0,0.0,0.0
335,84.5,84.75,88.0,76.0,76.0,0.0,0.0,0.0,0.0,0.0,82.0,0.0,79.0,0.0,0.0,80.0,74.0,0.0,0.0,0.0
336,0.0,77.75,78.0,0.0,0.0,0.0,0.0,0.0,70.0,76.0,0.0,0.0,82.0,0.0,0.0,0.0,86.0,82.0,0.0,80.5
337,84.0,77.75,0.0,0.0,81.0,0.0,0.0,69.0,0.0,0.0,0.0,72.0,0.0,0.0,0.0,86.0,83.0,0.0,0.0,0.0
338,0.0,76.5,69.0,87.0,87.0,0.0,77.0,86.0,0.0,82.0,69.0,80.0,0.0,0.0,0.0,0.0,95.0,0.0,0.0,0.0
339,0.0,82.75,75.0,0.0,71.0,73.0,79.67,0.0,86.0,0.0,0.0,71.0,0.0,0.0,0.0,76.0,84.0,0.0,0.0,0.0
340,0.0,78.75,92.0,0.0,0.0,0.0,0.0,79.0,74.0,0.0,0.0,69.0,0.0,76.0,0.0,0.0,75.0,0.0,0.0,0.0
341,90.0,78.25,0.0,92.0,0.0,77.0,0.0,0.0,62.0,79.0,0.0,0.0,85.0,80.0,85.0,82.0,69.0,80.0,0.0,0.0
342,0.0,79.5,0.0,80.0,0.0,0.0,0.0,0.0,79.0,0.0,68.0,0.0,87.0,67.0,0.0,78.5,82.0,0.0,87.0,0.0
343,72.0,79.0,0.0,83.0,0.0,0.0,0.0,73.0,0.0,0.0,0.0,0.0,0.0,83.0,66.0,91.0,94.0,0.0,0.0,75.0
344,0.0,79.0,0.0,0.0,88.0,0.0,0.0,74.0,0.0,0.0,89.0,0.0,89.0,0.0,0.0,83.0,78.0,0.0,77.0,0.0
345,0.0,74.5,0.0,0.0,0.0,0.0,0.0,78.0,0.0,0.0,70.0,0.0,85.5,0.0,0.0,0.0,74.5,88.0,0.0,0.0
346,82.0,72.75,0.0,0.0,79.0,0.0,0.0,0.0,0.0,0.0,0.0,82.0,0.0,0.0,82.0,0.0,88.0,76.0,0.0,0.0
347,0.0,86.5,80.0,79.0,0.0,78.0,0.0,0.0,0.0,86.5,0.0,0.0,0.0,77.0,0.0,87.5,82.0,0.0,78.0,93.0
348,0.0,80.75,0.0,88.0,0.0,0.0,77.0,0.0,0.0,0.0,80.0,84.0,79.0,0.0,0.0,84.0,79.0,0.0,0.0,0.0
349,0.0,80.75,78.0,0.0,83.0,0.0,85.0,0.0,0.0,0.0,0.0,0.0,73.0,0.0,0.0,83.0,86.0,0.0,0.0,0.0
350,0.0,78.75,0.0,94.0,0.0,0.0,83.0,0.0,0.0,0.0,0.0,77.33,0.0,87.0,86.0,83.0,68.0,0.0,81.0,0.0
351,68.0,79.0,0.0,79.0,0.0,0.0,0.0,82.0,0.0,0.0,68.0,0.0,0.0,72.0,67.0,0.0,78.0,0.0,0.0,0.0
352,80.5,76.6,0.0,0.0,0.0,0.0,84.5,83.5,0.0,0.0,0.0,79.5,0.0,80.0,0.0,0.0,81.0,0.0,0.0,0.0
353,0.0,88.5,75.0,0.0,0.0,0.0,70.0,0.0,80.0,0.0,75.0,0.0,0.0,0.0,0.0,0.0,89.0,73.0,0.0,89.0
354,0.0,81.0,76.0,0.0,0.0,78.0,0.0,0.0,0.0,0.0,0.0,0.0,77.0,85.0,85.0,0.0,85.0,78.0,0.0,98.0
355,86.0,85.0,89.0,0.0,0.0,0.0,0.0,0.0,75.0,0.0,90.0,89.0,78.0,0.0,0.0,0.0,76.0,0.0,0.0,0.0
356,74.0,84.0,0.0,0.0,0.0,0.0,0.0,0.0,92.0,0.0,0.0,0.0,0.0,0.0,0.0,0.0,73.0,0.0,81.33,0.0
357,0.0,82.75,82.0,0.0,83.0,0.0,0.0,0.0,0.0,82.0,0.0,0.0,91.0,0.0,76.0,0.0,92.0,0.0,81.0,0.0
358,0.0,78.75,77.0,0.0,86.0,73.0,0.0,0.0,0.0,0.0,0.0,89.0,0.0,0.0,0.0,0.0,83.0,83.0,0.0,0.0
359,0.0,81.67,71.0,0.0,84.33,0.0,0.0,80.67,0.0,0.0,0.0,0.0,83.0,0.0,73.0,0.0,77.0,0.0,0.0,0.0
360,0.0,76.0,69.0,0.0,75.0,88.0,82.0,0.0,77.0,92.0,0.0,0.0,0.0,73.0,0.0,0.0,80.0,0.0,0.0,86.0
361,0.0,75.2,98.0,0.0,0.0,0.0,0.0,0.0,76.0,0.0,0.0,0.0,0.0,0.0,0.0,78.0,90.0,0.0,0.0,76.0
362,80.0,80.75,0.0,0.0,0.0,0.0,0.0,87.0,0.0,0.0,85.0,85.0,0.0,0.0,0.0,75.0,95.0,0.0,0.0,0.0
363,77.0,82.67,85.0,90.0,0.0,86.0,88.0,0.0,0.0,81.0,0.0,0.0,64.0,0.0,0.0,0.0,80.5,77.5,0.0,0.0
364,0.0,73.67,0.0,0.0,85.0,0.0,97.0,0.0,0.0,0.0,79.0,81.0,0.0,0.0,0.0,0.0,74.0,78.0,0.0,0.0
365,0.0,77.75,0.0,0.0,0.0,69.0,83.0,81.5,0.0,0.0,91.0,0.0,78.0,0.0,0.0,0.0,90.0,84.0,0.0,0.0
366,92.0,71.75,0.0,74.0,75.0,0.0,0.0,0.0,0.0,0.0,0.0,77.0,0.0,0.0,0.0,0.0,88.5,0.0,95.0,0.0
367,80.0,85.67,73.0,0.0,0.0,0.0,78.0,0.0,85.0,0.0,0.0,75.0,76.0,0.0,0.0,0.0,88.0,0.0,80.0,79.0
368,0.0,84.75,0.0,71.33,0.0,0.0,0.0,0.0,76.0,73.5,0.0,0.0,0.0,0.0,0.0,80.5,87.0,0.0,83.0,0.0
369,78.0,84.25,0.0,0.0,76.0,0.0,85.0,0.0,0.0,0.0,76.0,0.0,0.0,0.0,0.0,76.0,78.0,0.0,0.0,0.0
370,81.0,83.0,0.0,0.0,0.0,0.0,80.0,0.0,0.0,81.0,0.0,0.0,84.0,95.0,77.0,0.0,73.0,0.0,0.0,0.0
371,73.0,79.75,0.0,0.0,78.0,0.0,0.0,0.0,87.0,94.0,94.0,75.0,0.0,0.0,0.0,80.0,71.0,79.0,0.0,82.0
372,0.0,81.75,0.0,0.0,0.0,77.5,0.0,0.0,0.0,0.0,0.0,0.0,90.0,0.0,80.0,0.0,78.5,0.0,0.0,0.0
373,0.0,79.0,0.0,81.0,0.0,0.0,79.0,0.0,0.0,73.0,74.0,71.0,0.0,0.0,0.0,0.0,78.5,0.0,0.0,0.0
374,82.0,80.25,0.0,0.0,95.0,0.0,74.0,0.0,0.0,86.0,0.0,0.0,80.0,0.0,0.0,0.0,69.0,0.0,0.0,0.0
375,0.0,78.5,70.0,0.0,0.0,64.0,0.0,68.0,0.0,84.0,0.0,0.0,81.0,75.5,0.0,73.0,74.0,78.0,0.0,0.0
376,82.0,89.2,0.0,0.0,86.0,79.0,0.0,0.0,0.0,0.0,68.0,0.0,80.0,0.0,0.0,0.0,78.0,0.0,0.0,92.0
377,0.0,90.5,0.0,74.0,0.0,0.0,0.0,72.0,70.0,0.0,0.0,0.0,84.0,71.0,0.0,92.0,76.0,77.0,0.0,90.0
378,0.0,81.2,0.0,74.0,71.0,0.0,75.0,0.0,0.0,67.0,0.0,0.0,0.0,0.0,0.0,0.0,84.0,0.0,0.0,0.0
379,0.0,73.5,0.0,85.0,80.0,0.0,0.0,68.0,0.0,0.0,0.0,0.0,81.0,0.0,0.0,78.0,78.0,72.0,0.0,0.0
380,83.0,80.5,0.0,0.0,0.0,0.0,91.0,0.0,66.0,79.0,0.0,0.0,0.0,77.0,86.0,83.0,86.0,74.0,75.0,0.0
381,0.0,79.4,0.0,0.0,0.0,0.0,0.0,90.0,67.0,74.0,0.0,0.0,85.0,0.0,80.0,0.0,69.0,76.0,0.0,0.0
382,74.0,79.75,78.5,0.0,0.0,0.0,0.0,0.0,0.0,93.0,79.0,84.0,0.0,75.0,86.0,0.0,79.0,0.0,86.0,0.0
383,0.0,76.4,0.0,83.0,82.5,0.0,0.0,0.0,81.0,0.0,0.0,83.5,0.0,0.0,0.0,0.0,82.0,0.0,77.0,0.0
384,74.5,78.25,81.0,0.0,0.0,0.0,0.0,0.0,0.0,80.0,88.0,0.0,81.0,0.0,0.0,0.0,84.5,0.0,0.0,0.0
385,0.0,80.0,84.0,0.0,0.0,67.0,0.0,87.0,0.0,0.0,70.0,0.0,0.0,0.0,81.5,0.0,86.0,0.0,84.0,0.0
386,0.0,77.0,83.0,82.0,0.0,0.0,0.0,0.0,0.0,0.0,67.0,0.0,81.0,88.0,0.0,0.0,85.5,85.0,0.0,0.0
387,0.0,76.75,74.0,82.0,0.0,0.0,0.0,0.0,0.0,78.0,0.0,76.0,0.0,0.0,0.0,0.0,77.0,0.0,0.0,82.5
388,0.0,78.6,0.0,0.0,0.0,0.0,0.0,0.0,0.0,0.0,0.0,0.0,0.0,88.0,0.0,86.0,63.0,72.0,93.0,0.0
389,74.0,83.75,0.0,0.0,0.0,77.0,0.0,0.0,63.0,0.0,0.0,83.33,0.0,0.0,0.0,0.0,89.0,0.0,83.0,0.0
390,65.0,84.25,0.0,0.0,0.0,0.0,72.0,85.0,0.0,0.0,0.0,79.0,76.0,0.0,0.0,77.0,96.0,85.0,0.0,0.0
391,0.0,85.25,0.0,0.0,0.0,0.0,0.0,0.0,0.0,83.0,0.0,0.0,79.0,0.0,0.0,83.0,74.0,79.0,79.0,0.0
392,0.0,76.5,76.0,0.0,0.0,0.0,0.0,0.0,84.0,0.0,76.0,76.0,0.0,0.0,0.0,73.0,71.0,0.0,0.0,0.0
393,0.0,77.5,73.0,0.0,81.0,0.0,86.0,0.0,0.0,0.0,0.0,77.0,86.5,76.0,0.0,0.0,80.0,0.0,73.0,0.0
394,0.0,84.4,0.0,91.0,0.0,75.0,76.0,80.0,0.0,0.0,0.0,0.0,0.0,0.0,91.5,85.5,85.0,0.0,0.0,0.0
395,0.0,80.0,0.0,0.0,67.0,76.0,0.0,0.0,0.0,0.0,0.0,0.0,0.0,0.0,0.0,80.5,67.0,0.0,79.0,0.0
396,0.0,81.4,0.0,0.0,81.0,0.0,0.0,0.0,0.0,0.0,85.0,91.0,82.0,85.0,0.0,81.0,72.0,75.0,0.0,71.0
397,0.0,77.25,77.0,0.0,0.0,0.0,83.0,0.0,0.0,90.0,69.0,67.0,74.0,84.5,0.0,0.0,85.0,0.0,87.0,0.0
398,0.0,73.75,0.0,0.0,74.0,90.0,0.0,0.0,0.0,0.0,79.5,82.0,0.0,0.0,0.0,0.0,81.0,0.0,87.0,0.0
399,0.0,77.0,0.0,0.0,66.0,75.0,0.0,0.0,0.0,84.5,0.0,0.0,0.0,0.0,0.0,89.5,87.5,0.0,0.0,0.0
400,0.0,77.0,0.0,0.0,81.0,79.0,78.0,71.0,0.0,0.0,79.0,80.0,76.0,0.0,87.0,0.0,89.5,70.0,0.0,83.0
401,0.0,80.8,0.0,0.0,0.0,84.0,0.0,90.0,0.0,0.0,0.0,83.0,79.0,84.0,0.0,0.0,88.0,0.0,85.5,0.0
402,62.0,81.5,0.0,0.0,0.0,0.0,79.0,0.0,86.0,0.0,0.0,78.5,0.0,0.0,0.0,0.0,71.0,0.0,0.0,0.0
403,0.0,80.25,78.0,0.0,85.0,71.0,0.0,78.0,0.0,66.0,0.0,0.0,65.0,0.0,0.0,0.0,73.5,0.0,0.0,79.0
404,0.0,82.75,80.0,80.0,0.0,0.0,0.0,0.0,0.0,0.0,0.0,0.0,0.0,0.0,80.0,0.0,87.0,0.0,74.0,68.0
405,0.0,77.25,0.0,89.0,0.0,67.0,74.0,81.0,0.0,0.0,84.0,0.0,0.0,0.0,0.0,85.0,86.5,81.0,0.0,68.0
406,0.0,82.75,0.0,0.0,0.0,70.0,0.0,80.0,0.0,88.0,0.0,72.0,0.0,0.0,78.0,0.0,71.0,92.0,72.0,82.0
407,0.0,84.0,0.0,0.0,0.0,0.0,81.33,72.0,0.0,66.0,0.0,0.0,0.0,0.0,82.0,0.0,79.5,81.0,0.0,79.0
408,0.0,84.25,69.0,82.0,0.0,0.0,0.0,77.0,0.0,73.0,0.0,76.0,0.0,0.0,0.0,0.0,79.0,0.0,0.0,0.0
409,0.0,77.0,0.0,82.0,0.0,0.0,0.0,87.0,0.0,0.0,79.0,76.0,76.0,0.0,0.0,0.0,78.0,76.0,0.0,0.0
410,0.0,86.25,68.0,79.0,0.0,92.0,72.5,83.0,78.0,0.0,0.0,81.0,0.0,0.0,0.0,0.0,90.0,73.0,0.0,79.0
411,0.0,80.4,0.0,0.0,0.0,0.0,86.0,0.0,0.0,0.0,81.0,0.0,85.0,91.0,0.0,0.0,86.0,0.0,82.0,0.0
412,0.0,82.25,86.0,0.0,0.0,80.0,0.0,0.0,75.0,0.0,73.0,0.0,0.0,78.0,75.0,0.0,68.0,87.0,0.0,79.0
413,0.0,77.75,0.0,79.0,77.0,0.0,0.0,67.0,0.0,0.0,0.0,79.5,0.0,0.0,77.0,0.0,82.0,80.0,0.0,88.0
414,78.0,78.75,0.0,0.0,0.0,0.0,0.0,0.0,73.0,0.0,76.0,80.0,77.0,0.0,0.0,75.0,71.0,71.0,0.0,81.0
415,82.0,77.25,0.0,79.0,0.0,0.0,0.0,0.0,0.0,84.0,0.0,0.0,74.0,0.0,91.0,0.0,72.0,65.0,0.0,0.0
416,82.0,78.25,0.0,69.0,85.0,0.0,0.0,85.0,0.0,75.0,77.0,0.0,0.0,0.0,0.0,78.0,78.0,0.0,88.0,0.0
417,0.0,77.8,83.0,0.0,0.0,0.0,80.0,90.0,93.0,0.0,81.0,88.0,0.0,0.0,0.0,80.0,93.0,0.0,97.0,0.0
418,0.0,72.0,0.0,0.0,0.0,92.0,72.0,0.0,82.0,86.0,79.5,0.0,0.0,85.0,89.0,0.0,85.0,0.0,0.0,0.0
419,79.0,84.0,78.0,83.0,0.0,88.0,0.0,0.0,0.0,87.0,0.0,0.0,72.0,70.0,0.0,0.0,84.0,0.0,0.0,0.0
420,87.0,79.5,71.0,0.0,89.0,0.0,0.0,0.0,83.0,0.0,0.0,0.0,0.0,0.0,82.5,80.0,75.0,0.0,0.0,0.0
421,0.0,79.75,73.0,0.0,0.0,74.0,0.0,0.0,0.0,0.0,0.0,76.0,65.0,0.0,84.0,0.0,84.0,84.0,0.0,85.0
422,0.0,81.75,0.0,72.0,0.0,88.0,0.0,83.0,0.0,0.0,0.0,0.0,0.0,92.0,76.0,74.0,81.0,79.0,0.0,0.0
423,0.0,71.75,0.0,0.0,0.0,0.0,0.0,0.0,81.5,0.0,0.0,87.0,0.0,0.0,87.0,73.0,77.0,70.0,85.0,0.0
424,0.0,82.5,72.0,0.0,92.0,0.0,83.0,0.0,0.0,81.0,0.0,0.0,80.0,0.0,0.0,0.0,72.0,83.0,0.0,85.0
425,73.0,81.5,0.0,0.0,76.0,75.0,0.0,0.0,0.0,0.0,74.0,0.0,73.0,0.0,0.0,0.0,92.0,0.0,0.0,0.0
426,0.0,82.4,0.0,92.0,0.0,85.0,0.0,0.0,82.0,0.0,72.0,99.0,0.0,0.0,0.0,80.0,82.0,0.0,76.0,0.0
427,0.0,78.75,0.0,0.0,0.0,0.0,0.0,81.5,0.0,0.0,0.0,0.0,0.0,81.0,77.0,82.0,81.0,0.0,84.0,0.0
428,75.0,76.0,0.0,76.0,0.0,0.0,0.0,84.0,0.0,0.0,77.5,0.0,76.0,0.0,82.0,83.0,60.0,0.0,77.0,81.0
429,0.0,78.75,91.0,0.0,0.0,78.0,0.0,0.0,0.0,74.0,0.0,0.0,69.0,0.0,0.0,0.0,90.0,0.0,0.0,83.0
430,0.0,78.25,0.0,0.0,0.0,0.0,0.0,86.0,0.0,69.0,0.0,0.0,0.0,78.0,78.0,0.0,71.0,0.0,0.0,0.0
431,73.0,79.5,0.0,0.0,0.0,0.0,0.0,78.5,0.0,75.0,0.0,0.0,0.0,0.0,84.5,0.0,84.0,69.0,64.0,0.0
432,0.0,79.25,83.0,71.0,69.0,0.0,0.0,0.0,0.0,0.0,0.0,79.0,78.67,0.0,0.0,0.0,73.0,0.0,0.0,0.0
433,0.0,80.5,0.0,0.0,0.0,75.0,0.0,0.0,0.0,0.0,0.0,0.0,68.0,81.0,0.0,87.0,80.0,0.0,79.0,0.0
434,76.0,80.25,0.0,0.0,0.0,0.0,77.0,0.0,76.0,78.0,0.0,88.0,0.0,0.0,84.0,87.0,66.0,0.0,0.0,0.0
435,0.0,77.0,84.0,0.0,0.0,0.0,0.0,0.0,0.0,76.0,0.0,78.0,89.0,0.0,0.0,0.0,79.0,83.5,0.0,0.0
436,86.0,80.33,0.0,0.0,69.0,82.0,0.0,0.0,0.0,0.0,0.0,0.0,0.0,0.0,0.0,0.0,75.0,0.0,79.5,0.0
437,0.0,84.0,0.0,0.0,0.0,0.0,0.0,0.0,0.0,0.0,0.0,0.0,0.0,0.0,0.0,0.0,85.5,76.67,83.0,99.0
438,82.0,83.8,0.0,76.0,0.0,0.0,82.0,0.0,0.0,74.5,0.0,82.0,0.0,0.0,0.0,0.0,68.5,75.0,86.0,0.0
439,0.0,80.5,0.0,0.0,0.0,0.0,0.0,90.0,0.0,0.0,0.0,0.0,0.0,79.0,86.0,83.0,83.0,69.0,0.0,72.0
440,0.0,76.25,0.0,0.0,0.0,83.0,0.0,0.0,0.0,78.0,0.0,73.0,0.0,0.0,89.0,0.0,78.0,0.0,91.0,0.0
441,75.0,75.75,0.0,0.0,0.0,0.0,0.0,0.0,89.0,0.0,0.0,82.0,0.0,0.0,0.0,75.0,84.5,0.0,0.0,74.33
442,0.0,74.25,73.0,0.0,0.0,0.0,0.0,0.0,89.0,0.0,0.0,93.0,0.0,78.0,0.0,0.0,77.0,0.0,80.0,0.0
443,75.0,80.25,0.0,0.0,74.0,81.0,0.0,0.0,0.0,0.0,0.0,0.0,0.0,80.0,77.0,79.0,96.0,0.0,86.0,66.0
444,0.0,85.25,75.0,0.0,73.0,0.0,76.0,83.0,0.0,89.0,76.0,67.0,0.0,90.0,0.0,0.0,77.0,77.0,0.0,0.0
445,72.5,82.5,0.0,0.0,82.0,0.0,80.5,0.0,0.0,0.0,0.0,0.0,0.0,0.0,0.0,0.0,84.0,0.0,81.0,0.0
446,0.0,79.5,0.0,0.0,0.0,78.0,0.0,0.0,0.0,0.0,79.0,0.0,0.0,0.0,0.0,72.0,80.0,83.0,0.0,81.0
447,0.0,88.75,0.0,0.0,66.0,0.0,0.0,87.0,77.0,0.0,84.0,0.0,73.0,0.0,0.0,87.0,84.0,0.0,0.0,71.0
448,0.0,79.5,82.0,0.0,89.0,0.0,0.0,0.0,86.0,0.0,0.0,0.0,86.0,79.0,0.0,80.5,87.0,66.0,0.0,0.0
449,72.0,80.0,0.0,70.0,0.0,0.0,0.0,0.0,0.0,0.0,0.0,73.0,96.0,0.0,0.0,0.0,78.0,95.0,82.0,82.0
450,0.0,84.0,0.0,94.0,80.0,85.0,0.0,0.0,76.5,75.0,0.0,0.0,0.0,81.0,0.0,0.0,87.0,0.0,90.0,0.0
451,80.0,77.5,0.0,95.0,84.0,0.0,0.0,0.0,83.0,74.0,0.0,0.0,0.0,0.0,72.0,0.0,70.0,0.0,0.0,0.0
452,82.0,79.5,0.0,0.0,84.0,0.0,82.0,0.0,0.0,0.0,0.0,0.0,0.0,0.0,70.0,0.0,76.0,84.0,0.0,0.0
453,77.0,77.25,90.0,0.0,0.0,0.0,0.0,0.0,0.0,83.0,0.0,0.0,0.0,0.0,0.0,0.0,86.0,78.0,0.0,0.0
454,93.5,86.5,0.0,0.0,0.0,85.0,0.0,0.0,0.0,0.0,76.0,0.0,73.0,0.0,71.0,0.0,63.0,0.0,72.0,0.0
455,0.0,85.2,0.0,83.0,0.0,0.0,0.0,0.0,80.0,0.0,70.0,0.0,90.0,0.0,0.0,0.0,92.0,0.0,0.0,78.5
456,0.0,75.25,92.0,0.0,0.0,72.5,0.0,0.0,0.0,0.0,0.0,0.0,69.0,0.0,0.0,0.0,76.0,74.0,82.0,0.0
457,71.0,77.0,0.0,0.0,0.0,0.0,0.0,0.0,87.0,78.0,74.0,79.0,0.0,77.0,79.0,0.0,76.0,77.0,0.0,0.0
458,0.0,82.75,80.0,0.0,0.0,0.0,82.0,0.0,0.0,0.0,0.0,85.0,0.0,0.0,0.0,81.0,77.0,0.0,0.0,76.0
459,0.0,79.0,0.0,0.0,86.0,82.0,77.0,0.0,0.0,0.0,0.0,0.0,0.0,78.5,78.0,0.0,91.5,81.0,0.0,0.0
460,0.0,86.0,0.0,0.0,0.0,0.0,0.0,0.0,0.0,0.0,83.0,83.0,0.0,0.0,74.5,0.0,71.0,0.0,0.0,0.0
461,73.0,82.5,0.0,0.0,0.0,0.0,0.0,0.0,0.0,71.0,92.0,80.0,0.0,0.0,80.0,0.0,91.5,74.0,0.0,0.0
462,0.0,75.25,0.0,0.0,0.0,0.0,0.0,81.0,64.0,72.0,76.5,0.0,0.0,0.0,0.0,71.0,75.0,0.0,0.0,85.0
463,0.0,77.0,74.0,0.0,0.0,78.0,0.0,0.0,0.0,0.0,0.0,0.0,0.0,0.0,79.0,92.0,76.5,78.0,0.0,0.0
464,0.0,82.4,73.0,0.0,0.0,0.0,83.25,76.0,80.0,0.0,0.0,89.0,70.0,0.0,0.0,0.0,93.0,0.0,0.0,0.0
465,0.0,77.75,0.0,0.0,87.0,87.0,0.0,0.0,0.0,0.0,0.0,0.0,0.0,71.0,0.0,84.0,73.0,0.0,0.0,83.0
466,0.0,86.5,0.0,0.0,0.0,73.0,0.0,67.0,76.0,77.5,0.0,85.0,0.0,0.0,0.0,0.0,83.0,0.0,92.0,79.5
467,80.0,79.75,0.0,0.0,0.0,0.0,0.0,91.0,0.0,81.0,85.0,81.0,87.0,86.0,0.0,0.0,81.0,0.0,0.0,78.0
468,0.0,83.0,0.0,0.0,0.0,0.0,0.0,0.0,0.0,72.5,0.0,85.0,81.0,0.0,0.0,84.0,87.0,64.0,78.0,0.0
469,86.0,80.0,0.0,0.0,77.0,72.0,0.0,0.0,0.0,0.0,0.0,0.0,0.0,0.0,76.0,0.0,79.0,0.0,0.0,0.0
470,0.0,82.0,0.0,73.0,0.0,77.5,0.0,0.0,0.0,0.0,76.0,0.0,76.0,80.0,0.0,79.0,78.33,0.0,0.0,0.0
471,0.0,77.0,0.0,0.0,0.0,89.0,0.0,80.0,74.0,0.0,0.0,69.0,0.0,0.0,77.0,0.0,97.0,0.0,0.0,72.0
472,0.0,83.5,76.0,0.0,0.0,0.0,0.0,68.0,0.0,0.0,0.0,0.0,0.0,0.0,79.0,75.0,87.0,0.0,0.0,0.0
473,95.0,73.75,0.0,0.0,0.0,83.0,72.0,0.0,0.0,0.0,82.0,86.0,0.0,0.0,83.0,0.0,84.0,83.0,0.0,0.0
474,91.0,77.8,0.0,96.0,78.0,0.0,0.0,0.0,81.0,76.0,0.0,0.0,0.0,83.0,0.0,0.0,77.0,89.0,0.0,0.0
475,0.0,85.25,0.0,0.0,77.0,81.0,0.0,72.0,72.0,0.0,0.0,0.0,87.5,63.0,0.0,0.0,80.0,86.0,0.0,89.0
476,0.0,87.25,0.0,0.0,86.5,81.0,0.0,0.0,0.0,66.0,0.0,0.0,78.0,80.0,0.0,0.0,77.5,0.0,0.0,0.0
477,0.0,79.0,0.0,0.0,86.0,89.0,0.0,91.0,0.0,75.0,0.0,84.5,0.0,84.0,0.0,79.0,85.33,0.0,87.0,0.0
478,0.0,86.25,0.0,76.0,0.0,94.0,0.0,0.0,69.0,84.0,0.0,0.0,0.0,0.0,0.0,71.5,89.0,83.0,0.0,0.0
479,0.0,83.25,71.0,0.0,0.0,0.0,83.0,0.0,89.0,0.0,0.0,0.0,0.0,0.0,0.0,0.0,82.5,0.0,0.0,0.0
480,80.0,79.75,0.0,77.0,0.0,0.0,80.0,78.0,74.0,0.0,0.0,87.0,0.0,65.0,0.0,0.0,71.0,0.0,0.0,0.0
481,0.0,83.25,0.0,0.0,0.0,85.0,0.0,67.0,0.0,0.0,74.0,87.5,0.0,0.0,0.0,0.0,83.0,71.0,0.0,0.0
482,0.0,80.0,0.0,0.0,85.0,0.0,0.0,95.0,0.0,0.0,0.0,87.0,82.0,91.0,0.0,81.25,88.0,0.0,75.5,0.0
483,0.0,79.5,64.0,0.0,0.0,84.0,84.0,0.0,0.0,75.0,87.0,0.0,85.0,81.0,83.0,0.0,88.0,0.0,83.0,85.0
484,74.0,77.25,80.0,86.0,0.0,0.0,0.0,0.0,0.0,0.0,0.0,0.0,0.0,0.0,0.0,0.0,84.0,0.0,80.0,72.0
485,78.0,76.25,0.0,0.0,89.0,0.0,0.0,0.0,68.0,71.0,75.0,0.0,70.0,0.0,78.0,90.0,82.0,0.0,0.0,0.0
486,0.0,79.75,0.0,0.0,0.0,88.0,0.0,93.0,79.0,81.0,0.0,81.0,80.0,0.0,0.0,67.0,81.0,0.0,83.5,0.0
487,0.0,77.25,0.0,0.0,85.0,0.0,0.0,80.0,0.0,0.0,0.0,0.0,0.0,0.0,0.0,80.0,80.0,0.0,86.0,77.5
488,0.0,73.75,0.0,0.0,74.0,0.0,69.0,69.0,0.0,79.0,90.0,0.0,0.0,0.0,78.0,73.5,78.0,79.0,0.0,0.0
489,0.0,75.5,0.0,0.0,97.0,0.0,82.0,0.0,75.0,83.0,0.0,81.0,77.5,0.0,89.0,75.0,81.0,71.0,0.0,0.0
490,0.0,77.4,0.0,0.0,85.0,0.0,0.0,0.0,75.0,83.0,0.0,0.0,0.0,72.0,0.0,0.0,85.0,0.0,0.0,87.0
491,73.0,78.5,0.0,78.0,98.0,0.0,0.0,86.5,0.0,0.0,82.0,0.0,0.0,0.0,0.0,0.0,80.0,0.0,0.0,72.0
492,0.0,81.0,0.0,0.0,0.0,0.0,83.0,81.0,0.0,0.0,0.0,77.5,67.0,79.0,0.0,0.0,70.0,0.0,0.0,0.0
493,0.0,81.6,71.0,76.0,89.0,0.0,0.0,0.0,0.0,0.0,0.0,0.0,0.0,86.5,0.0,0.0,0.0,90.0,83.5,0.0
494,82.0,78.75,0.0,0.0,0.0,0.0,81.0,0.0,0.0,0.0,79.0,87.0,85.0,86.0,0.0,0.0,98.0,0.0,0.0,0.0
495,0.0,82.0,0.0,0.0,0.0,70.0,0.0,0.0,0.0,68.0,0.0,0.0,0.0,76.5,72.0,0.0,79.5,0.0,83.0,0.0
496,83.0,73.0,0.0,0.0,81.0,0.0,0.0,0.0,83.0,0.0,0.0,84.0,0.0,0.0,0.0,81.0,91.0,0.0,84.0,79.0
497,70.0,80.75,0.0,0.0,0.0,0.0,87.0,0.0,0.0,0.0,0.0,88.0,0.0,70.5,0.0,0.0,74.0,0.0,76.0,0.0
498,0.0,77.4,78.0,0.0,0.0,0.0,0.0,79.5,0.0,73.0,0.0,73.0,0.0,81.0,0.0,0.0,75.0,0.0,0.0,77.0
499,84.0,79.5,73.0,78.0,0.0,0.0,0.0,0.0,73.5,0.0,0.0,0.0,0.0,65.0,0.0,85.0,93.0,0.0,0.0,0.0
500,81.0,82.75,0.0,0.0,86.0,0.0,79.0,84.0,0.0,0.0,0.0,0.0,80.0,0.0,0.0,0.0,84.0,0.0,84.0,90.5
501,0.0,76.0,0.0,0.0,0.0,72.0,85.0,0.0,0.0,0.0,69.0,0.0,82.0,76.5,0.0,0.0,72.0,98.0,89.0,0.0
502,0.0,80.5,81.0,87.0,0.0,0.0,67.0,0.0,0.0,0.0,79.0,0.0,73.0,0.0,0.0,0.0,76.75,0.0,79.0,0.0
503,0.0,84.83,0.0,0.0,90.0,0.0,0.0,83.5,0.0,0.0,92.0,81.0,0.0,77.0,91.0,0.0,83.0,0.0,0.0,83.0
504,0.0,79.4,75.5,0.0,0.0,0.0,0.0,81.0,0.0,0.0,0.0,0.0,0.0,0.0,0.0,79.0,79.0,79.0,0.0,78.0
505,0.0,73.5,90.0,0.0,0.0,78.0,72.0,0.0,70.0,0.0,0.0,0.0,0.0,90.0,0.0,0.0,81.0,81.0,0.0,0.0
506,87.0,77.5,0.0,0.0,77.0,65.0,81.0,0.0,75.0,91.0,0.0,0.0,0.0,0.0,0.0,0.0,83.5,0.0,94.0,0.0
507,76.0,79.5,0.0,0.0,82.0,0.0,0.0,75.0,0.0,0.0,93.0,0.0,0.0,0.0,0.0,92.0,80.0,72.0,78.0,0.0
508,0.0,74.0,83.0,0.0,78.0,0.0,83.0,0.0,0.0,0.0,0.0,0.0,69.0,81.0,80.0,0.0,78.5,0.0,81.0,0.0
509,0.0,85.0,0.0,0.0,81.0,72.0,0.0,89.0,0.0,0.0,0.0,0.0,70.0,81.0,0.0,0.0,90.5,0.0,0.0,72.0
510,0.0,84.25,0.0,0.0,83.0,76.0,0.0,78.0,0.0,92.0,0.0,0.0,87.0,0.0,0.0,0.0,76.5,0.0,87.0,0.0
511,90.0,83.25,77.0,0.0,68.0,0.0,0.0,0.0,0.0,0.0,80.0,0.0,0.0,0.0,0.0,88.0,81.5,0.0,0.0,0.0
512,76.0,85.0,0.0,0.0,0.0,0.0,0.0,89.0,0.0,0.0,0.0,0.0,0.0,0.0,81.0,0.0,84.5,0.0,80.0,80.5
513,79.0,78.83,88.0,82.5,0.0,0.0,0.0,0.0,0.0,0.0,0.0,94.0,86.0,0.0,0.0,0.0,68.0,0.0,67.0,0.0
514,92.0,81.5,0.0,0.0,91.0,77.0,0.0,0.0,87.0,0.0,0.0,0.0,86.33,0.0,86.0,81.0,83.0,0.0,0.0,0.0
515,76.0,86.75,0.0,91.0,0.0,0.0,83.0,0.0,74.0,83.0,0.0,0.0,85.5,0.0,0.0,69.0,72.0,78.0,0.0,0.0
516,88.0,83.25,0.0,0.0,0.0,0.0,82.0,0.0,0.0,0.0,88.0,0.0,0.0,74.0,0.0,91.0,70.0,80.0,0.0,0.0
517,0.0,84.5,64.0,95.0,0.0,0.0,0.0,84.0,0.0,0.0,0.0,79.0,0.0,0.0,0.0,83.0,76.0,0.0,0.0,0.0
518,79.0,80.0,0.0,90.0,0.0,66.0,0.0,0.0,0.0,85.0,76.0,0.0,74.0,0.0,0.0,0.0,75.0,87.0,81.5,0.0
519,78.0,82.5,0.0,0.0,76.0,0.0,77.0,0.0,0.0,0.0,93.0,0.0,0.0,0.0,0.0,96.0,86.0,84.0,0.0,0.0
520,74.0,80.5,0.0,76.0,0.0,89.0,0.0,77.0,0.0,0.0,0.0,68.0,90.0,79.0,0.0,90.0,78.0,0.0,0.0,75.0
521,0.0,78.2,0.0,0.0,0.0,75.0,0.0,91.0,86.0,78.0,0.0,0.0,0.0,71.0,82.0,79.0,89.0,0.0,79.0,0.0
522,0.0,81.75,87.0,0.0,0.0,0.0,91.0,0.0,82.0,90.0,0.0,0.0,83.0,0.0,91.0,0.0,86.5,0.0,0.0,0.0
523,0.0,84.75,83.0,70.0,0.0,0.0,0.0,88.0,0.0,0.0,0.0,0.0,0.0,0.0,73.0,0.0,88.0,0.0,84.0,0.0
524,0.0,78.5,83.0,0.0,0.0,0.0,76.0,73.0,0.0,82.0,0.0,75.0,0.0,73.0,0.0,0.0,87.0,0.0,0.0,85.0
525,0.0,78.5,79.0,0.0,0.0,76.0,0.0,0.0,0.0,0.0,0.0,80.0,0.0,0.0,82.0,0.0,80.67,0.0,0.0,0.0
526,0.0,84.6,0.0,80.0,0.0,0.0,86.0,73.0,0.0,0.0,81.0,0.0,78.0,0.0,0.0,0.0,79.0,77.0,0.0,0.0
527,80.0,85.0,0.0,0.0,0.0,0.0,0.0,0.0,0.0,0.0,0.0,81.0,0.0,0.0,73.0,0.0,95.0,0.0,81.0,0.0
528,0.0,78.4,0.0,0.0,84.0,0.0,0.0,0.0,90.0,0.0,0.0,91.0,0.0,83.0,0.0,0.0,81.0,77.0,0.0,0.0
529,65.0,79.25,0.0,80.0,0.0,0.0,71.0,0.0,76.0,0.0,67.0,0.0,0.0,0.0,0.0,0.0,80.0,0.0,0.0,0.0
530,84.0,79.33,0.0,0.0,0.0,0.0,0.0,0.0,0.0,0.0,0.0,0.0,71.0,88.0,0.0,0.0,87.0,0.0,0.0,76.0
531,0.0,82.0,81.0,0.0,0.0,0.0,76.0,75.0,92.0,75.0,91.0,0.0,0.0,0.0,0.0,77.0,91.0,0.0,0.0,0.0
532,0.0,84.75,90.0,85.0,84.0,0.0,0.0,0.0,0.0,71.0,81.0,0.0,0.0,0.0,0.0,78.0,76.5,0.0,0.0,0.0
533,0.0,77.25,85.0,0.0,0.0,0.0,81.0,0.0,67.0,96.0,0.0,0.0,85.0,77.0,82.0,0.0,81.0,79.0,0.0,0.0
534,0.0,84.25,0.0,0.0,74.0,0.0,0.0,0.0,78.0,67.0,0.0,83.0,0.0,86.5,75.0,72.0,70.0,74.5,0.0,0.0
535,0.0,76.75,0.0,0.0,0.0,94.0,80.0,0.0,0.0,0.0,89.0,76.5,0.0,0.0,0.0,78.0,79.5,77.0,0.0,0.0
536,0.0,81.25,0.0,84.0,0.0,0.0,0.0,0.0,0.0,0.0,0.0,96.0,73.5,0.0,0.0,0.0,68.0,0.0,0.0,76.0
537,0.0,79.0,0.0,80.0,65.0,0.0,0.0,0.0,76.0,0.0,78.0,0.0,0.0,0.0,79.0,92.0,81.5,0.0,0.0,0.0
538,0.0,74.25,94.0,0.0,0.0,83.0,0.0,0.0,0.0,79.0,73.0,0.0,0.0,0.0,0.0,75.0,73.0,0.0,0.0,0.0
539,0.0,80.0,80.0,0.0,92.0,0.0,0.0,0.0,0.0,0.0,78.5,79.0,0.0,82.0,0.0,0.0,88.0,84.0,86.0,0.0
540,0.0,80.5,0.0,73.5,0.0,88.0,74.0,0.0,88.0,0.0,82.0,0.0,0.0,0.0,0.0,76.0,84.0,0.0,90.0,0.0
541,66.0,80.0,0.0,74.0,78.0,0.0,0.0,0.0,0.0,0.0,83.5,72.0,0.0,80.0,0.0,0.0,84.0,0.0,0.0,0.0
542,0.0,80.6,90.0,0.0,0.0,0.0,0.0,0.0,0.0,70.0,70.0,0.0,0.0,84.5,0.0,0.0,82.5,0.0,0.0,0.0
543,0.0,79.0,81.0,83.75,0.0,0.0,92.0,0.0,84.0,0.0,78.0,0.0,90.0,0.0,0.0,0.0,82.0,0.0,0.0,79.0
544,0.0,77.75,0.0,0.0,81.0,0.0,0.0,0.0,68.0,84.0,0.0,64.0,0.0,73.5,84.0,80.0,82.0,0.0,0.0,84.0
545,72.0,81.75,72.0,0.0,0.0,0.0,0.0,0.0,0.0,66.0,75.0,70.0,72.0,68.0,0.0,84.0,75.0,0.0,0.0,0.0
546,77.0,79.75,0.0,79.0,68.0,0.0,90.0,0.0,79.0,91.5,0.0,0.0,74.0,0.0,0.0,78.0,82.0,91.0,0.0,0.0
547,0.0,77.8,0.0,0.0,0.0,0.0,0.0,0.0,0.0,0.0,0.0,0.0,0.0,89.0,0.0,76.33,85.0,0.0,0.0,89.0
548,0.0,78.6,88.0,0.0,0.0,96.0,86.0,0.0,90.0,0.0,0.0,0.0,84.0,0.0,0.0,96.0,74.0,0.0,0.0,0.0
549,0.0,77.2,0.0,82.0,0.0,76.0,0.0,0.0,0.0,89.0,85.0,80.0,0.0,0.0,0.0,83.0,81.0,81.0,0.0,0.0
550,0.0,90.25,74.0,0.0,0.0,0.0,0.0,0.0,0.0,0.0,88.0,79.0,0.0,78.0,0.0,94.0,81.0,0.0,0.0,82.0
551,0.0,86.0,0.0,84.0,0.0,70.0,78.0,82.0,0.0,84.0,77.0,82.0,76.0,0.0,0.0,0.0,73.0,0.0,0.0,0.0
552,0.0,82.5,71.0,0.0,0.0,0.0,0.0,0.0,89.5,0.0,0.0,0.0,93.0,0.0,85.0,0.0,90.0,69.0,0.0,0.0
553,86.0,83.0,83.0,0.0,0.0,0.0,0.0,0.0,0.0,0.0,0.0,84.0,0.0,0.0,78.0,0.0,79.33,0.0,0.0,77.0
554,0.0,81.0,0.0,0.0,0.0,0.0,65.0,0.0,0.0,0.0,84.0,85.0,85.0,67.0,77.5,0.0,82.0,0.0,91.0,80.0
555,0.0,79.0,0.0,0.0,80.0,0.0,72.0,92.0,0.0,0.0,0.0,0.0,0.0,0.0,0.0,0.0,82.33,70.0,0.0,0.0
556,0.0,78.0,0.0,0.0,0.0,0.0,0.0,0.0,77.0,86.0,87.0,69.0,82.0,80.0,0.0,72.5,67.0,0.0,0.0,88.0
557,0.0,74.33,83.0,0.0,0.0,0.0,0.0,0.0,0.0,0.0,68.0,0.0,69.0,91.0,0.0,0.0,97.5,0.0,0.0,0.0
558,0.0,83.33,0.0,0.0,0.0,0.0,0.0,61.0,80.0,0.0,78.5,0.0,83.0,90.0,79.0,0.0,80.0,83.0,0.0,76.0
559,0.0,71.25,75.0,88.0,0.0,0.0,0.0,0.0,0.0,80.0,0.0,0.0,84.0,0.0,83.0,0.0,80.5,0.0,73.0,79.0
560,65.0,75.0,0.0,0.0,0.0,69.0,74.0,0.0,0.0,0.0,0.0,0.0,0.0,0.0,0.0,98.0,84.0,78.0,79.5,0.0
561,0.0,80.75,0.0,0.0,0.0,75.0,90.0,0.0,0.0,76.0,0.0,0.0,81.0,0.0,0.0,83.0,90.0,0.0,91.0,0.0
562,74.0,81.5,0.0,0.0,0.0,75.0,0.0,0.0,76.0,87.0,0.0,78.0,0.0,0.0,0.0,0.0,83.0,0.0,74.0,0.0
563,0.0,82.0,79.0,71.0,85.0,0.0,0.0,85.0,0.0,0.0,79.0,0.0,0.0,80.0,78.0,0.0,67.0,0.0,79.0,83.0
564,0.0,80.0,0.0,0.0,0.0,0.0,0.0,78.0,78.0,0.0,0.0,0.0,81.0,89.0,90.0,0.0,75.0,80.0,85.5,0.0
565,0.0,80.0,0.0,0.0,0.0,72.0,0.0,0.0,80.0,0.0,0.0,0.0,0.0,0.0,69.0,0.0,72.0,0.0,0.0,81.0
566,0.0,83.75,77.0,0.0,79.0,82.0,84.0,0.0,0.0,0.0,92.0,67.0,72.0,0.0,0.0,0.0,83.0,0.0,95.0,0.0
567,0.0,81.0,0.0,84.0,0.0,95.0,0.0,85.0,0.0,78.0,0.0,0.0,75.0,0.0,0.0,0.0,71.0,0.0,0.0,0.0
568,71.0,82.8,0.0,82.0,0.0,0.0,86.0,80.0,72.0,0.0,0.0,0.0,69.0,0.0,71.0,0.0,78.0,0.0,0.0,0.0
569,0.0,83.5,0.0,76.0,81.0,84.0,0.0,0.0,0.0,76.0,78.0,0.0,0.0,0.0,0.0,70.0,90.0,0.0,77.0,75.0
570,76.0,72.4,0.0,0.0,88.0,84.0,0.0,0.0,77.0,0.0,0.0,0.0,0.0,0.0,0.0,0.0,88.5,86.0,81.0,0.0
571,0.0,78.25,77.0,0.0,0.0,76.0,0.0,0.0,0.0,0.0,0.0,80.5,86.0,82.0,85.0,0.0,72.0,0.0,0.0,0.0
572,80.5,84.0,0.0,0.0,0.0,77.5,0.0,0.0,0.0,68.0,0.0,90.0,0.0,0.0,78.0,0.0,82.0,80.0,0.0,82.0
573,0.0,82.0,77.0,0.0,0.0,0.0,0.0,80.0,78.0,0.0,76.67,0.0,0.0,0.0,0.0,0.0,80.5,0.0,0.0,78.0
574,0.0,77.75,87.0,0.0,0.0,0.0,0.0,86.0,78.0,78.0,87.0,0.0,0.0,90.0,0.0,0.0,94.0,0.0,0.0,0.0
575,0.0,80.5,72.0,0.0,0.0,0.0,0.0,0.0,68.0,0.0,0.0,84.0,0.0,72.0,85.0,0.0,69.0,0.0,73.5,81.0
576,70.0,79.75,0.0,74.0,85.0,69.0,0.0,0.0,0.0,0.0,0.0,0.0,79.0,69.0,83.0,77.0,77.0,0.0,0.0,0.0
577,0.0,81.8,0.0,0.0,71.0,84.0,69.0,0.0,80.0,0.0,70.0,0.0,0.0,0.0,0.0,0.0,93.0,77.0,84.0,0.0
578,0.0,75.75,87.0,0.0,0.0,0.0,77.0,76.5,0.0,0.0,0.0,0.0,80.0,0.0,0.0,83.0,94.0,0.0,0.0,80.0
579,0.0,82.25,0.0,86.0,78.0,0.0,0.0,0.0,0.0,94.0,79.0,0.0,0.0,0.0,69.0,0.0,79.0,63.0,0.0,0.0
580,0.0,82.8,78.0,0.0,79.0,0.0,67.0,70.0,0.0,0.0,0.0,0.0,0.0,86.0,75.0,0.0,76.0,0.0,0.0,0.0
581,0.0,69.75,0.0,0.0,0.0,0.0,0.0,80.0,0.0,0.0,93.0,94.0,74.0,0.0,0.0,0.0,80.5,70.0,0.0,80.0
582,87.0,78.6,0.0,80.0,0.0,0.0,0.0,0.0,0.0,0.0,72.0,85.0,0.0,81.0,84.0,0.0,72.0,0.0,77.33,0.0
583,0.0,80.4,80.0,70.0,0.0,0.0,90.0,0.0,83.0,0.0,80.0,71.0,0.0,0.0,0.0,0.0,79.0,76.0,0.0,0.0
584,0.0,82.0,0.0,68.0,0.0,0.0,98.0,0.0,0.0,0.0,88.0,77.5,0.0,0.0,0.0,79.0,83.0,0.0,89.0,0.0
585,0.0,81.5,77.0,0.0,0.0,81.0,0.0,0.0,81.0,0.0,0.0,0.0,0.0,80.5,77.0,0.0,83.0,0.0,76.0,80.0
586,0.0,83.25,83.0,82.0,0.0,0.0,0.0,83.0,0.0,79.0,0.0,0.0,81.0,0.0,76.0,88.0,69.0,66.0,0.0,76.5
587,0.0,74.0,0.0,86.0,90.0,0.0,82.0,0.0,0.0,75.0,74.0,0.0,0.0,0.0,82.0,0.0,75.0,0.0,0.0,82.0
588,0.0,77.25,0.0,0.0,0.0,0.0,79.0,0.0,0.0,83.0,0.0,0.0,82.0,0.0,0.0,80.0,85.0,75.5,0.0,97.0
589,76.0,76.25,74.0,81.0,81.0,0.0,0.0,0.0,78.0,0.0,84.0,0.0,0.0,0.0,79.0,78.5,83.0,0.0,0.0,76.0
590,77.0,78.5,0.0,78.0,80.0,70.0,0.0,0.0,0.0,0.0,80.0,0.0,0.0,0.0,0.0,0.0,82.0,0.0,0.0,73.0
591,0.0,77.25,0.0,0.0,88.0,0.0,92.0,69.0,0.0,69.0,0.0,0.0,0.0,0.0,76.0,0.0,70.0,0.0,0.0,0.0
592,0.0,77.5,0.0,0.0,71.0,87.0,0.0,0.0,0.0,0.0,86.0,79.0,0.0,0.0,89.0,74.0,73.0,0.0,0.0,88.0
593,0.0,84.0,82.5,0.0,79.0,0.0,83.0,0.0,0.0,0.0,0.0,75.5,0.0,95.0,0.0,0.0,79.0,0.0,72.0,73.0
594,0.0,79.2,0.0,0.0,0.0,0.0,81.0,0.0,0.0,0.0,93.0,69.0,0.0,81.0,79.0,0.0,77.0,74.0,92.0,82.0
595,82.0,76.25,75.0,0.0,0.0,0.0,66.5,87.5,0.0,0.0,80.0,0.0,69.0,0.0,85.0,0.0,75.0,0.0,0.0,0.0
596,0.0,77.0,0.0,0.0,0.0,70.5,0.0,0.0,0.0,87.0,0.0,0.0,0.0,89.0,0.0,0.0,72.0,0.0,0.0,82.0
597,85.0,71.75,71.0,0.0,0.0,96.0,78.0,0.0,0.0,78.0,0.0,82.0,80.0,0.0,0.0,0.0,80.0,0.0,0.0,75.0
598,0.0,77.0,79.0,89.0,0.0,80.0,0.0,0.0,98.0,0.0,0.0,78.0,0.0,89.0,0.0,0.0,73.0,0.0,0.0,0.0
599,0.0,74.2,0.0,88.0,0.0,0.0,0.0,79.0,0.0,0.0,0.0,91.0,0.0,0.0,0.0,82.0,75.0,0.0,0.0,0.0
600,0.0,72.0,0.0,0.0,0.0,76.0,0.0,0.0,0.0,78.0,68.0,82.0,0.0,86.0,0.0,79.0,74.0,0.0,91.0,84.0
601,0.0,89.0,0.0,0.0,0.0,0.0,0.0,82.0,93.0,0.0,0.0,0.0,79.0,85.0,82.0,70.0,83.0,90.0,0.0,0.0
602,0.0,79.0,78.0,0.0,0.0,0.0,0.0,0.0,83.0,0.0,90.0,0.0,0.0,78.0,0.0,0.0,74.5,66.0,67.0,0.0
603,76.0,84.75,0.0,0.0,0.0,0.0,66.0,93.0,0.0,84.0,0.0,0.0,0.0,0.0,0.0,0.0,83.0,0.0,74.0,0.0
604,82.0,81.75,0.0,90.0,0.0,0.0,0.0,0.0,90.0,0.0,0.0,0.0,72.0,0.0,0.0,0.0,65.0,0.0,0.0,78.5
605,0.0,74.75,76.0,80.0,89.0,0.0,72.0,79.0,0.0,0.0,0.0,78.0,73.0,0.0,0.0,87.0,69.0,81.0,74.0,0.0
606,78.0,79.5,0.0,0.0,0.0,0.0,86.0,0.0,91.0,0.0,0.0,0.0,0.0,90.67,0.0,75.0,79.0,0.0,0.0,84.0
607,0.0,78.75,86.0,0.0,74.0,0.0,85.0,65.0,0.0,84.5,0.0,0.0,82.5,89.0,0.0,71.0,74.0,0.0,0.0,0.0
608,92.0,79.5,0.0,87.0,0.0,0.0,0.0,0.0,0.0,0.0,0.0,0.0,65.0,0.0,87.0,75.0,83.0,0.0,0.0,0.0
609,0.0,86.25,94.0,0.0,77.0,72.67,0.0,0.0,0.0,0.0,0.0,0.0,82.0,0.0,79.0,0.0,87.5,0.0,0.0,68.0
610,75.0,77.6,0.0,77.5,0.0,0.0,82.5,0.0,0.0,0.0,0.0,88.0,78.5,0.0,81.0,0.0,93.0,0.0,0.0,0.0
611,0.0,78.5,0.0,0.0,0.0,0.0,83.0,0.0,0.0,0.0,81.5,81.5,0.0,0.0,0.0,90.0,80.0,0.0,0.0,0.0
612,0.0,77.25,0.0,0.0,0.0,86.0,82.0,0.0,0.0,0.0,76.0,84.0,0.0,78.0,0.0,0.0,77.0,73.0,0.0,0.0
613,0.0,87.5,0.0,0.0,87.0,0.0,92.0,0.0,79.0,0.0,0.0,0.0,0.0,0.0,82.0,82.0,72.0,0.0,0.0,0.0
614,77.0,90.25,0.0,0.0,0.0,0.0,0.0,0.0,0.0,0.0,77.0,0.0,0.0,0.0,79.0,0.0,87.0,0.0,0.0,85.0
615,0.0,80.5,0.0,0.0,85.5,0.0,0.0,86.0,74.0,0.0,79.0,0.0,0.0,0.0,90.0,84.0,80.5,0.0,0.0,0.0
616,0.0,72.75,0.0,0.0,78.5,70.0,65.0,0.0,86.0,82.0,0.0,0.0,0.0,0.0,0.0,0.0,86.0,0.0,69.0,0.0
617,85.0,80.0,89.5,0.0,77.0,0.0,0.0,89.0,0.0,0.0,0.0,0.0,72.0,0.0,0.0,0.0,65.0,0.0,69.0,0.0
618,0.0,81.0,0.0,0.0,66.0,0.0,0.0,94.0,0.0,0.0,86.0,84.0,77.5,0.0,0.0,0.0,76.0,0.0,0.0,70.0
619,91.0,83.25,0.0,73.0,0.0,80.0,0.0,72.0,0.0,0.0,0.0,0.0,76.0,0.0,0.0,0.0,65.0,0.0,84.0,0.0
620,85.0,75.33,0.0,0.0,0.0,0.0,0.0,80.0,0.0,0.0,0.0,0.0,0.0,86.0,0.0,78.75,86.0,72.0,0.0,0.0
621,77.0,79.67,0.0,68.0,0.0,82.0,0.0,0.0,0.0,0.0,0.0,0.0,73.0,0.0,0.0,0.0,91.0,71.0,82.0,0.0
622,0.0,82.0,0.0,0.0,0.0,0.0,0.0,0.0,85.0,77.0,0.0,0.0,75.0,75.0,0.0,78.0,73.0,90.0,0.0,0.0
623,79.0,80.5,79.0,0.0,0.0,79.0,0.0,91.0,0.0,0.0,69.0,0.0,0.0,85.0,71.0,94.0,89.0,0.0,0.0,0.0
624,0.0,83.25,0.0,62.0,68.0,0.0,92.0,0.0,64.0,80.0,0.0,75.0,0.0,0.0,0.0,0.0,84.0,0.0,0.0,77.0
625,0.0,80.0,89.0,85.0,0.0,0.0,81.0,0.0,0.0,68.0,0.0,0.0,0.0,92.0,0.0,0.0,73.0,0.0,0.0,0.0
626,0.0,82.0,0.0,82.0,78.5,0.0,0.0,79.0,89.0,73.0,94.0,84.0,0.0,0.0,0.0,82.0,76.0,0.0,0.0,0.0
627,0.0,77.5,76.0,0.0,84.0,0.0,0.0,95.0,72.0,94.0,0.0,0.0,0.0,87.0,0.0,0.0,82.33,0.0,0.0,0.0
628,0.0,77.67,86.0,65.0,0.0,0.0,0.0,80.0,91.0,0.0,0.0,75.0,0.0,81.0,0.0,80.0,73.5,0.0,0.0,0.0
629,0.0,84.75,0.0,0.0,0.0,0.0,0.0,76.0,0.0,79.0,0.0,85.0,0.0,0.0,69.0,0.0,84.0,69.0,82.0,0.0
630,0.0,82.0,82.0,0.0,0.0,83.0,76.5,0.0,0.0,68.0,0.0,75.5,0.0,63.0,0.0,0.0,93.0,79.0,0.0,0.0
631,80.0,82.25,0.0,0.0,0.0,84.0,0.0,0.0,81.25,0.0,90.0,0.0,0.0,0.0,82.0,79.0,84.0,0.0,0.0,0.0
632,0.0,78.8,0.0,87.0,85.0,72.0,0.0,0.0,68.0,0.0,0.0,0.0,75.0,92.0,0.0,0.0,85.0,84.0,85.0,73.0
633,81.0,82.75,0.0,0.0,75.0,0.0,0.0,0.0,0.0,0.0,0.0,85.0,0.0,0.0,0.0,96.0,77.5,92.0,74.0,79.0
634,0.0,82.5,88.0,0.0,75.0,0.0,77.0,82.0,0.0,0.0,0.0,0.0,76.0,0.0,0.0,0.0,63.0,0.0,0.0,0.0
635,0.0,76.0,0.0,0.0,0.0,0.0,0.0,0.0,93.0,92.0,0.0,72.0,77.0,80.0,88.0,0.0,65.0,0.0,0.0,0.0
636,75.0,75.75,0.0,0.0,0.0,0.0,0.0,0.0,64.0,75.0,0.0,0.0,0.0,0.0,76.0,0.0,70.5,0.0,96.0,0.0
637,0.0,80.8,84.0,0.0,0.0,0.0,89.0,0.0,89.0,0.0,76.0,88.0,0.0,0.0,0.0,97.0,77.67,0.0,70.0,0.0
638,0.0,75.67,0.0,81.0,0.0,0.0,0.0,0.0,0.0,0.0,0.0,0.0,71.0,0.0,0.0,74.0,77.5,0.0,84.0,0.0
639,81.0,80.75,0.0,0.0,0.0,0.0,0.0,84.33,0.0,0.0,0.0,85.0,0.0,0.0,0.0,0.0,83.5,69.0,0.0,85.0
640,0.0,80.0,0.0,0.0,93.0,77.0,0.0,0.0,0.0,82.0,0.0,0.0,71.0,78.0,0.0,0.0,0.0,0.0,79.0,0.0
641,0.0,77.0,0.0,87.0,77.0,66.0,0.0,0.0,0.0,88.0,0.0,0.0,0.0,0.0,85.0,0.0,73.0,87.0,77.0,79.0
642,0.0,79.25,0.0,0.0,89.0,0.0,93.0,0.0,71.0,93.0,86.0,72.0,0.0,0.0,0.0,0.0,73.0,0.0,0.0,0.0
643,0.0,82.0,72.0,88.0,0.0,0.0,0.0,0.0,0.0,0.0,0.0,0.0,0.0,0.0,0.0,80.0,80.0,91.0,75.0,0.0
644,0.0,78.0,0.0,64.0,0.0,0.0,82.0,0.0,0.0,79.0,0.0,0.0,87.0,0.0,0.0,76.0,68.0,0.0,0.0,0.0
645,0.0,82.6,0.0,0.0,0.0,78.0,0.0,0.0,73.0,0.0,0.0,84.5,0.0,0.0,0.0,0.0,82.0,0.0,0.0,0.0
646,0.0,79.0,0.0,74.0,0.0,0.0,0.0,64.0,77.0,0.0,0.0,0.0,0.0,0.0,0.0,0.0,88.0,82.0,0.0,80.0
647,0.0,86.25,0.0,0.0,0.0,84.0,0.0,0.0,0.0,0.0,0.0,0.0,0.0,0.0,0.0,96.0,84.0,0.0,81.67,0.0
648,0.0,80.75,0.0,0.0,0.0,0.0,85.0,72.0,0.0,86.5,0.0,0.0,0.0,83.0,76.0,0.0,74.0,0.0,71.0,0.0
649,88.5,80.5,0.0,0.0,0.0,79.0,82.0,0.0,0.0,0.0,88.0,88.0,0.0,74.0,0.0,0.0,94.0,0.0,0.0,76.0
650,0.0,78.67,72.0,75.0,0.0,0.0,0.0,79.0,0.0,67.0,0.0,73.0,85.33,0.0,80.0,85.0,73.5,0.0,0.0,0.0
651,0.0,82.0,0.0,0.0,84.0,0.0,0.0,72.0,0.0,68.0,0.0,0.0,81.0,0.0,90.0,73.0,88.5,0.0,83.0,89.0
652,0.0,77.75,78.0,72.5,0.0,0.0,82.0,0.0,0.0,0.0,0.0,77.0,80.0,0.0,0.0,87.0,80.0,0.0,0.0,0.0
653,0.0,79.5,0.0,0.0,0.0,0.0,0.0,0.0,82.0,0.0,78.0,0.0,83.0,0.0,80.0,0.0,88.0,0.0,0.0,0.0
654,0.0,82.25,0.0,75.0,72.5,0.0,0.0,0.0,0.0,86.0,0.0,0.0,0.0,0.0,0.0,93.0,83.0,84.0,0.0,0.0
655,0.0,72.75,0.0,0.0,0.0,90.0,79.0,77.5,0.0,0.0,0.0,0.0,0.0,0.0,0.0,75.0,82.0,0.0,0.0,0.0
656,89.0,81.0,0.0,77.5,0.0,87.0,0.0,0.0,0.0,0.0,0.0,0.0,0.0,90.0,0.0,0.0,86.0,79.0,0.0,0.0
657,82.5,80.0,0.0,90.0,85.0,0.0,0.0,0.0,0.0,0.0,0.0,0.0,89.0,0.0,0.0,88.0,81.5,0.0,0.0,0.0
658,0.0,78.5,0.0,85.0,0.0,82.0,0.0,78.0,0.0,0.0,0.0,94.0,0.0,82.0,0.0,0.0,74.5,0.0,0.0,80.0
659,78.0,80.5,0.0,0.0,0.0,0.0,0.0,0.0,0.0,0.0,83.0,0.0,0.0,0.0,0.0,75.0,80.5,0.0,0.0,0.0
660,73.5,77.2,0.0,0.0,0.0,0.0,0.0,0.0,82.0,0.0,0.0,0.0,82.0,0.0,0.0,82.0,75.5,83.0,0.0,0.0
661,0.0,84.25,0.0,0.0,0.0,0.0,75.0,0.0,75.0,0.0,79.0,76.0,0.0,0.0,0.0,73.0,86.0,0.0,80.0,0.0
662,87.0,75.75,0.0,0.0,0.0,0.0,71.0,0.0,74.0,90.0,74.0,0.0,0.0,0.0,66.0,90.0,84.5,0.0,76.0,0.0
663,0.0,80.5,0.0,75.0,0.0,0.0,0.0,0.0,74.0,91.0,0.0,0.0,83.33,77.5,0.0,0.0,72.0,0.0,86.0,0.0
664,84.0,80.0,0.0,76.5,91.0,0.0,0.0,0.0,0.0,0.0,0.0,0.0,74.0,0.0,0.0,0.0,80.5,0.0,0.0,78.5
665,0.0,78.5,0.0,0.0,0.0,0.0,0.0,0.0,0.0,0.0,0.0,70.0,92.0,0.0,0.0,0.0,80.0,0.0,71.0,0.0
666,76.0,83.25,0.0,0.0,74.5,0.0,0.0,0.0,0.0,0.0,0.0,0.0,0.0,94.0,71.0,0.0,86.0,0.0,0.0,80.0
667,0.0,82.4,0.0,0.0,77.5,0.0,86.0,89.0,91.0,0.0,79.0,0.0,0.0,0.0,0.0,0.0,83.0,0.0,0.0,0.0
668,0.0,77.25,0.0,0.0,87.0,0.0,95.0,0.0,0.0,0.0,0.0,73.0,0.0,0.0,0.0,0.0,76.0,0.0,79.0,71.0
669,0.0,78.0,0.0,0.0,0.0,0.0,70.0,0.0,0.0,82.0,0.0,86.0,0.0,0.0,0.0,77.0,85.0,0.0,71.0,0.0
670,0.0,78.75,0.0,87.0,0.0,81.0,79.5,0.0,0.0,0.0,0.0,0.0,0.0,81.0,0.0,0.0,0.0,69.0,0.0,80.0
671,0.0,81.5,78.0,76.5,0.0,0.0,0.0,0.0,86.0,0.0,0.0,0.0,81.0,0.0,0.0,0.0,76.0,87.0,76.0,74.0
672,0.0,87.0,88.0,0.0,83.0,0.0,0.0,0.0,0.0,84.0,0.0,93.0,0.0,0.0,84.0,0.0,74.0,0.0,78.0,0.0
673,0.0,76.0,0.0,0.0,91.0,0.0,80.0,78.0,78.0,0.0,0.0,0.0,0.0,0.0,0.0,79.0,90.0,0.0,0.0,82.0
674,0.0,77.25,0.0,80.0,81.0,0.0,0.0,90.0,0.0,88.0,0.0,0.0,0.0,0.0,0.0,0.0,83.5,0.0,94.0,0.0
675,0.0,79.33,80.0,0.0,74.0,76.0,0.0,71.0,0.0,89.0,70.0,0.0,0.0,0.0,0.0,0.0,74.0,72.0,0.0,0.0
676,0.0,74.0,74.0,0.0,0.0,0.0,0.0,75.0,0.0,0.0,0.0,0.0,90.0,0.0,88.0,91.0,77.0,0.0,0.0,76.5
677,89.0,75.6,76.0,0.0,0.0,0.0,0.0,88.0,0.0,0.0,76.0,94.0,0.0,76.0,0.0,0.0,85.0,0.0,72.0,0.0
678,0.0,80.25,0.0,0.0,81.0,83.0,0.0,0.0,0.0,85.0,84.0,0.0,78.5,0.0,0.0,0.0,84.0,84.0,0.0,0.0
679,0.0,81.5,0.0,0.0,0.0,67.0,79.0,0.0,0.0,0.0,75.0,0.0,0.0,82.0,0.0,0.0,80.5,0.0,0.0,85.0
680,0.0,76.67,77.0,0.0,0.0,71.0,0.0,71.0,0.0,68.0,0.0,73.0,0.0,0.0,87.0,0.0,80.0,0.0,83.0,0.0
681,0.0,82.5,0.0,0.0,78.0,0.0,0.0,0.0,0.0,0.0,0.0,0.0,91.0,81.0,85.0,0.0,87.0,0.0,87.0,0.0
682,0.0,79.75,0.0,0.0,0.0,0.0,95.0,0.0,0.0,75.0,0.0,0.0,79.0,0.0,93.0,0.0,81.5,76.0,69.0,82.0
683,78.0,79.5,0.0,85.0,0.0,0.0,0.0,71.0,0.0,0.0,80.0,75.0,71.0,0.0,0.0,71.0,72.0,0.0,92.0,0.0
684,93.0,79.25,0.0,0.0,0.0,0.0,0.0,0.0,68.0,0.0,91.0,0.0,0.0,0.0,0.0,97.0,73.0,0.0,88.0,0.0
685,0.0,75.2,0.0,82.0,0.0,88.0,79.0,0.0,0.0,0.0,84.0,0.0,0.0,0.0,76.0,74.0,87.0,0.0,0.0,0.0
686,85.0,78.25,80.0,0.0,0.0,0.0,85.0,78.0,0.0,0.0,0.0,80.67,0.0,0.0,0.0,0.0,84.0,0.0,0.0,73.0
687,77.0,77.2,81.5,0.0,0.0,0.0,0.0,69.0,0.0,0.0,85.0,82.0,0.0,0.0,0.0,0.0,70.0,83.0,0.0,0.0
688,90.0,78.0,0.0,99.0,77.0,0.0,0.0,0.0,0.0,0.0,72.5,0.0,92.0,0.0,0.0,0.0,81.0,0.0,70.0,0.0
689,86.0,80.0,0.0,77.0,77.0,0.0,0.0,82.0,0.0,0.0,0.0,0.0,0.0,0.0,0.0,0.0,87.0,0.0,0.0,79.0
690,0.0,82.0,80.0,0.0,0.0,0.0,0.0,0.0,0.0,0.0,83.0,0.0,0.0,0.0,0.0,0.0,77.5,0.0,86.0,75.0
691,0.0,75.75,0.0,0.0,0.0,78.0,0.0,0.0,0.0,0.0,0.0,77.0,0.0,84.0,77.0,96.0,76.0,0.0,0.0,85.0
692,0.0,83.0,0.0,81.0,0.0,74.0,84.0,0.0,0.0,0.0,0.0,0.0,0.0,0.0,0.0,0.0,77.0,0.0,80.0,0.0
693,0.0,85.5,0.0,0.0,0.0,0.0,76.0,72.0,75.0,0.0,0.0,0.0,0.0,0.0,67.0,0.0,87.0,0.0,76.0,79.0
694,0.0,81.75,77.0,65.0,0.0,84.0,0.0,0.0,0.0,0.0,0.0,79.0,0.0,0.0,0.0,80.0,81.0,0.0,0.0,0.0
695,0.0,79.8,0.0,84.0,83.0,0.0,0.0,0.0,0.0,90.0,0.0,0.0,0.0,0.0,74.0,0.0,83.0,0.0,0.0,0.0
696,0.0,79.25,0.0,81.0,87.0,0.0,0.0,85.0,0.0,83.0,81.0,0.0,0.0,0.0,88.0,91.0,77.0,0.0,0.0,0.0
697,0.0,76.0,79.0,0.0,68.0,0.0,84.0,0.0,0.0,0.0,0.0,0.0,90.0,0.0,0.0,87.0,84.0,0.0,85.0,0.0
698,0.0,81.67,0.0,72.5,0.0,85.0,90.0,0.0,74.0,0.0,0.0,0.0,73.0,0.0,0.0,0.0,76.0,0.0,79.0,0.0
699,0.0,80.0,74.5,0.0,0.0,92.0,0.0,88.0,0.0,83.0,0.0,73.0,0.0,84.0,0.0,0.0,83.0,0.0,0.0,0.0
700,0.0,85.0,0.0,0.0,83.0,0.0,0.0,0.0,0.0,0.0,74.0,76.0,0.0,86.0,0.0,0.0,83.5,0.0,0.0,0.0
701,66.0,83.25,0.0,85.0,0.0,74.0,0.0,0.0,78.0,69.0,0.0,75.0,0.0,0.0,0.0,0.0,81.0,0.0,65.0,0.0
702,0.0,80.25,92.0,0.0,0.0,72.0,0.0,0.0,70.0,80.0,78.0,0.0,75.0,0.0,0.0,0.0,71.0,0.0,90.0,0.0
703,0.0,82.0,74.0,0.0,0.0,63.0,80.0,0.0,0.0,0.0,0.0,0.0,84.0,0.0,0.0,88.5,72.0,0.0,0.0,0.0
704,71.0,78.67,0.0,0.0,68.0,0.0,72.0,0.0,0.0,0.0,0.0,78.0,0.0,67.0,0.0,71.0,82.0,0.0,0.0,0.0
705,0.0,82.0,0.0,84.0,78.0,79.0,0.0,0.0,70.0,0.0,0.0,0.0,0.0,74.0,79.0,0.0,89.0,0.0,70.0,0.0
706,0.0,82.33,78.0,91.0,0.0,0.0,0.0,0.0,0.0,0.0,79.0,0.0,0.0,0.0,88.5,0.0,77.5,0.0,0.0,0.0
707,0.0,82.0,0.0,79.0,0.0,86.0,0.0,0.0,0.0,0.0,0.0,0.0,0.0,78.0,0.0,0.0,88.5,84.0,0.0,0.0
708,84.0,77.75,0.0,0.0,0.0,0.0,0.0,74.0,89.0,77.0,69.0,82.0,0.0,86.0,0.0,0.0,73.0,0.0,0.0,0.0
709,0.0,80.0,89.5,0.0,0.0,0.0,0.0,0.0,0.0,0.0,0.0,92.0,79.0,0.0,0.0,0.0,77.0,0.0,86.0,0.0
710,77.0,83.0,88.0,73.0,0.0,0.0,0.0,71.0,0.0,0.0,70.0,0.0,0.0,0.0,0.0,0.0,73.0,0.0,90.0,83.0
711,0.0,81.0,0.0,0.0,65.0,72.0,83.0,0.0,0.0,77.0,78.0,0.0,88.0,0.0,0.0,84.0,79.0,90.0,0.0,0.0
712,0.0,82.0,0.0,0.0,0.0,88.0,0.0,83.0,0.0,0.0,0.0,64.0,78.0,0.0,78.5,73.5,70.0,0.0,0.0,0.0
713,0.0,80.0,82.0,74.0,0.0,0.0,79.0,0.0,0.0,0.0,0.0,0.0,92.0,69.0,0.0,0.0,0.0,0.0,0.0,0.0
714,0.0,76.0,90.0,0.0,0.0,0.0,0.0,97.0,87.5,0.0,0.0,76.0,0.0,0.0,0.0,0.0,73.5,66.0,0.0,85.0
715,0.0,81.25,0.0,0.0,0.0,73.0,82.0,0.0,0.0,78.0,0.0,0.0,0.0,0.0,0.0,80.0,81.0,0.0,90.0,0.0
716,0.0,77.25,83.0,0.0,0.0,0.0,0.0,73.0,79.0,98.0,0.0,0.0,0.0,0.0,0.0,0.0,81.0,85.0,0.0,0.0
717,0.0,82.5,0.0,87.0,78.0,0.0,0.0,79.0,0.0,0.0,0.0,0.0,88.0,76.0,76.0,0.0,76.0,0.0,81.0,0.0
718,0.0,75.5,82.0,79.0,0.0,79.0,84.0,0.0,0.0,0.0,89.0,0.0,0.0,0.0,0.0,0.0,85.0,78.0,76.0,91.0
719,0.0,83.5,0.0,0.0,0.0,85.0,87.0,0.0,0.0,75.0,75.5,0.0,90.0,86.0,0.0,0.0,77.0,0.0,0.0,0.0
720,85.0,79.0,85.0,66.0,0.0,0.0,0.0,0.0,0.0,0.0,0.0,77.0,0.0,0.0,85.0,0.0,76.0,0.0,0.0,0.0
721,0.0,78.0,0.0,0.0,84.0,83.0,0.0,0.0,0.0,0.0,0.0,0.0,73.5,0.0,0.0,89.0,81.0,0.0,79.0,89.0
722,0.0,84.5,0.0,82.0,92.0,0.0,68.0,0.0,0.0,0.0,0.0,0.0,0.0,77.0,0.0,0.0,80.5,0.0,0.0,90.0
723,0.0,80.5,0.0,0.0,0.0,0.0,0.0,0.0,85.0,0.0,86.0,0.0,0.0,0.0,79.0,0.0,94.0,83.0,0.0,73.0
724,0.0,82.0,0.0,93.0,0.0,74.0,0.0,0.0,75.0,0.0,80.5,81.5,0.0,0.0,0.0,0.0,74.0,0.0,0.0,0.0
725,0.0,82.75,0.0,77.0,0.0,79.0,84.0,0.0,0.0,0.0,79.0,81.0,0.0,0.0,80.0,0.0,74.0,0.0,90.0,0.0
726,0.0,81.33,77.0,0.0,78.5,67.0,0.0,82.0,0.0,0.0,0.0,0.0,0.0,0.0,0.0,67.0,70.0,0.0,70.0,0.0
727,0.0,85.5,0.0,83.0,85.0,82.0,0.0,0.0,64.0,0.0,0.0,0.0,0.0,79.0,0.0,75.0,78.0,0.0,0.0,0.0
728,76.0,74.25,0.0,82.0,85.5,79.0,0.0,0.0,93.0,0.0,0.0,70.0,0.0,79.0,0.0,0.0,86.0,82.0,0.0,0.0
729,0.0,78.5,94.0,0.0,92.0,0.0,0.0,69.0,92.0,76.0,0.0,76.0,0.0,0.0,0.0,0.0,77.0,83.5,0.0,0.0
730,0.0,77.5,0.0,75.0,0.0,76.0,0.0,89.5,0.0,0.0,73.0,0.0,0.0,80.0,79.0,0.0,79.0,0.0,0.0,77.0
731,0.0,78.25,0.0,0.0,80.0,0.0,0.0,83.0,0.0,0.0,0.0,0.0,78.0,0.0,83.0,78.0,90.0,0.0,0.0,0.0
732,0.0,77.5,0.0,0.0,80.0,89.0,0.0,70.0,75.5,0.0,77.0,0.0,0.0,95.0,0.0,0.0,77.0,0.0,0.0,78.0
733,0.0,80.0,83.0,84.0,0.0,74.0,88.0,85.0,64.0,0.0,85.0,0.0,0.0,86.0,0.0,0.0,80.0,0.0,0.0,0.0
734,0.0,83.0,0.0,0.0,77.0,0.0,0.0,0.0,0.0,86.0,0.0,0.0,0.0,0.0,65.0,0.0,84.0,0.0,89.0,82.0
735,0.0,84.0,0.0,0.0,0.0,0.0,92.0,78.0,0.0,77.0,0.0,0.0,0.0,0.0,0.0,0.0,88.0,75.0,0.0,76.0
736,80.0,74.25,0.0,84.0,0.0,74.0,0.0,0.0,0.0,0.0,0.0,77.0,91.0,0.0,0.0,0.0,70.0,0.0,0.0,82.5
737,77.0,83.75,0.0,65.0,0.0,0.0,72.0,0.0,0.0,0.0,0.0,0.0,0.0,0.0,78.0,0.0,85.5,0.0,85.0,0.0
738,81.0,85.0,0.0,81.0,0.0,0.0,0.0,0.0,72.0,0.0,0.0,0.0,0.0,0.0,0.0,0.0,83.0,76.0,0.0,0.0
739,77.0,81.5,99.0,88.0,0.0,0.0,0.0,80.0,84.0,0.0,0.0,0.0,88.0,69.0,0.0,0.0,80.5,0.0,0.0,0.0
740,74.5,87.0,0.0,0.0,85.0,0.0,0.0,70.5,0.0,0.0,81.0,71.0,0.0,0.0,0.0,67.0,83.0,84.0,0.0,91.0
741,0.0,75.75,0.0,81.0,0.0,0.0,0.0,0.0,83.0,80.0,0.0,79.0,0.0,90.0,0.0,80.5,90.0,79.0,75.0,0.0
742,79.0,85.0,0.0,73.0,0.0,0.0,0.0,0.0,90.0,68.0,87.0,0.0,81.0,0.0,0.0,85.5,82.0,0.0,0.0,0.0
743,64.0,81.75,76.0,0.0,0.0,0.0,85.0,75.67,0.0,70.0,0.0,0.0,75.0,0.0,0.0,0.0,76.0,0.0,0.0,0.0
744,0.0,75.5,0.0,78.0,80.5,0.0,0.0,94.0,0.0,75.0,87.0,93.0,0.0,0.0,0.0,72.0,85.0,0.0,86.0,0.0
745,81.0,79.25,0.0,0.0,0.0,0.0,0.0,79.0,0.0,0.0,0.0,0.0,0.0,0.0,0.0,88.0,87.0,0.0,0.0,83.0
746,74.0,83.75,0.0,0.0,88.0,0.0,0.0,0.0,0.0,87.0,80.5,0.0,0.0,91.0,0.0,73.0,0.0,76.0,87.0,0.0
747,81.0,80.75,93.0,0.0,0.0,0.0,0.0,0.0,0.0,77.5,0.0,0.0,76.0,0.0,89.0,0.0,75.0,0.0,0.0,0.0
748,91.0,78.25,0.0,0.0,0.0,0.0,79.0,0.0,88.0,0.0,0.0,0.0,79.0,0.0,0.0,87.0,85.0,87.0,0.0,0.0
749,89.0,82.25,0.0,88.0,0.0,0.0,0.0,89.0,0.0,0.0,0.0,0.0,0.0,0.0,77.5,0.0,77.0,91.0,0.0,84.0
750,0.0,78.75,0.0,91.0,0.0,0.0,0.0,0.0,0.0,0.0,0.0,88.0,0.0,99.0,0.0,83.0,84.0,86.0,0.0,0.0
751,90.0,76.75,70.0,0.0,0.0,82.0,0.0,0.0,0.0,0.0,0.0,0.0,0.0,0.0,82.0,79.0,78.0,84.5,63.0,0.0
752,0.0,81.4,85.0,0.0,0.0,85.0,0.0,0.0,77.0,0.0,0.0,0.0,0.0,0.0,0.0,0.0,74.5,0.0,76.0,72.0
753,0.0,78.75,76.0,0.0,0.0,71.0,87.0,88.0,0.0,0.0,0.0,0.0,0.0,90.0,81.0,0.0,77.0,0.0,0.0,80.0
754,0.0,82.25,77.0,85.0,83.0,0.0,0.0,71.0,0.0,0.0,0.0,0.0,0.0,0.0,0.0,79.0,77.0,0.0,0.0,68.0
755,0.0,80.2,0.0,0.0,80.5,80.0,70.0,0.0,0.0,0.0,0.0,79.0,0.0,0.0,0.0,0.0,88.0,0.0,80.0,91.0
756,0.0,81.6,0.0,0.0,0.0,78.67,0.0,0.0,84.0,0.0,0.0,0.0,77.0,0.0,81.0,0.0,81.0,0.0,0.0,73.5
757,0.0,87.25,0.0,80.0,88.0,0.0,0.0,91.0,0.0,89.0,0.0,85.0,0.0,0.0,0.0,0.0,81.0,89.0,0.0,87.0
758,77.0,77.75,0.0,0.0,0.0,0.0,0.0,83.0,0.0,89.0,0.0,0.0,0.0,0.0,70.0,68.0,70.0,0.0,0.0,0.0
759,86.0,81.25,0.0,0.0,72.0,87.0,0.0,0.0,72.0,0.0,0.0,0.0,0.0,0.0,0.0,90.0,74.0,0.0,0.0,0.0
760,0.0,85.75,88.0,0.0,0.0,0.0,0.0,0.0,0.0,0.0,0.0,68.0,0.0,79.0,74.0,0.0,77.0,0.0,0.0,87.0
761,87.0,73.5,0.0,0.0,0.0,0.0,0.0,83.0,0.0,0.0,0.0,72.0,84.0,82.0,76.0,0.0,87.0,0.0,0.0,0.0
762,82.0,83.25,0.0,67.0,0.0,0.0,62.0,69.0,0.0,0.0,0.0,0.0,0.0,0.0,0.0,83.0,77.0,0.0,91.0,0.0
763,81.0,85.0,0.0,77.0,0.0,0.0,82.0,78.0,75.0,0.0,0.0,0.0,0.0,0.0,0.0,0.0,82.0,76.0,82.0,0.0
764,0.0,77.0,0.0,0.0,0.0,0.0,0.0,73.0,82.0,0.0,0.0,0.0,0.0,0.0,74.0,0.0,66.0,80.0,0.0,84.0
765,0.0,74.75,0.0,86.0,0.0,0.0,75.0,0.0,0.0,0.0,76.0,0.0,0.0,0.0,89.0,0.0,75.5,92.0,75.0,73.0
766,0.0,81.5,81.0,0.0,0.0,75.5,0.0,0.0,0.0,0.0,0.0,71.0,0.0,68.0,76.5,81.0,92.0,72.0,0.0,0.0
767,0.0,73.75,90.0,66.5,0.0,75.0,0.0,0.0,0.0,86.0,0.0,0.0,0.0,0.0,0.0,88.0,84.0,0.0,0.0,0.0
768,0.0,86.6,85.0,82.0,84.0,0.0,76.0,0.0,0.0,0.0,0.0,77.0,0.0,84.0,85.0,84.0,68.0,0.0,0.0,0.0
769,86.5,81.25,0.0,0.0,74.0,0.0,0.0,74.0,88.0,0.0,0.0,82.0,81.0,0.0,0.0,0.0,63.0,73.0,0.0,0.0
770,82.0,79.5,0.0,66.0,0.0,72.0,0.0,73.0,0.0,0.0,93.0,74.0,90.0,0.0,89.0,0.0,73.0,73.0,0.0,0.0
771,79.0,78.25,0.0,0.0,0.0,0.0,0.0,0.0,0.0,0.0,87.0,0.0,0.0,75.0,0.0,0.0,79.0,82.0,0.0,0.0
772,0.0,77.0,0.0,92.0,70.0,76.0,0.0,80.0,0.0,79.0,0.0,71.0,71.0,80.0,0.0,86.0,84.0,0.0,0.0,76.0
773,0.0,82.8,0.0,86.0,89.0,82.0,87.0,0.0,0.0,0.0,0.0,0.0,65.0,78.0,75.0,0.0,82.0,0.0,68.0,0.0
774,0.0,87.5,74.0,0.0,0.0,0.0,0.0,0.0,90.0,0.0,0.0,0.0,81.0,83.5,0.0,80.0,73.0,62.0,0.0,0.0
775,0.0,80.5,67.0,0.0,0.0,68.0,0.0,94.0,82.0,77.0,0.0,0.0,82.0,0.0,69.0,0.0,76.0,92.0,0.0,0.0
776,93.0,80.0,0.0,0.0,76.0,0.0,0.0,74.0,88.0,0.0,0.0,87.0,0.0,0.0,83.0,0.0,77.0,0.0,89.0,0.0
777,0.0,78.4,0.0,0.0,83.0,0.0,0.0,0.0,0.0,0.0,89.0,0.0,72.0,0.0,0.0,0.0,78.0,0.0,0.0,0.0
778,0.0,83.4,0.0,0.0,0.0,0.0,0.0,0.0,79.0,0.0,76.0,75.0,0.0,0.0,0.0,0.0,81.0,75.0,86.0,66.0
779,0.0,76.75,0.0,0.0,0.0,93.0,87.0,0.0,67.0,0.0,91.0,68.0,0.0,0.0,0.0,0.0,76.0,0.0,0.0,74.0
780,0.0,83.75,0.0,75.0,0.0,0.0,0.0,72.0,76.33,79.0,74.0,0.0,76.0,0.0,0.0,74.0,74.0,0.0,76.0,0.0
781,0.0,81.75,0.0,86.5,69.0,0.0,0.0,0.0,0.0,0.0,0.0,0.0,87.0,83.0,86.0,65.0,75.5,95.0,0.0,78.0
782,75.0,74.0,0.0,0.0,83.0,0.0,0.0,71.0,0.0,0.0,86.0,86.0,0.0,80.0,0.0,0.0,64.0,0.0,80.0,0.0
783,0.0,81.67,0.0,0.0,0.0,0.0,84.0,81.67,0.0,0.0,0.0,0.0,0.0,72.0,0.0,0.0,87.0,0.0,89.0,0.0
784,88.0,82.0,0.0,0.0,0.0,0.0,0.0,0.0,69.0,68.0,0.0,78.0,86.0,80.5,82.0,0.0,82.5,0.0,0.0,0.0
785,0.0,87.75,0.0,76.0,0.0,92.0,0.0,0.0,0.0,78.0,0.0,0.0,84.0,0.0,0.0,0.0,84.25,0.0,0.0,84.33
786,71.0,79.8,80.0,82.0,0.0,0.0,82.0,0.0,0.0,81.0,0.0,0.0,0.0,0.0,0.0,0.0,74.0,0.0,0.0,0.0
787,0.0,75.25,0.0,0.0,86.0,0.0,0.0,0.0,86.0,82.5,84.0,0.0,0.0,0.0,0.0,0.0,74.0,0.0,82.0,0.0
788,76.0,71.0,75.0,0.0,0.0,75.0,0.0,0.0,84.0,0.0,0.0,0.0,0.0,86.0,0.0,69.0,78.0,0.0,89.0,0.0
789,87.0,77.25,0.0,80.0,78.0,82.0,0.0,83.5,0.0,0.0,78.0,0.0,0.0,0.0,86.0,0.0,88.0,77.0,0.0,0.0
790,0.0,85.0,0.0,89.0,0.0,77.0,0.0,0.0,0.0,0.0,75.5,0.0,0.0,0.0,0.0,0.0,76.0,0.0,87.0,0.0
791,85.0,82.0,73.5,80.0,78.0,0.0,0.0,0.0,0.0,0.0,0.0,0.0,0.0,0.0,97.0,77.0,80.5,0.0,66.0,0.0
792,0.0,78.0,0.0,0.0,0.0,0.0,89.0,0.0,0.0,0.0,0.0,0.0,74.0,0.0,85.0,79.0,85.0,82.0,0.0,80.0
793,0.0,84.0,0.0,0.0,0.0,72.0,0.0,0.0,68.0,0.0,0.0,0.0,0.0,0.0,74.0,0.0,79.5,0.0,61.0,0.0
794,0.0,82.0,81.0,75.0,0.0,0.0,0.0,0.0,0.0,71.0,83.0,0.0,0.0,78.0,88.0,0.0,79.0,0.0,0.0,0.0
795,0.0,71.25,0.0,0.0,80.0,0.0,84.0,86.0,0.0,0.0,0.0,0.0,0.0,0.0,0.0,0.0,78.0,0.0,79.0,0.0
796,0.0,82.25,84.0,0.0,0.0,79.0,0.0,85.0,0.0,0.0,0.0,0.0,0.0,0.0,0.0,0.0,78.0,0.0,71.0,85.0
797,75.0,78.5,0.0,0.0,0.0,85.0,0.0,87.0,0.0,70.0,0.0,0.0,70.0,0.0,0.0,0.0,74.0,0.0,0.0,0.0
798,0.0,82.0,0.0,76.0,0.0,0.0,0.0,0.0,77.0,0.0,0.0,0.0,72.0,0.0,0.0,86.0,73.5,0.0,0.0,0.0
799,74.0,80.25,0.0,0.0,0.0,0.0,0.0,66.0,0.0,90.0,79.0,66.0,0.0,0.0,81.5,0.0,80.0,0.0,0.0,0.0
800,82.0,85.75,82.0,0.0,0.0,0.0,0.0,0.0,87.0,0.0,0.0,0.0,0.0,82.0,0.0,0.0,83.0,0.0,84.0,0.0
801,0.0,78.4,0.0,0.0,0.0,0.0,73.0,0.0,0.0,79.5,91.0,0.0,0.0,0.0,68.0,0.0,86.0,0.0,0.0,85.0
802,0.0,81.5,0.0,67.0,81.0,79.5,0.0,0.0,76.0,0.0,0.0,0.0,89.0,83.0,0.0,96.0,79.0,0.0,82.0,0.0
803,0.0,81.8,0.0,0.0,0.0,91.0,64.0,0.0,72.0,0.0,88.0,0.0,82.0,0.0,0.0,81.0,86.0,72.0,84.0,0.0
804,0.0,78.5,0.0,0.0,0.0,0.0,82.0,72.0,69.0,86.0,0.0,0.0,0.0,0.0,74.0,0.0,76.0,0.0,0.0,74.0
805,0.0,79.0,0.0,85.0,0.0,0.0,81.0,70.0,0.0,0.0,78.0,0.0,0.0,0.0,79.5,0.0,85.0,0.0,0.0,75.0
806,0.0,79.75,0.0,0.0,0.0,68.0,0.0,0.0,81.0,0.0,0.0,0.0,0.0,0.0,0.0,0.0,77.67,80.0,0.0,0.0
807,90.0,84.5,0.0,0.0,86.5,0.0,78.5,0.0,0.0,0.0,0.0,80.0,0.0,0.0,0.0,0.0,78.5,0.0,73.0,72.0
808,0.0,85.75,79.0,0.0,0.0,78.0,0.0,0.0,67.0,0.0,77.5,0.0,0.0,0.0,98.0,76.0,79.5,0.0,0.0,0.0
809,0.0,76.75,71.0,0.0,94.0,0.0,0.0,0.0,0.0,0.0,0.0,0.0,0.0,0.0,0.0,0.0,86.0,90.0,77.5,0.0
810,86.0,83.0,0.0,0.0,88.0,0.0,70.0,0.0,0.0,0.0,0.0,0.0,0.0,84.0,0.0,85.0,77.0,0.0,86.0,66.0
811,0.0,84.25,0.0,79.0,0.0,0.0,82.5,0.0,83.0,0.0,0.0,0.0,70.0,0.0,0.0,0.0,78.0,0.0,0.0,76.0
812,0.0,79.25,69.0,0.0,84.0,0.0,0.0,0.0,0.0,0.0,0.0,0.0,88.0,80.0,82.0,0.0,72.0,78.0,0.0,0.0
813,0.0,68.67,89.5,0.0,0.0,80.0,0.0,0.0,0.0,0.0,0.0,86.0,0.0,78.0,0.0,79.0,79.0,0.0,82.0,0.0
814,0.0,78.25,0.0,0.0,0.0,74.0,0.0,0.0,0.0,79.5,0.0,0.0,75.0,0.0,0.0,0.0,84.0,0.0,0.0,73.0
815,0.0,84.33,0.0,0.0,0.0,0.0,0.0,0.0,91.0,0.0,0.0,83.0,83.0,0.0,0.0,84.0,71.0,0.0,75.0,67.0
816,0.0,74.25,0.0,0.0,0.0,0.0,0.0,84.5,0.0,91.0,73.0,0.0,0.0,67.0,0.0,0.0,82.0,75.0,0.0,80.0
817,74.0,84.25,0.0,83.0,0.0,0.0,0.0,77.0,0.0,76.0,0.0,90.0,0.0,0.0,0.0,0.0,74.0,0.0,0.0,0.0
818,85.0,85.6,0.0,74.0,79.0,0.0,87.0,80.0,0.0,0.0,0.0,80.0,0.0,0.0,0.0,87.0,79.5,0.0,0.0,0.0
819,78.0,67.25,0.0,0.0,87.0,0.0,0.0,0.0,0.0,0.0,0.0,0.0,0.0,85.0,0.0,0.0,79.0,0.0,79.0,81.0
820,84.0,83.0,65.0,92.0,74.33,0.0,0.0,84.5,0.0,78.0,0.0,0.0,0.0,0.0,0.0,0.0,80.0,0.0,63.0,0.0
821,83.0,82.0,0.0,77.0,82.0,91.0,0.0,0.0,0.0,0.0,85.0,0.0,0.0,71.0,0.0,73.0,95.0,77.0,0.0,81.0
822,0.0,77.8,79.5,0.0,0.0,77.0,71.0,0.0,0.0,76.0,88.0,0.0,0.0,0.0,0.0,0.0,74.0,73.0,94.0,0.0
823,76.0,77.5,0.0,0.0,0.0,0.0,0.0,93.0,0.0,0.0,0.0,85.0,0.0,0.0,76.0,65.0,81.5,0.0,74.0,0.0
824,88.0,82.25,0.0,0.0,0.0,0.0,0.0,0.0,83.0,83.0,0.0,88.0,0.0,79.0,69.0,0.0,90.0,0.0,0.0,0.0
825,81.0,82.5,81.0,0.0,72.0,0.0,75.0,0.0,0.0,77.0,0.0,74.0,0.0,0.0,0.0,0.0,85.5,0.0,0.0,0.0
826,80.0,82.0,90.0,0.0,78.0,0.0,0.0,0.0,81.0,0.0,0.0,92.0,72.0,0.0,0.0,0.0,85.0,0.0,0.0,0.0
827,94.0,81.2,0.0,79.0,0.0,86.0,76.0,89.0,95.0,0.0,91.0,0.0,0.0,91.0,0.0,78.0,0.0,0.0,0.0,0.0
828,85.5,73.0,0.0,0.0,0.0,76.0,0.0,74.0,0.0,0.0,0.0,0.0,79.0,82.0,0.0,0.0,73.67,0.0,0.0,0.0
829,0.0,82.75,86.0,0.0,0.0,0.0,68.0,84.0,0.0,0.0,0.0,89.0,0.0,82.0,0.0,0.0,80.0,82.0,0.0,77.0
830,0.0,80.5,0.0,0.0,0.0,0.0,0.0,0.0,76.0,0.0,0.0,0.0,0.0,0.0,81.0,89.0,70.0,0.0,0.0,0.0
831,0.0,80.2,0.0,90.0,0.0,0.0,0.0,0.0,77.5,0.0,0.0,0.0,0.0,85.0,80.0,0.0,93.0,75.0,0.0,78.0
832,0.0,81.5,74.0,85.0,0.0,0.0,79.0,0.0,0.0,82.0,80.0,76.0,0.0,0.0,0.0,91.0,71.0,0.0,0.0,0.0
833,0.0,78.0,0.0,0.0,0.0,0.0,0.0,0.0,0.0,0.0,89.0,0.0,0.0,72.0,0.0,72.0,80.0,0.0,73.0,0.0
834,0.0,76.25,0.0,96.0,0.0,0.0,0.0,0.0,83.0,0.0,0.0,0.0,0.0,0.0,76.0,0.0,75.0,83.0,0.0,0.0
835,0.0,81.5,0.0,0.0,0.0,0.0,0.0,85.0,0.0,81.0,0.0,0.0,90.0,98.0,0.0,0.0,97.0,77.0,0.0,0.0
836,79.0,81.2,0.0,0.0,0.0,0.0,0.0,0.0,0.0,0.0,0.0,74.0,72.0,0.0,73.0,0.0,84.5,76.0,73.0,0.0
837,0.0,69.25,77.0,0.0,0.0,0.0,0.0,0.0,83.5,82.0,0.0,0.0,0.0,0.0,80.0,0.0,83.0,67.0,82.5,79.0
838,74.0,75.67,87.0,90.0,0.0,90.0,0.0,0.0,0.0,0.0,0.0,0.0,81.0,89.5,69.0,76.0,83.0,0.0,0.0,0.0
839,0.0,80.25,0.0,0.0,0.0,0.0,0.0,0.0,79.0,0.0,83.0,85.0,0.0,72.0,0.0,0.0,88.0,65.0,0.0,0.0
840,0.0,83.5,87.0,0.0,93.0,0.0,0.0,67.0,78.0,76.0,0.0,0.0,79.0,0.0,0.0,0.0,86.0,0.0,0.0,0.0
841,88.0,75.75,90.0,0.0,0.0,0.0,0.0,0.0,0.0,90.0,0.0,0.0,0.0,96.0,0.0,0.0,82.0,0.0,0.0,71.0
842,85.5,79.75,0.0,76.0,0.0,80.0,0.0,0.0,79.0,81.5,0.0,0.0,0.0,0.0,0.0,0.0,74.5,0.0,0.0,76.0
843,0.0,81.25,0.0,0.0,0.0,91.0,0.0,0.0,0.0,79.0,0.0,0.0,0.0,0.0,0.0,0.0,80.0,78.5,77.0,94.0
844,0.0,82.0,0.0,0.0,0.0,0.0,0.0,0.0,0.0,0.0,80.0,0.0,77.0,0.0,72.0,85.0,79.0,81.0,0.0,84.5
845,0.0,80.5,0.0,0.0,0.0,74.0,83.0,0.0,0.0,0.0,76.0,85.0,0.0,0.0,0.0,0.0,73.0,0.0,0.0,72.0
846,0.0,80.75,74.0,0.0,80.0,0.0,0.0,0.0,89.0,0.0,0.0,0.0,0.0,81.0,88.0,81.0,75.0,77.0,81.0,0.0
847,0.0,79.0,0.0,0.0,0.0,0.0,70.0,0.0,0.0,88.0,0.0,0.0,96.0,69.0,79.0,0.0,77.5,0.0,79.0,0.0
848,0.0,80.5,81.0,0.0,0.0,0.0,0.0,77.0,0.0,0.0,0.0,0.0,0.0,71.0,74.0,75.0,65.0,0.0,0.0,0.0
849,0.0,75.25,0.0,76.0,0.0,0.0,0.0,0.0,0.0,81.0,0.0,0.0,68.0,85.0,0.0,0.0,74.0,87.0,0.0,0.0
850,89.0,71.5,82.0,0.0,90.0,95.0,0.0,0.0,0.0,0.0,0.0,0.0,81.0,0.0,73.5,72.0,78.0,86.0,0.0,0.0
851,79.0,83.25,0.0,0.0,0.0,84.5,0.0,0.0,79.5,84.0,0.0,0.0,0.0,91.0,0.0,0.0,88.0,0.0,0.0,0.0
852,0.0,78.25,0.0,0.0,0.0,81.0,0.0,72.0,80.5,0.0,0.0,87.0,0.0,0.0,0.0,0.0,83.0,0.0,0.0,66.0
853,78.0,75.25,0.0,0.0,0.0,0.0,82.0,0.0,86.0,0.0,92.0,83.0,86.0,0.0,0.0,83.0,81.0,0.0,74.0,0.0
854,0.0,76.75,0.0,0.0,0.0,0.0,0.0,0.0,0.0,0.0,95.0,79.0,0.0,0.0,0.0,0.0,73.5,0.0,78.0,77.0
855,75.0,79.5,0.0,0.0,0.0,66.0,0.0,71.5,0.0,0.0,0.0,0.0,0.0,0.0,0.0,0.0,89.0,82.0,0.0,0.0
856,0.0,81.5,0.0,0.0,0.0,0.0,0.0,0.0,0.0,0.0,73.0,0.0,0.0,0.0,0.0,94.0,84.5,96.0,87.0,0.0
857,0.0,82.0,0.0,0.0,0.0,75.5,77.0,0.0,80.0,83.0,0.0,69.0,0.0,0.0,0.0,0.0,73.0,70.0,0.0,0.0
858,77.0,78.0,0.0,0.0,90.0,0.0,77.0,0.0,84.0,80.0,0.0,0.0,0.0,0.0,0.0,0.0,77.0,77.0,0.0,81.0
859,80.0,84.67,85.0,0.0,0.0,94.0,0.0,79.0,0.0,70.0,85.0,0.0,0.0,74.0,0.0,0.0,79.5,0.0,0.0,83.0
860,63.0,76.75,97.0,86.0,73.0,0.0,0.0,83.0,78.0,0.0,0.0,69.0,0.0,0.0,0.0,81.0,85.0,0.0,84.0,0.0
861,0.0,87.75,0.0,0.0,0.0,82.0,0.0,81.0,0.0,0.0,72.0,0.0,0.0,0.0,74.5,0.0,77.0,0.0,77.0,78.33
862,76.0,81.75,79.0,70.0,79.0,0.0,0.0,0.0,92.0,75.0,0.0,0.0,0.0,67.0,0.0,0.0,89.0,81.0,0.0,0.0
863,0.0,84.0,85.0,0.0,76.5,0.0,0.0,0.0,94.0,0.0,0.0,85.0,86.5,0.0,0.0,0.0,73.0,0.0,0.0,0.0
864,69.0,79.0,0.0,0.0,80.0,0.0,0.0,68.0,83.0,83.0,86.0,0.0,0.0,61.0,0.0,0.0,78.0,0.0,74.5,0.0
865,68.0,83.5,0.0,0.0,0.0,0.0,87.0,0.0,87.5,78.0,0.0,77.0,0.0,86.0,71.0,72.0,72.0,0.0,0.0,0.0
866,0.0,82.75,0.0,0.0,79.0,0.0,86.0,0.0,0.0,0.0,73.5,78.0,0.0,0.0,0.0,0.0,0.0,0.0,80.0,0.0
867,0.0,78.0,0.0,80.0,0.0,78.0,0.0,0.0,0.0,0.0,85.0,69.0,0.0,84.0,0.0,88.0,85.0,88.0,0.0,0.0
868,0.0,83.5,77.0,0.0,80.0,0.0,80.0,0.0,0.0,0.0,0.0,0.0,0.0,0.0,0.0,85.0,76.0,0.0,0.0,68.0
869,88.0,80.0,82.0,83.0,88.0,0.0,75.0,0.0,0.0,87.0,0.0,0.0,75.0,0.0,0.0,0.0,87.0,81.0,86.0,0.0
870,0.0,79.25,0.0,0.0,84.0,0.0,91.0,83.0,0.0,0.0,0.0,0.0,0.0,0.0,0.0,0.0,92.0,0.0,0.0,79.0
871,0.0,81.75,0.0,0.0,0.0,0.0,0.0,89.0,76.0,0.0,0.0,0.0,0.0,0.0,83.0,74.5,78.0,66.0,73.0,0.0
872,89.0,80.75,0.0,82.0,0.0,0.0,78.5,80.0,0.0,0.0,89.0,0.0,0.0,94.0,80.0,0.0,78.0,0.0,87.0,0.0
873,0.0,84.0,0.0,0.0,0.0,71.0,97.0,0.0,0.0,88.0,0.0,88.0,0.0,0.0,76.0,71.0,78.5,81.0,0.0,0.0
874,0.0,79.0,0.0,0.0,77.0,92.0,0.0,75.0,79.0,0.0,0.0,0.0,0.0,74.0,0.0,79.0,78.0,0.0,0.0,87.0
875,0.0,76.25,0.0,0.0,0.0,0.0,85.0,85.0,0.0,79.0,0.0,0.0,0.0,0.0,65.0,0.0,71.0,69.5,0.0,0.0
876,0.0,78.0,91.0,0.0,0.0,88.0,0.0,0.0,0.0,0.0,0.0,0.0,0.0,0.0,0.0,0.0,70.0,82.0,80.0,79.5
877,0.0,82.25,0.0,0.0,0.0,0.0,74.0,0.0,0.0,74.5,81.0,0.0,0.0,0.0,0.0,81.0,82.0,82.0,76.0,0.0
878,0.0,76.25,73.5,76.5,0.0,80.0,79.0,0.0,0.0,79.0,0.0,0.0,0.0,85.0,74.0,0.0,76.5,0.0,0.0,0.0
879,0.0,84.75,0.0,0.0,89.0,78.0,76.0,0.0,0.0,84.0,0.0,0.0,0.0,0.0,0.0,96.0,85.0,0.0,0.0,79.5
880,82.5,74.67,0.0,78.0,75.5,79.0,0.0,0.0,76.0,0.0,0.0,0.0,89.0,0.0,0.0,0.0,78.0,0.0,0.0,0.0
881,77.0,74.25,0.0,0.0,0.0,0.0,87.0,0.0,69.0,0.0,0.0,84.0,0.0,0.0,75.0,0.0,86.5,81.0,94.0,0.0
882,0.0,75.8,82.0,0.0,0.0,0.0,0.0,76.0,0.0,0.0,0.0,0.0,0.0,0.0,75.0,0.0,0.0,78.0,68.0,0.0
883,0.0,76.25,0.0,0.0,0.0,0.0,73.0,0.0,0.0,0.0,82.0,71.0,0.0,0.0,82.0,0.0,75.0,71.0,0.0,0.0
884,0.0,75.75,87.0,72.0,0.0,0.0,80.0,0.0,66.0,87.0,0.0,76.0,0.0,0.0,0.0,0.0,78.0,0.0,0.0,0.0
885,74.0,75.75,85.0,0.0,0.0,0.0,0.0,79.0,81.0,0.0,0.0,0.0,72.0,77.0,0.0,0.0,89.0,0.0,76.0,0.0
886,0.0,75.25,71.0,0.0,0.0,84.5,88.0,0.0,0.0,91.0,83.0,0.0,0.0,0.0,0.0,0.0,82.0,0.0,0.0,0.0
887,0.0,76.0,0.0,0.0,0.0,86.0,0.0,0.0,0.0,86.0,76.0,92.0,80.0,0.0,0.0,80.0,81.0,0.0,0.0,0.0
888,0.0,77.25,0.0,0.0,0.0,69.0,0.0,79.0,77.0,0.0,0.0,74.5,0.0,76.0,0.0,90.0,86.0,0.0,0.0,0.0
889,0.0,89.0,82.0,0.0,0.0,0.0,0.0,79.0,77.0,0.0,0.0,72.0,0.0,74.0,0.0,77.0,96.0,0.0,0.0,66.0
890,82.0,82.5,0.0,0.0,68.0,87.0,0.0,94.0,0.0,0.0,0.0,0.0,0.0,87.0,74.0,73.0,82.33,0.0,0.0,0.0
891,0.0,77.75,0.0,0.0,0.0,82.0,0.0,0.0,0.0,0.0,0.0,0.0,0.0,0.0,76.0,0.0,80.5,0.0,79.0,0.0
892,0.0,80.25,0.0,0.0,0.0,0.0,0.0,0.0,0.0,67.0,0.0,76.0,0.0,0.0,82.0,81.0,69.0,76.0,0.0,66.0
893,0.0,79.5,82.0,0.0,72.0,0.0,0.0,0.0,0.0,0.0,83.0,0.0,92.0,0.0,82.0,0.0,90.0,0.0,80.0,80.0
894,0.0,82.5,0.0,0.0,72.0,0.0,0.0,0.0,70.0,0.0,0.0,74.0,0.0,0.0,73.0,81.0,73.5,0.0,0.0,82.0
895,84.0,82.0,81.0,0.0,83.0,78.5,0.0,0.0,0.0,0.0,82.0,0.0,0.0,73.0,0.0,92.0,84.0,0.0,0.0,0.0
896,0.0,79.25,0.0,81.0,82.0,0.0,0.0,0.0,68.0,0.0,86.0,0.0,80.5,0.0,0.0,0.0,90.0,79.0,0.0,0.0
897,0.0,80.75,0.0,0.0,82.0,89.0,0.0,0.0,0.0,0.0,0.0,0.0,75.0,84.0,0.0,0.0,87.5,88.0,0.0,0.0
898,0.0,79.0,0.0,0.0,0.0,0.0,0.0,0.0,70.0,0.0,94.0,0.0,0.0,0.0,0.0,0.0,85.5,89.0,0.0,68.0
899,0.0,75.75,0.0,90.0,81.0,87.0,0.0,0.0,0.0,0.0,0.0,0.0,0.0,0.0,0.0,77.0,81.0,0.0,79.0,0.0
900,0.0,80.25,0.0,89.0,0.0,74.0,79.0,0.0,0.0,0.0,79.0,0.0,0.0,0.0,0.0,0.0,72.0,82.0,0.0,68.0
901,72.0,78.0,0.0,80.0,0.0,0.0,74.0,0.0,0.0,0.0,0.0,0.0,0.0,81.0,77.0,84.5,76.0,81.0,0.0,0.0
902,80.0,75.4,0.0,0.0,0.0,70.0,84.0,0.0,79.0,77.0,0.0,0.0,0.0,81.0,0.0,72.0,76.0,0.0,84.5,0.0
903,0.0,85.25,0.0,0.0,88.0,0.0,0.0,0.0,83.0,83.0,0.0,0.0,78.0,71.5,0.0,0.0,85.0,0.0,74.0,70.0
904,0.0,80.0,0.0,76.0,0.0,0.0,0.0,0.0,0.0,0.0,0.0,0.0,0.0,0.0,0.0,87.0,84.0,89.0,0.0,0.0
905,78.0,72.2,84.0,0.0,0.0,0.0,93.0,0.0,0.0,88.0,77.5,0.0,0.0,0.0,79.0,0.0,97.0,0.0,92.0,0.0
906,75.5,75.0,0.0,91.0,0.0,0.0,0.0,0.0,83.0,90.0,80.0,76.0,0.0,0.0,0.0,0.0,84.0,0.0,74.0,0.0
907,0.0,75.0,0.0,0.0,0.0,0.0,0.0,0.0,0.0,0.0,0.0,94.0,81.5,75.0,0.0,0.0,82.0,75.0,66.0,69.0
908,81.0,74.75,0.0,0.0,0.0,77.0,76.0,0.0,0.0,0.0,0.0,0.0,0.0,0.0,0.0,89.0,79.0,72.5,0.0,0.0
909,0.0,80.25,0.0,90.0,67.0,0.0,78.0,0.0,0.0,0.0,74.0,0.0,0.0,75.0,84.0,0.0,77.0,0.0,77.0,81.0
910,84.0,84.25,0.0,0.0,90.0,81.0,0.0,0.0,0.0,0.0,0.0,0.0,85.0,73.0,0.0,0.0,78.0,0.0,0.0,90.0
911,0.0,80.8,0.0,0.0,0.0,85.0,82.5,0.0,88.0,0.0,75.0,0.0,0.0,0.0,68.0,74.0,76.0,0.0,0.0,0.0
912,0.0,80.5,93.0,63.0,0.0,0.0,0.0,0.0,0.0,0.0,67.0,0.0,0.0,0.0,0.0,84.0,78.0,0.0,0.0,85.5
913,0.0,72.25,80.0,0.0,85.0,80.0,91.0,77.0,0.0,0.0,0.0,0.0,0.0,0.0,0.0,0.0,72.0,0.0,65.0,0.0
914,0.0,77.75,0.0,0.0,0.0,81.0,0.0,87.0,0.0,0.0,0.0,0.0,88.0,0.0,82.0,0.0,76.0,99.0,0.0,70.0
915,0.0,83.25,0.0,72.0,0.0,0.0,0.0,75.0,0.0,78.0,0.0,86.0,0.0,0.0,0.0,0.0,70.0,78.0,81.0,0.0
916,78.0,78.8,0.0,0.0,0.0,0.0,75.5,75.0,0.0,0.0,76.0,0.0,0.0,0.0,0.0,75.0,85.0,0.0,0.0,0.0
917,0.0,79.25,0.0,0.0,84.0,0.0,80.0,0.0,0.0,78.0,71.0,0.0,0.0,0.0,78.0,95.0,0.0,0.0,0.0,90.0
918,0.0,88.0,0.0,82.0,89.0,78.0,87.0,0.0,0.0,0.0,0.0,0.0,81.0,0.0,0.0,0.0,76.0,85.67,0.0,0.0
919,0.0,73.25,0.0,0.0,78.0,0.0,0.0,75.0,0.0,88.0,0.0,82.0,0.0,0.0,72.0,0.0,70.0,0.0,0.0,0.0
920,0.0,79.5,0.0,68.0,0.0,83.0,68.0,0.0,0.0,0.0,0.0,86.0,78.0,83.0,0.0,82.0,82.0,0.0,86.0,0.0
921,0.0,82.0,90.0,79.0,0.0,0.0,0.0,0.0,0.0,0.0,77.0,0.0,0.0,0.0,76.0,0.0,71.0,78.0,83.5,0.0
922,87.5,80.75,93.0,0.0,77.0,0.0,0.0,0.0,95.0,0.0,0.0,72.0,66.0,82.0,83.0,0.0,84.0,0.0,0.0,0.0
923,92.0,80.25,73.0,0.0,0.0,90.0,78.0,0.0,0.0,0.0,88.0,81.0,82.0,0.0,0.0,91.0,82.0,0.0,66.0,0.0
924,0.0,85.25,0.0,0.0,89.5,0.0,0.0,0.0,0.0,0.0,81.0,0.0,65.0,0.0,0.0,0.0,92.0,0.0,76.0,0.0
925,0.0,79.0,0.0,64.0,0.0,84.0,0.0,0.0,81.0,0.0,0.0,0.0,0.0,0.0,0.0,74.0,70.0,0.0,0.0,0.0
926,88.0,88.25,90.0,0.0,81.0,0.0,0.0,0.0,68.0,0.0,0.0,0.0,0.0,0.0,81.0,78.0,86.5,0.0,0.0,86.0
927,0.0,79.5,86.0,0.0,0.0,86.0,88.0,93.0,80.0,0.0,0.0,0.0,0.0,93.0,0.0,83.0,80.0,0.0,0.0,0.0
928,0.0,85.0,0.0,92.0,73.0,0.0,81.0,0.0,0.0,0.0,89.0,0.0,0.0,75.0,0.0,82.0,84.0,82.0,0.0,81.5
929,90.0,86.75,0.0,75.0,0.0,0.0,68.0,0.0,0.0,0.0,88.0,81.0,0.0,0.0,0.0,0.0,69.0,0.0,69.0,82.0
930,0.0,79.0,0.0,0.0,0.0,0.0,77.0,0.0,0.0,0.0,0.0,85.0,0.0,81.0,0.0,0.0,90.0,0.0,69.0,0.0
931,0.0,78.0,0.0,0.0,0.0,77.0,67.0,81.0,80.0,0.0,0.0,0.0,72.0,77.0,0.0,0.0,75.5,0.0,0.0,0.0
932,0.0,87.75,0.0,0.0,76.0,89.0,80.0,0.0,0.0,0.0,0.0,0.0,0.0,0.0,0.0,0.0,78.0,77.0,67.0,91.0
933,0.0,83.75,0.0,0.0,0.0,84.0,91.0,79.0,0.0,0.0,0.0,90.0,73.0,0.0,0.0,0.0,93.0,95.0,0.0,0.0
934,0.0,81.5,0.0,0.0,80.0,0.0,0.0,0.0,94.0,79.0,0.0,0.0,78.0,0.0,0.0,0.0,77.0,88.0,72.0,83.0
935,78.5,84.8,80.0,0.0,75.0,0.0,0.0,0.0,82.0,0.0,0.0,0.0,0.0,0.0,0.0,0.0,75.0,80.0,0.0,73.0
936,83.0,75.5,0.0,0.0,0.0,80.0,80.0,0.0,79.0,80.0,86.0,0.0,0.0,0.0,82.0,0.0,84.0,77.0,0.0,0.0
937,0.0,79.25,0.0,0.0,77.0,67.0,86.0,0.0,0.0,0.0,0.0,0.0,89.0,77.0,0.0,0.0,93.0,0.0,81.0,72.0
938,96.0,83.5,0.0,0.0,74.0,0.0,0.0,82.0,0.0,0.0,0.0,0.0,78.0,0.0,0.0,68.0,87.0,81.5,66.0,0.0
939,0.0,79.6,0.0,0.0,0.0,0.0,0.0,0.0,0.0,69.0,88.0,85.0,0.0,0.0,0.0,0.0,91.0,0.0,0.0,77.0
940,0.0,83.75,91.0,0.0,0.0,85.0,0.0,0.0,0.0,0.0,0.0,0.0,88.0,0.0,0.0,0.0,74.33,0.0,0.0,0.0
941,92.0,78.5,0.0,0.0,80.0,0.0,84.0,0.0,77.0,83.0,0.0,0.0,0.0,0.0,0.0,0.0,78.33,0.0,0.0,86.0
942,0.0,81.0,81.0,0.0,0.0,0.0,0.0,77.0,80.0,75.0,0.0,81.0,0.0,0.0,0.0,0.0,83.0,0.0,0.0,0.0
943,0.0,80.25,82.0,76.0,88.0,0.0,0.0,0.0,0.0,82.0,85.5,0.0,0.0,0.0,84.0,72.0,75.0,88.0,0.0,0.0
944,0.0,85.25,0.0,0.0,0.0,76.0,83.0,86.0,72.0,0.0,0.0,86.0,0.0,0.0,0.0,0.0,80.0,0.0,75.0,0.0
945,0.0,77.0,0.0,93.0,75.0,75.5,0.0,0.0,85.0,88.0,77.0,63.0,0.0,0.0,0.0,79.0,89.0,0.0,0.0,0.0
946,70.0,84.5,0.0,81.0,0.0,81.0,0.0,71.0,0.0,86.0,0.0,0.0,78.5,0.0,80.0,0.0,76.5,0.0,0.0,0.0
947,87.0,81.25,0.0,0.0,0.0,0.0,0.0,0.0,0.0,0.0,0.0,0.0,95.0,0.0,74.0,78.0,81.0,82.0,0.0,86.0
948,85.67,80.0,0.0,0.0,69.0,0.0,0.0,69.0,0.0,87.0,0.0,84.0,68.0,0.0,73.0,0.0,79.0,0.0,0.0,0.0
949,0.0,83.6,0.0,0.0,79.0,0.0,80.0,0.0,80.0,69.0,0.0,0.0,0.0,0.0,0.0,0.0,85.0,0.0,73.0,0.0
950,0.0,75.5,91.0,88.5,0.0,0.0,77.0,0.0,76.0,0.0,0.0,0.0,0.0,0.0,0.0,90.0,78.0,79.0,74.5,0.0
951,0.0,78.6,0.0,0.0,0.0,87.0,0.0,0.0,0.0,70.0,0.0,0.0,81.0,0.0,0.0,0.0,69.0,0.0,0.0,84.0
952,87.0,83.0,0.0,0.0,70.0,0.0,0.0,0.0,0.0,79.0,83.0,0.0,0.0,0.0,0.0,86.0,89.0,0.0,0.0,0.0
953,65.0,83.0,0.0,81.0,85.0,77.0,0.0,0.0,0.0,0.0,87.0,0.0,92.0,76.0,86.0,0.0,87.0,0.0,0.0,0.0
954,0.0,74.25,0.0,81.0,0.0,86.0,0.0,0.0,0.0,0.0,79.0,87.0,0.0,77.0,0.0,0.0,77.0,0.0,0.0,0.0
955,0.0,72.75,78.5,0.0,0.0,0.0,0.0,0.0,82.0,0.0,0.0,0.0,0.0,77.0,0.0,0.0,76.0,0.0,87.0,0.0
956,0.0,76.25,0.0,0.0,0.0,0.0,0.0,92.0,0.0,0.0,90.0,82.0,0.0,76.0,0.0,0.0,88.0,70.0,0.0,0.0
957,0.0,83.75,0.0,75.0,0.0,0.0,79.0,0.0,0.0,91.0,0.0,83.0,0.0,0.0,73.5,78.0,71.0,71.5,0.0,0.0
958,0.0,74.0,81.0,0.0,0.0,0.0,0.0,66.0,0.0,79.0,68.0,81.0,0.0,0.0,81.0,0.0,84.0,0.0,0.0,0.0
959,0.0,79.17,79.0,0.0,0.0,0.0,0.0,81.0,0.0,0.0,73.0,0.0,0.0,0.0,0.0,0.0,74.0,0.0,0.0,0.0
960,0.0,73.8,0.0,0.0,0.0,77.0,0.0,0.0,0.0,78.0,0.0,0.0,0.0,62.0,69.0,0.0,76.5,0.0,0.0,82.0
961,0.0,80.6,71.0,0.0,0.0,0.0,87.0,0.0,0.0,70.0,0.0,0.0,0.0,0.0,0.0,0.0,71.5,83.0,0.0,72.0
962,0.0,83.4,0.0,0.0,0.0,86.0,0.0,0.0,92.0,75.0,0.0,0.0,73.0,0.0,72.0,0.0,68.0,0.0,0.0,78.0
963,85.0,87.25,0.0,0.0,69.0,0.0,0.0,0.0,0.0,85.0,87.5,71.0,0.0,0.0,0.0,81.0,93.0,75.0,0.0,0.0
964,0.0,76.5,0.0,78.0,0.0,0.0,0.0,76.5,0.0,0.0,0.0,0.0,0.0,0.0,0.0,66.5,75.0,0.0,0.0,0.0
965,0.0,80.0,0.0,0.0,0.0,0.0,86.0,90.0,0.0,88.0,83.0,0.0,0.0,0.0,80.0,0.0,85.67,79.5,0.0,0.0
966,0.0,83.6,77.0,0.0,0.0,0.0,0.0,0.0,85.0,0.0,0.0,0.0,0.0,77.0,0.0,0.0,75.5,74.0,0.0,0.0
967,0.0,83.2,0.0,0.0,0.0,0.0,0.0,0.0,0.0,84.0,0.0,0.0,0.0,89.5,0.0,0.0,76.0,0.0,90.0,77.0
968,0.0,83.4,0.0,86.0,0.0,0.0,84.0,72.0,0.0,0.0,0.0,0.0,70.0,0.0,0.0,65.0,91.0,91.0,0.0,0.0
969,0.0,84.25,70.0,82.0,84.0,0.0,81.5,0.0,73.0,80.0,0.0,81.0,0.0,77.0,0.0,0.0,78.5,0.0,0.0,0.0
970,0.0,78.25,0.0,0.0,0.0,0.0,0.0,69.0,0.0,88.0,0.0,0.0,0.0,0.0,0.0,83.0,79.0,0.0,94.0,78.0
971,0.0,79.17,0.0,73.0,0.0,0.0,0.0,64.0,0.0,0.0,80.0,86.0,0.0,0.0,0.0,0.0,79.0,0.0,0.0,0.0
972,77.5,81.25,0.0,70.5,0.0,0.0,0.0,0.0,88.0,0.0,0.0,0.0,0.0,0.0,0.0,0.0,89.0,76.0,0.0,0.0
973,80.0,83.25,0.0,0.0,91.0,72.0,0.0,0.0,0.0,0.0,0.0,0.0,74.0,0.0,0.0,86.0,80.5,82.0,0.0,82.0
974,0.0,81.75,70.0,0.0,75.0,0.0,86.0,74.0,0.0,0.0,0.0,83.0,90.0,0.0,0.0,79.0,75.0,0.0,0.0,0.0
975,74.0,69.25,0.0,81.0,0.0,71.0,73.0,0.0,0.0,0.0,0.0,0.0,79.0,0.0,83.0,0.0,82.0,0.0,0.0,0.0
976,0.0,73.25,0.0,0.0,85.0,78.0,0.0,68.0,85.0,0.0,0.0,73.0,0.0,0.0,0.0,0.0,71.0,0.0,0.0,77.0
977,0.0,76.0,0.0,0.0,0.0,0.0,0.0,0.0,78.0,0.0,0.0,0.0,0.0,78.0,0.0,0.0,84.0,75.0,0.0,82.0
978,90.0,78.0,0.0,88.0,0.0,0.0,0.0,92.0,0.0,0.0,0.0,0.0,78.0,0.0,91.0,95.0,82.0,76.5,0.0,0.0
979,0.0,80.0,96.0,0.0,0.0,0.0,76.0,0.0,0.0,80.0,0.0,79.5,0.0,0.0,0.0,78.0,79.0,0.0,0.0,87.5
980,88.0,78.0,76.0,85.0,0.0,86.0,0.0,0.0,0.0,0.0,75.0,0.0,0.0,70.0,0.0,0.0,87.0,0.0,91.0,0.0
981,66.0,80.75,0.0,0.0,0.0,78.0,0.0,89.0,0.0,0.0,0.0,0.0,73.0,0.0,0.0,0.0,80.0,0.0,77.0,0.0
982,0.0,80.0,0.0,70.0,70.0,0.0,0.0,72.0,0.0,0.0,78.0,75.0,0.0,0.0,0.0,0.0,70.0,0.0,88.0,0.0
983,0.0,80.5,0.0,0.0,0.0,76.0,0.0,0.0,87.0,96.0,66.0,0.0,0.0,0.0,0.0,73.0,80.0,0.0,0.0,0.0
984,0.0,80.0,0.0,81.0,74.0,0.0,0.0,85.0,0.0,0.0,65.5,0.0,0.0,0.0,0.0,0.0,83.0,65.0,0.0,0.0
985,0.0,81.0,0.0,75.0,0.0,82.0,0.0,70.0,90.0,92.0,0.0,81.0,0.0,0.0,0.0,0.0,79.0,0.0,0.0,0.0
986,82.0,78.33,86.0,75.0,75.0,0.0,0.0,0.0,68.0,72.0,0.0,0.0,0.0,0.0,0.0,0.0,76.5,0.0,0.0,79.0
987,0.0,83.8,0.0,86.0,0.0,0.0,77.0,0.0,91.0,0.0,0.0,0.0,81.0,0.0,0.0,0.0,86.0,83.0,90.0,0.0
988,0.0,80.25,76.0,78.0,88.0,0.0,0.0,0.0,0.0,0.0,0.0,0.0,0.0,81.0,0.0,0.0,79.0,0.0,0.0,0.0
989,0.0,77.0,0.0,0.0,0.0,0.0,96.0,86.0,0.0,0.0,0.0,72.0,0.0,0.0,0.0,0.0,86.0,68.0,0.0,0.0
990,75.0,73.0,0.0,0.0,86.0,0.0,0.0,0.0,0.0,79.5,0.0,0.0,95.0,74.5,0.0,0.0,81.0,84.0,0.0,75.0
991,79.0,80.5,79.0,0.0,0.0,77.0,76.0,0.0,0.0,0.0,76.0,0.0,0.0,0.0,0.0,81.0,70.0,77.67,0.0,0.0
992,0.0,79.75,0.0,70.0,0.0,0.0,78.0,0.0,0.0,0.0,80.0,0.0,78.0,0.0,0.0,0.0,76.0,84.0,0.0,0.0
993,90.0,81.25,0.0,0.0,87.0,0.0,84.0,0.0,0.0,0.0,78.0,0.0,0.0,87.0,0.0,0.0,76.0,77.0,0.0,0.0
994,0.0,75.75,0.0,0.0,77.0,80.0,0.0,81.0,85.0,87.5,0.0,76.0,87.0,0.0,0.0,0.0,75.0,67.0,0.0,0.0
995,0.0,72.8,0.0,0.0,88.0,0.0,68.0,0.0,0.0,76.0,0.0,79.5,0.0,0.0,0.0,90.0,84.5,0.0,0.0,0.0
996,85.5,75.5,0.0,0.0,0.0,78.0,86.0,0.0,0.0,0.0,0.0,71.0,73.5,0.0,0.0,0.0,80.0,0.0,0.0,0.0
997,84.0,82.5,0.0,68.0,0.0,0.0,0.0,81.0,78.0,0.0,84.0,78.0,76.0,0.0,0.0,0.0,73.0,0.0,0.0,82.0
998,0.0,80.5,0.0,0.0,0.0,0.0,0.0,0.0,0.0,71.0,78.5,0.0,81.0,95.0,83.0,86.0,75.5,0.0,0.0,0.0
999,0.0,84.25,0.0,0.0,0.0,0.0,0.0,0.0,0.0,0.0,0.0,87.5,88.5,80.0,0.0,0.0,90.0,71.0,0.0,85.0
1000,78.5,83.5,0.0,0.0,0.0,90.0,74.0,68.0,0.0,0.0,0.0,0.0,0.0,0.0,0.0,68.0,83.0,0.0,82.0,0.0
