user_id,recommended_learning_path
1.0,learning_path_id_1
18.0,learning_path_id_1
76.0,learning_path_id_1
98.0,learning_path_id_1
129.0,learning_path_id_1
161.0,learning_path_id_1
178.0,learning_path_id_1
234.0,learning_path_id_1
237.0,learning_path_id_1
249.0,learning_path_id_1
253.0,learning_path_id_1
272.0,learning_path_id_1
285.0,learning_path_id_1
298.0,learning_path_id_1
310.0,learning_path_id_1
337.0,learning_path_id_1
346.0,learning_path_id_1
362.0,learning_path_id_1
390.0,learning_path_id_1
414.0,learning_path_id_1
441.0,learning_path_id_1
449.0,learning_path_id_1
496.0,learning_path_id_1
507.0,learning_path_id_1
511.0,learning_path_id_1
516.0,learning_path_id_1
519.0,learning_path_id_1
560.0,learning_path_id_1
620.0,learning_path_id_1
633.0,learning_path_id_1
639.0,learning_path_id_1
659.0,learning_path_id_1
660.0,learning_path_id_1
684.0,learning_path_id_1
740.0,learning_path_id_1
745.0,learning_path_id_1
748.0,learning_path_id_1
751.0,learning_path_id_1
769.0,learning_path_id_1
771.0,learning_path_id_1
836.0,learning_path_id_1
853.0,learning_path_id_1
855.0,learning_path_id_1
856.0,learning_path_id_1
904.0,learning_path_id_1
908.0,learning_path_id_1
916.0,learning_path_id_1
938.0,learning_path_id_1
947.0,learning_path_id_1
973.0,learning_path_id_1
2.0,learning_path_id_6
43.0,learning_path_id_6
49.0,learning_path_id_6
110.0,learning_path_id_6
141.0,learning_path_id_6
170.0,learning_path_id_6
175.0,learning_path_id_6
195.0,learning_path_id_6
201.0,learning_path_id_6
226.0,learning_path_id_6
277.0,learning_path_id_6
289.0,learning_path_id_6
316.0,learning_path_id_6
324.0,learning_path_id_6
389.0,learning_path_id_6
401.0,learning_path_id_6
466.0,learning_path_id_6
471.0,learning_path_id_6
477.0,learning_path_id_6
486.0,learning_path_id_6
521.0,learning_path_id_6
562.0,learning_path_id_6
616.0,learning_path_id_6
645.0,learning_path_id_6
701.0,learning_path_id_6
712.0,learning_path_id_6
797.0,learning_path_id_6
851.0,learning_path_id_6
852.0,learning_path_id_6
857.0,learning_path_id_6
888.0,learning_path_id_6
931.0,learning_path_id_6
933.0,learning_path_id_6
944.0,learning_path_id_6
976.0,learning_path_id_6
985.0,learning_path_id_6
994.0,learning_path_id_6
3.0,learning_path_id_4
17.0,learning_path_id_4
116.0,learning_path_id_4
142.0,learning_path_id_4
206.0,learning_path_id_4
215.0,learning_path_id_4
218.0,learning_path_id_4
221.0,learning_path_id_4
240.0,learning_path_id_4
246.0,learning_path_id_4
247.0,learning_path_id_4
263.0,learning_path_id_4
314.0,learning_path_id_4
348.0,learning_path_id_4
373.0,learning_path_id_4
379.0,learning_path_id_4
394.0,learning_path_id_4
405.0,learning_path_id_4
409.0,learning_path_id_4
413.0,learning_path_id_4
517.0,learning_path_id_4
526.0,learning_path_id_4
536.0,learning_path_id_4
549.0,learning_path_id_4
551.0,learning_path_id_4
567.0,learning_path_id_4
584.0,learning_path_id_4
599.0,learning_path_id_4
658.0,learning_path_id_4
683.0,learning_path_id_4
685.0,learning_path_id_4
694.0,learning_path_id_4
706.0,learning_path_id_4
724.0,learning_path_id_4
725.0,learning_path_id_4
730.0,learning_path_id_4
736.0,learning_path_id_4
750.0,learning_path_id_4
765.0,learning_path_id_4
770.0,learning_path_id_4
789.0,learning_path_id_4
805.0,learning_path_id_4
817.0,learning_path_id_4
867.0,learning_path_id_4
900.0,learning_path_id_4
954.0,learning_path_id_4
964.0,learning_path_id_4
968.0,learning_path_id_4
971.0,learning_path_id_4
982.0,learning_path_id_4
984.0,learning_path_id_4
4.0,learning_path_id_9
56.0,learning_path_id_9
60.0,learning_path_id_9
130.0,learning_path_id_9
162.0,learning_path_id_9
166.0,learning_path_id_9
167.0,learning_path_id_9
169.0,learning_path_id_9
202.0,learning_path_id_9
217.0,learning_path_id_9
229.0,learning_path_id_9
241.0,learning_path_id_9
242.0,learning_path_id_9
252.0,learning_path_id_9
275.0,learning_path_id_9
304.0,learning_path_id_9
313.0,learning_path_id_9
325.0,learning_path_id_9
327.0,learning_path_id_9
330.0,learning_path_id_9
356.0,learning_path_id_9
361.0,learning_path_id_9
388.0,learning_path_id_9
423.0,learning_path_id_9
442.0,learning_path_id_9
448.0,learning_path_id_9
474.0,learning_path_id_9
493.0,learning_path_id_9
499.0,learning_path_id_9
505.0,learning_path_id_9
528.0,learning_path_id_9
539.0,learning_path_id_9
570.0,learning_path_id_9
575.0,learning_path_id_9
585.0,learning_path_id_9
598.0,learning_path_id_9
602.0,learning_path_id_9
628.0,learning_path_id_9
728.0,learning_path_id_9
739.0,learning_path_id_9
741.0,learning_path_id_9
752.0,learning_path_id_9
774.0,learning_path_id_9
788.0,learning_path_id_9
800.0,learning_path_id_9
809.0,learning_path_id_9
813.0,learning_path_id_9
846.0,learning_path_id_9
860.0,learning_path_id_9
862.0,learning_path_id_9
885.0,learning_path_id_9
950.0,learning_path_id_9
955.0,learning_path_id_9
966.0,learning_path_id_9
988.0,learning_path_id_9
5.0,learning_path_id_20
12.0,learning_path_id_20
57.0,learning_path_id_20
99.0,learning_path_id_20
105.0,learning_path_id_20
107.0,learning_path_id_20
134.0,learning_path_id_20
153.0,learning_path_id_20
154.0,learning_path_id_20
186.0,learning_path_id_20
191.0,learning_path_id_20
205.0,learning_path_id_20
224.0,learning_path_id_20
225.0,learning_path_id_20
262.0,learning_path_id_20
293.0,learning_path_id_20
295.0,learning_path_id_20
360.0,learning_path_id_20
399.0,learning_path_id_20
443.0,learning_path_id_20
459.0,learning_path_id_20
465.0,learning_path_id_20
487.0,learning_path_id_20
490.0,learning_path_id_20
509.0,learning_path_id_20
544.0,learning_path_id_20
547.0,learning_path_id_20
596.0,learning_path_id_20
606.0,learning_path_id_20
666.0,learning_path_id_20
673.0,learning_path_id_20
679.0,learning_path_id_20
691.0,learning_path_id_20
721.0,learning_path_id_20
722.0,learning_path_id_20
732.0,learning_path_id_20
753.0,learning_path_id_20
755.0,learning_path_id_20
772.0,learning_path_id_20
821.0,learning_path_id_20
870.0,learning_path_id_20
874.0,learning_path_id_20
879.0,learning_path_id_20
895.0,learning_path_id_20
909.0,learning_path_id_20
910.0,learning_path_id_20
928.0,learning_path_id_20
932.0,learning_path_id_20
937.0,learning_path_id_20
960.0,learning_path_id_20
6.0,learning_path_id_15
8.0,learning_path_id_15
79.0,learning_path_id_15
81.0,learning_path_id_15
90.0,learning_path_id_15
112.0,learning_path_id_15
113.0,learning_path_id_15
137.0,learning_path_id_15
138.0,learning_path_id_15
160.0,learning_path_id_15
196.0,learning_path_id_15
198.0,learning_path_id_15
214.0,learning_path_id_15
239.0,learning_path_id_15
261.0,learning_path_id_15
284.0,learning_path_id_15
294.0,learning_path_id_15
300.0,learning_path_id_15
302.0,learning_path_id_15
326.0,learning_path_id_15
420.0,learning_path_id_15
434.0,learning_path_id_15
447.0,learning_path_id_15
485.0,learning_path_id_15
489.0,learning_path_id_15
514.0,learning_path_id_15
534.0,learning_path_id_15
537.0,learning_path_id_15
589.0,learning_path_id_15
601.0,learning_path_id_15
613.0,learning_path_id_15
615.0,learning_path_id_15
631.0,learning_path_id_15
653.0,learning_path_id_15
667.0,learning_path_id_15
731.0,learning_path_id_15
759.0,learning_path_id_15
768.0,learning_path_id_15
808.0,learning_path_id_15
830.0,learning_path_id_15
865.0,learning_path_id_15
894.0,learning_path_id_15
911.0,learning_path_id_15
917.0,learning_path_id_15
926.0,learning_path_id_15
7.0,learning_path_id_19
31.0,learning_path_id_19
73.0,learning_path_id_19
82.0,learning_path_id_19
94.0,learning_path_id_19
159.0,learning_path_id_19
219.0,learning_path_id_19
227.0,learning_path_id_19
251.0,learning_path_id_19
256.0,learning_path_id_19
264.0,learning_path_id_19
292.0,learning_path_id_19
301.0,learning_path_id_19
329.0,learning_path_id_19
385.0,learning_path_id_19
427.0,learning_path_id_19
431.0,learning_path_id_19
472.0,learning_path_id_19
482.0,learning_path_id_19
512.0,learning_path_id_19
523.0,learning_path_id_19
527.0,learning_path_id_19
564.0,learning_path_id_19
603.0,learning_path_id_19
619.0,learning_path_id_19
629.0,learning_path_id_19
648.0,learning_path_id_19
674.0,learning_path_id_19
680.0,learning_path_id_19
693.0,learning_path_id_19
717.0,learning_path_id_19
726.0,learning_path_id_19
737.0,learning_path_id_19
762.0,learning_path_id_19
763.0,learning_path_id_19
776.0,learning_path_id_19
783.0,learning_path_id_19
820.0,learning_path_id_19
823.0,learning_path_id_19
861.0,learning_path_id_19
871.0,learning_path_id_19
872.0,learning_path_id_19
915.0,learning_path_id_19
921.0,learning_path_id_19
970.0,learning_path_id_19
981.0,learning_path_id_19
1000.0,learning_path_id_19
9.0,learning_path_id_15
10.0,learning_path_id_15
21.0,learning_path_id_15
34.0,learning_path_id_15
48.0,learning_path_id_15
54.0,learning_path_id_15
65.0,learning_path_id_15
102.0,learning_path_id_15
103.0,learning_path_id_15
108.0,learning_path_id_15
152.0,learning_path_id_15
168.0,learning_path_id_15
176.0,learning_path_id_15
232.0,learning_path_id_15
250.0,learning_path_id_15
257.0,learning_path_id_15
258.0,learning_path_id_15
259.0,learning_path_id_15
319.0,learning_path_id_15
320.0,learning_path_id_15
333.0,learning_path_id_15
334.0,learning_path_id_15
341.0,learning_path_id_15
343.0,learning_path_id_15
350.0,learning_path_id_15
351.0,learning_path_id_15
370.0,learning_path_id_15
380.0,learning_path_id_15
415.0,learning_path_id_15
422.0,learning_path_id_15
430.0,learning_path_id_15
439.0,learning_path_id_15
520.0,learning_path_id_15
530.0,learning_path_id_15
568.0,learning_path_id_15
576.0,learning_path_id_15
582.0,learning_path_id_15
595.0,learning_path_id_15
608.0,learning_path_id_15
610.0,learning_path_id_15
623.0,learning_path_id_15
650.0,learning_path_id_15
656.0,learning_path_id_15
720.0,learning_path_id_15
747.0,learning_path_id_15
758.0,learning_path_id_15
761.0,learning_path_id_15
781.0,learning_path_id_15
784.0,learning_path_id_15
791.0,learning_path_id_15
794.0,learning_path_id_15
828.0,learning_path_id_15
838.0,learning_path_id_15
848.0,learning_path_id_15
890.0,learning_path_id_15
901.0,learning_path_id_15
978.0,learning_path_id_15
998.0,learning_path_id_15
11.0,learning_path_id_20
15.0,learning_path_id_20
61.0,learning_path_id_20
64.0,learning_path_id_20
66.0,learning_path_id_20
68.0,learning_path_id_20
119.0,learning_path_id_20
172.0,learning_path_id_20
192.0,learning_path_id_20
200.0,learning_path_id_20
213.0,learning_path_id_20
255.0,learning_path_id_20
266.0,learning_path_id_20
267.0,learning_path_id_20
269.0,learning_path_id_20
308.0,learning_path_id_20
311.0,learning_path_id_20
315.0,learning_path_id_20
376.0,learning_path_id_20
404.0,learning_path_id_20
428.0,learning_path_id_20
484.0,learning_path_id_20
491.0,learning_path_id_20
500.0,learning_path_id_20
563.0,learning_path_id_20
573.0,learning_path_id_20
590.0,learning_path_id_20
614.0,learning_path_id_20
617.0,learning_path_id_20
664.0,learning_path_id_20
689.0,learning_path_id_20
690.0,learning_path_id_20
710.0,learning_path_id_20
754.0,learning_path_id_20
796.0,learning_path_id_20
859.0,learning_path_id_20
912.0,learning_path_id_20
929.0,learning_path_id_20
980.0,learning_path_id_20
986.0,learning_path_id_20
997.0,learning_path_id_20
13.0,learning_path_id_3
16.0,learning_path_id_3
53.0,learning_path_id_3
101.0,learning_path_id_3
117.0,learning_path_id_3
122.0,learning_path_id_3
123.0,learning_path_id_3
147.0,learning_path_id_3
151.0,learning_path_id_3
174.0,learning_path_id_3
204.0,learning_path_id_3
212.0,learning_path_id_3
220.0,learning_path_id_3
291.0,learning_path_id_3
340.0,learning_path_id_3
355.0,learning_path_id_3
358.0,learning_path_id_3
382.0,learning_path_id_3
387.0,learning_path_id_3
392.0,learning_path_id_3
397.0,learning_path_id_3
408.0,learning_path_id_3
432.0,learning_path_id_3
444.0,learning_path_id_3
453.0,learning_path_id_3
498.0,learning_path_id_3
513.0,learning_path_id_3
524.0,learning_path_id_3
525.0,learning_path_id_3
542.0,learning_path_id_3
545.0,learning_path_id_3
553.0,learning_path_id_3
574.0,learning_path_id_3
627.0,learning_path_id_3
672.0,learning_path_id_3
677.0,learning_path_id_3
687.0,learning_path_id_3
699.0,learning_path_id_3
708.0,learning_path_id_3
709.0,learning_path_id_3
714.0,learning_path_id_3
716.0,learning_path_id_3
729.0,learning_path_id_3
760.0,learning_path_id_3
824.0,learning_path_id_3
826.0,learning_path_id_3
829.0,learning_path_id_3
840.0,learning_path_id_3
841.0,learning_path_id_3
863.0,learning_path_id_3
889.0,learning_path_id_3
922.0,learning_path_id_3
942.0,learning_path_id_3
958.0,learning_path_id_3
959.0,learning_path_id_3
969.0,learning_path_id_3
14.0,learning_path_id_10
127.0,learning_path_id_10
136.0,learning_path_id_10
140.0,learning_path_id_10
145.0,learning_path_id_10
155.0,learning_path_id_10
177.0,learning_path_id_10
179.0,learning_path_id_10
209.0,learning_path_id_10
268.0,learning_path_id_10
276.0,learning_path_id_10
282.0,learning_path_id_10
283.0,learning_path_id_10
297.0,learning_path_id_10
305.0,learning_path_id_10
357.0,learning_path_id_10
372.0,learning_path_id_10
391.0,learning_path_id_10
406.0,learning_path_id_10
440.0,learning_path_id_10
468.0,learning_path_id_10
476.0,learning_path_id_10
483.0,learning_path_id_10
495.0,learning_path_id_10
510.0,learning_path_id_10
559.0,learning_path_id_10
561.0,learning_path_id_10
635.0,learning_path_id_10
636.0,learning_path_id_10
640.0,learning_path_id_10
641.0,learning_path_id_10
651.0,learning_path_id_10
663.0,learning_path_id_10
681.0,learning_path_id_10
682.0,learning_path_id_10
715.0,learning_path_id_10
734.0,learning_path_id_10
785.0,learning_path_id_10
793.0,learning_path_id_10
814.0,learning_path_id_10
843.0,learning_path_id_10
847.0,learning_path_id_10
891.0,learning_path_id_10
903.0,learning_path_id_10
946.0,learning_path_id_10
951.0,learning_path_id_10
962.0,learning_path_id_10
967.0,learning_path_id_10
19.0,learning_path_id_7
20.0,learning_path_id_7
24.0,learning_path_id_7
26.0,learning_path_id_7
84.0,learning_path_id_7
104.0,learning_path_id_7
157.0,learning_path_id_7
158.0,learning_path_id_7
171.0,learning_path_id_7
173.0,learning_path_id_7
187.0,learning_path_id_7
189.0,learning_path_id_7
235.0,learning_path_id_7
245.0,learning_path_id_7
288.0,learning_path_id_7
352.0,learning_path_id_7
364.0,learning_path_id_7
366.0,learning_path_id_7
369.0,learning_path_id_7
374.0,learning_path_id_7
378.0,learning_path_id_7
402.0,learning_path_id_7
436.0,learning_path_id_7
438.0,learning_path_id_7
445.0,learning_path_id_7
452.0,learning_path_id_7
469.0,learning_path_id_7
480.0,learning_path_id_7
497.0,learning_path_id_7
506.0,learning_path_id_7
555.0,learning_path_id_7
591.0,learning_path_id_7
624.0,learning_path_id_7
668.0,learning_path_id_7
704.0,learning_path_id_7
746.0,learning_path_id_7
782.0,learning_path_id_7
795.0,learning_path_id_7
807.0,learning_path_id_7
810.0,learning_path_id_7
818.0,learning_path_id_7
819.0,learning_path_id_7
825.0,learning_path_id_7
866.0,learning_path_id_7
881.0,learning_path_id_7
930.0,learning_path_id_7
941.0,learning_path_id_7
949.0,learning_path_id_7
993.0,learning_path_id_7
995.0,learning_path_id_7
996.0,learning_path_id_7
22.0,learning_path_id_18
41.0,learning_path_id_18
44.0,learning_path_id_18
45.0,learning_path_id_18
55.0,learning_path_id_18
63.0,learning_path_id_18
85.0,learning_path_id_18
126.0,learning_path_id_18
128.0,learning_path_id_18
135.0,learning_path_id_18
183.0,learning_path_id_18
210.0,learning_path_id_18
211.0,learning_path_id_18
244.0,learning_path_id_18
260.0,learning_path_id_18
287.0,learning_path_id_18
296.0,learning_path_id_18
317.0,learning_path_id_18
331.0,learning_path_id_18
345.0,learning_path_id_18
354.0,learning_path_id_18
359.0,learning_path_id_18
375.0,learning_path_id_18
381.0,learning_path_id_18
386.0,learning_path_id_18
403.0,learning_path_id_18
421.0,learning_path_id_18
424.0,learning_path_id_18
429.0,learning_path_id_18
435.0,learning_path_id_18
456.0,learning_path_id_18
463.0,learning_path_id_18
504.0,learning_path_id_18
533.0,learning_path_id_18
552.0,learning_path_id_18
571.0,learning_path_id_18
586.0,learning_path_id_18
588.0,learning_path_id_18
609.0,learning_path_id_18
675.0,learning_path_id_18
676.0,learning_path_id_18
766.0,learning_path_id_18
775.0,learning_path_id_18
792.0,learning_path_id_18
812.0,learning_path_id_18
835.0,learning_path_id_18
844.0,learning_path_id_18
849.0,learning_path_id_18
850.0,learning_path_id_18
875.0,learning_path_id_18
876.0,learning_path_id_18
882.0,learning_path_id_18
897.0,learning_path_id_18
914.0,learning_path_id_18
940.0,learning_path_id_18
990.0,learning_path_id_18
23.0,learning_path_id_11
28.0,learning_path_id_11
29.0,learning_path_id_11
30.0,learning_path_id_11
59.0,learning_path_id_11
71.0,learning_path_id_11
75.0,learning_path_id_11
80.0,learning_path_id_11
120.0,learning_path_id_11
131.0,learning_path_id_11
193.0,learning_path_id_11
197.0,learning_path_id_11
230.0,learning_path_id_11
280.0,learning_path_id_11
322.0,learning_path_id_11
396.0,learning_path_id_11
398.0,learning_path_id_11
400.0,learning_path_id_11
446.0,learning_path_id_11
460.0,learning_path_id_11
467.0,learning_path_id_11
473.0,learning_path_id_11
481.0,learning_path_id_11
494.0,learning_path_id_11
503.0,learning_path_id_11
535.0,learning_path_id_11
541.0,learning_path_id_11
550.0,learning_path_id_11
554.0,learning_path_id_11
556.0,learning_path_id_11
581.0,learning_path_id_11
592.0,learning_path_id_11
594.0,learning_path_id_11
600.0,learning_path_id_11
611.0,learning_path_id_11
612.0,learning_path_id_11
618.0,learning_path_id_11
649.0,learning_path_id_11
700.0,learning_path_id_11
779.0,learning_path_id_11
801.0,learning_path_id_11
816.0,learning_path_id_11
839.0,learning_path_id_11
845.0,learning_path_id_11
854.0,learning_path_id_11
883.0,learning_path_id_11
887.0,learning_path_id_11
907.0,learning_path_id_11
939.0,learning_path_id_11
956.0,learning_path_id_11
999.0,learning_path_id_11
25.0,learning_path_id_10
50.0,learning_path_id_10
72.0,learning_path_id_10
91.0,learning_path_id_10
109.0,learning_path_id_10
111.0,learning_path_id_10
165.0,learning_path_id_10
180.0,learning_path_id_10
181.0,learning_path_id_10
188.0,learning_path_id_10
223.0,learning_path_id_10
236.0,learning_path_id_10
243.0,learning_path_id_10
248.0,learning_path_id_10
281.0,learning_path_id_10
290.0,learning_path_id_10
306.0,learning_path_id_10
338.0,learning_path_id_10
371.0,learning_path_id_10
416.0,learning_path_id_10
451.0,learning_path_id_10
457.0,learning_path_id_10
461.0,learning_path_id_10
462.0,learning_path_id_10
488.0,learning_path_id_10
532.0,learning_path_id_10
579.0,learning_path_id_10
587.0,learning_path_id_10
626.0,learning_path_id_10
642.0,learning_path_id_10
654.0,learning_path_id_10
662.0,learning_path_id_10
695.0,learning_path_id_10
696.0,learning_path_id_10
742.0,learning_path_id_10
744.0,learning_path_id_10
757.0,learning_path_id_10
787.0,learning_path_id_10
799.0,learning_path_id_10
864.0,learning_path_id_10
877.0,learning_path_id_10
906.0,learning_path_id_10
919.0,learning_path_id_10
943.0,learning_path_id_10
945.0,learning_path_id_10
948.0,learning_path_id_10
952.0,learning_path_id_10
963.0,learning_path_id_10
965.0,learning_path_id_10
983.0,learning_path_id_10
27.0,learning_path_id_7
33.0,learning_path_id_7
69.0,learning_path_id_7
77.0,learning_path_id_7
87.0,learning_path_id_7
89.0,learning_path_id_7
100.0,learning_path_id_7
121.0,learning_path_id_7
143.0,learning_path_id_7
149.0,learning_path_id_7
150.0,learning_path_id_7
190.0,learning_path_id_7
238.0,learning_path_id_7
279.0,learning_path_id_7
299.0,learning_path_id_7
332.0,learning_path_id_7
363.0,learning_path_id_7
418.0,learning_path_id_7
419.0,learning_path_id_7
515.0,learning_path_id_7
529.0,learning_path_id_7
538.0,learning_path_id_7
546.0,learning_path_id_7
583.0,learning_path_id_7
597.0,learning_path_id_7
625.0,learning_path_id_7
630.0,learning_path_id_7
644.0,learning_path_id_7
670.0,learning_path_id_7
713.0,learning_path_id_7
718.0,learning_path_id_7
733.0,learning_path_id_7
767.0,learning_path_id_7
786.0,learning_path_id_7
822.0,learning_path_id_7
827.0,learning_path_id_7
832.0,learning_path_id_7
869.0,learning_path_id_7
873.0,learning_path_id_7
878.0,learning_path_id_7
884.0,learning_path_id_7
886.0,learning_path_id_7
902.0,learning_path_id_7
905.0,learning_path_id_7
936.0,learning_path_id_7
957.0,learning_path_id_7
961.0,learning_path_id_7
975.0,learning_path_id_7
991.0,learning_path_id_7
32.0,learning_path_id_20
37.0,learning_path_id_20
47.0,learning_path_id_20
52.0,learning_path_id_20
62.0,learning_path_id_20
67.0,learning_path_id_20
88.0,learning_path_id_20
96.0,learning_path_id_20
125.0,learning_path_id_20
163.0,learning_path_id_20
185.0,learning_path_id_20
194.0,learning_path_id_20
199.0,learning_path_id_20
222.0,learning_path_id_20
278.0,learning_path_id_20
309.0,learning_path_id_20
328.0,learning_path_id_20
336.0,learning_path_id_20
353.0,learning_path_id_20
377.0,learning_path_id_20
407.0,learning_path_id_20
410.0,learning_path_id_20
412.0,learning_path_id_20
437.0,learning_path_id_20
455.0,learning_path_id_20
475.0,learning_path_id_20
558.0,learning_path_id_20
565.0,learning_path_id_20
572.0,learning_path_id_20
604.0,learning_path_id_20
622.0,learning_path_id_20
646.0,learning_path_id_20
671.0,learning_path_id_20
723.0,learning_path_id_20
735.0,learning_path_id_20
738.0,learning_path_id_20
749.0,learning_path_id_20
756.0,learning_path_id_20
764.0,learning_path_id_20
778.0,learning_path_id_20
804.0,learning_path_id_20
806.0,learning_path_id_20
811.0,learning_path_id_20
831.0,learning_path_id_20
834.0,learning_path_id_20
837.0,learning_path_id_20
842.0,learning_path_id_20
858.0,learning_path_id_20
892.0,learning_path_id_20
898.0,learning_path_id_20
934.0,learning_path_id_20
935.0,learning_path_id_20
972.0,learning_path_id_20
977.0,learning_path_id_20
35.0,learning_path_id_7
38.0,learning_path_id_7
42.0,learning_path_id_7
46.0,learning_path_id_7
70.0,learning_path_id_7
86.0,learning_path_id_7
97.0,learning_path_id_7
106.0,learning_path_id_7
115.0,learning_path_id_7
132.0,learning_path_id_7
148.0,learning_path_id_7
203.0,learning_path_id_7
207.0,learning_path_id_7
216.0,learning_path_id_7
231.0,learning_path_id_7
265.0,learning_path_id_7
270.0,learning_path_id_7
271.0,learning_path_id_7
273.0,learning_path_id_7
339.0,learning_path_id_7
349.0,learning_path_id_7
367.0,learning_path_id_7
393.0,learning_path_id_7
417.0,learning_path_id_7
458.0,learning_path_id_7
464.0,learning_path_id_7
479.0,learning_path_id_7
492.0,learning_path_id_7
508.0,learning_path_id_7
522.0,learning_path_id_7
531.0,learning_path_id_7
543.0,learning_path_id_7
548.0,learning_path_id_7
578.0,learning_path_id_7
580.0,learning_path_id_7
593.0,learning_path_id_7
605.0,learning_path_id_7
607.0,learning_path_id_7
634.0,learning_path_id_7
637.0,learning_path_id_7
652.0,learning_path_id_7
655.0,learning_path_id_7
661.0,learning_path_id_7
669.0,learning_path_id_7
686.0,learning_path_id_7
697.0,learning_path_id_7
703.0,learning_path_id_7
743.0,learning_path_id_7
868.0,learning_path_id_7
913.0,learning_path_id_7
927.0,learning_path_id_7
974.0,learning_path_id_7
979.0,learning_path_id_7
989.0,learning_path_id_7
36.0,learning_path_id_4
58.0,learning_path_id_4
92.0,learning_path_id_4
118.0,learning_path_id_4
144.0,learning_path_id_4
156.0,learning_path_id_4
228.0,learning_path_id_4
303.0,learning_path_id_4
312.0,learning_path_id_4
318.0,learning_path_id_4
342.0,learning_path_id_4
347.0,learning_path_id_4
368.0,learning_path_id_4
383.0,learning_path_id_4
395.0,learning_path_id_4
426.0,learning_path_id_4
433.0,learning_path_id_4
450.0,learning_path_id_4
470.0,learning_path_id_4
478.0,learning_path_id_4
540.0,learning_path_id_4
569.0,learning_path_id_4
577.0,learning_path_id_4
621.0,learning_path_id_4
632.0,learning_path_id_4
638.0,learning_path_id_4
643.0,learning_path_id_4
647.0,learning_path_id_4
657.0,learning_path_id_4
692.0,learning_path_id_4
698.0,learning_path_id_4
705.0,learning_path_id_4
707.0,learning_path_id_4
727.0,learning_path_id_4
773.0,learning_path_id_4
780.0,learning_path_id_4
790.0,learning_path_id_4
798.0,learning_path_id_4
802.0,learning_path_id_4
815.0,learning_path_id_4
880.0,learning_path_id_4
899.0,learning_path_id_4
918.0,learning_path_id_4
920.0,learning_path_id_4
925.0,learning_path_id_4
987.0,learning_path_id_4
39.0,learning_path_id_11
40.0,learning_path_id_11
51.0,learning_path_id_11
74.0,learning_path_id_11
78.0,learning_path_id_11
83.0,learning_path_id_11
93.0,learning_path_id_11
95.0,learning_path_id_11
114.0,learning_path_id_11
124.0,learning_path_id_11
133.0,learning_path_id_11
139.0,learning_path_id_11
146.0,learning_path_id_11
164.0,learning_path_id_11
182.0,learning_path_id_11
184.0,learning_path_id_11
208.0,learning_path_id_11
233.0,learning_path_id_11
254.0,learning_path_id_11
274.0,learning_path_id_11
286.0,learning_path_id_11
307.0,learning_path_id_11
321.0,learning_path_id_11
323.0,learning_path_id_11
335.0,learning_path_id_11
344.0,learning_path_id_11
365.0,learning_path_id_11
384.0,learning_path_id_11
411.0,learning_path_id_11
425.0,learning_path_id_11
454.0,learning_path_id_11
501.0,learning_path_id_11
502.0,learning_path_id_11
518.0,learning_path_id_11
557.0,learning_path_id_11
566.0,learning_path_id_11
665.0,learning_path_id_11
678.0,learning_path_id_11
688.0,learning_path_id_11
702.0,learning_path_id_11
711.0,learning_path_id_11
719.0,learning_path_id_11
777.0,learning_path_id_11
803.0,learning_path_id_11
833.0,learning_path_id_11
893.0,learning_path_id_11
896.0,learning_path_id_11
923.0,learning_path_id_11
924.0,learning_path_id_11
953.0,learning_path_id_11
992.0,learning_path_id_11
