user_id,learning_path_id,total_courses_assigned,total_certifications
1,2,4,3
1,6,1,1
1,14,2,1
1,16,2,1
1,17,1,0
1,19,1,1
1,20,1,1
2,2,4,4
2,6,2,0
2,10,1,0
2,11,1,0
2,17,2,1
3,1,1,1
3,2,4,4
3,5,2,2
3,6,1,1
3,17,2,2
3,19,1,1
4,2,3,3
4,4,1,1
4,11,1,1
4,15,1,1
4,17,1,1
4,18,2,0
4,19,1,0
4,20,1,0
5,2,5,2
5,5,1,0
5,7,1,1
5,8,1,0
5,11,2,1
5,12,1,1
5,16,1,0
5,17,1,1
6,2,4,2
6,4,1,1
6,6,1,0
6,16,1,1
6,17,1,0
6,20,2,1
7,1,1,0
7,2,4,4
7,3,1,1
7,5,1,1
7,6,1,1
7,15,1,0
7,17,1,0
7,18,1,0
8,1,1,1
8,2,4,2
8,3,1,1
8,5,1,1
8,9,1,1
8,10,2,1
8,12,1,1
8,14,1,0
8,17,1,1
9,2,4,1
9,3,2,1
9,8,1,1
9,9,1,1
9,10,1,1
9,12,1,1
9,13,1,0
9,14,2,1
9,15,1,1
9,17,1,0
10,2,3,3
10,3,1,0
10,4,3,2
10,9,1,0
10,12,1,1
10,17,1,1
11,2,4,2
11,5,1,1
11,7,1,0
11,9,2,1
11,11,1,0
11,12,1,0
11,13,1,0
11,17,2,1
12,2,5,4
12,5,1,1
12,6,1,0
12,8,1,1
12,9,1,0
12,12,1,1
12,17,1,1
13,1,1,0
13,2,4,1
13,3,1,1
13,5,1,1
13,17,1,0
13,19,1,0
13,20,1,1
14,2,4,2
14,6,1,0
14,8,1,1
14,9,1,0
14,12,1,1
14,17,1,1
14,18,1,0
15,2,4,1
15,8,1,1
15,13,1,1
15,15,1,1
15,16,2,1
15,17,1,0
15,18,1,1
15,20,1,1
16,2,4,1
16,3,1,1
16,8,1,0
16,9,1,0
16,10,3,2
16,12,1,1
16,13,2,2
16,14,1,1
16,17,1,1
17,2,4,3
17,3,1,1
17,7,1,1
17,10,1,1
17,13,1,1
17,15,2,2
17,17,1,1
17,18,1,1
18,2,4,2
18,4,1,0
18,12,2,0
18,13,1,0
18,17,2,1
19,2,4,3
19,3,1,1
19,6,1,1
19,17,2,2
19,20,3,2
20,1,1,1
20,2,4,3
20,4,1,1
20,8,1,0
20,13,1,0
20,15,1,0
20,17,1,0
20,19,1,1
21,2,4,3
21,8,2,1
21,10,1,1
21,14,1,0
21,15,1,1
21,17,1,1
21,20,1,1
22,1,1,1
22,2,4,4
22,3,1,0
22,5,2,1
22,6,2,2
22,7,1,1
22,12,1,1
22,15,1,0
22,17,1,0
22,20,1,1
23,2,5,4
23,3,1,1
23,6,2,1
23,7,1,0
23,9,1,1
23,17,2,1
23,18,1,1
23,20,1,1
24,2,4,1
24,3,3,3
24,4,1,1
24,14,1,1
24,17,2,1
24,18,1,1
25,2,5,5
25,3,1,1
25,8,1,0
25,9,2,1
25,13,1,1
25,16,1,0
25,17,2,2
25,18,1,0
26,2,4,3
26,3,1,1
26,5,1,0
26,6,1,0
26,9,1,0
26,13,1,0
26,15,1,0
26,16,2,2
26,17,1,1
26,18,1,0
27,1,1,1
27,2,5,4
27,4,1,1
27,9,2,2
27,17,1,0
28,2,5,4
28,4,1,1
28,6,1,1
28,10,1,1
28,11,1,1
28,12,1,1
28,13,1,0
28,14,1,1
28,17,1,1
29,2,4,3
29,4,1,1
29,6,2,0
29,13,1,1
29,17,1,0
29,18,1,1
29,20,1,0
30,1,1,1
30,2,5,4
30,6,2,2
30,7,1,1
30,9,1,1
30,12,1,1
30,13,1,1
30,17,1,0
31,2,6,6
31,5,1,0
31,8,1,1
31,9,1,1
31,12,1,1
31,13,1,1
31,15,1,0
31,17,1,1
31,19,1,0
32,2,5,3
32,5,1,1
32,6,2,2
32,7,1,1
32,10,1,1
32,12,1,0
32,17,1,1
32,20,1,1
33,2,4,3
33,4,1,1
33,6,1,0
33,9,1,0
33,11,1,1
33,15,1,0
33,17,1,1
33,18,1,1
34,1,1,1
34,2,4,3
34,3,1,1
34,5,1,1
34,6,1,0
34,7,1,1
34,11,1,1
34,13,1,1
34,16,1,1
34,17,1,1
34,18,1,1
34,20,1,1
35,1,1,1
35,2,4,1
35,5,1,1
35,6,1,1
35,8,2,1
35,17,1,0
36,1,1,1
36,2,4,4
36,5,2,1
36,7,1,1
36,10,1,0
36,11,1,1
36,12,1,1
36,17,1,1
36,20,1,0
37,1,1,1
37,2,4,3
37,9,1,1
37,11,2,1
37,12,1,1
37,15,2,1
37,17,1,0
38,2,4,4
38,4,2,2
38,9,1,1
38,10,1,0
38,11,1,1
38,15,1,1
38,17,3,1
38,20,2,0
39,1,1,1
39,2,6,2
39,4,1,0
39,12,1,1
39,15,1,1
39,17,1,0
40,1,1,1
40,2,4,3
40,4,1,1
40,9,1,1
40,13,2,0
40,17,1,1
40,20,1,0
41,1,2,0
41,2,3,3
41,3,1,0
41,4,1,1
41,6,1,1
41,7,1,0
41,9,1,0
41,10,2,1
41,16,1,1
41,17,1,1
41,20,1,1
42,1,1,0
42,2,4,3
42,3,1,1
42,4,1,1
42,5,1,1
42,7,1,1
42,16,1,0
42,17,3,2
42,18,1,1
42,20,1,1
43,1,1,1
43,2,4,2
43,3,1,0
43,4,1,1
43,8,1,1
43,11,1,1
43,14,1,0
43,17,1,1
43,19,1,1
43,20,1,0
44,1,1,1
44,2,5,3
44,5,2,2
44,9,1,1
44,15,1,1
44,17,2,2
44,18,1,1
44,19,1,1
45,2,4,2
45,4,1,1
45,5,1,1
45,6,1,1
45,10,1,1
45,17,1,0
45,20,1,1
46,2,4,3
46,5,2,2
46,7,1,0
46,10,1,1
46,12,2,1
46,16,1,1
46,17,1,1
46,19,1,1
47,2,4,3
47,4,1,1
47,5,2,2
47,7,1,1
47,12,1,0
47,16,1,1
47,17,2,1
47,19,2,2
47,20,1,1
48,1,1,0
48,2,4,3
48,12,1,1
48,17,1,0
48,18,2,1
48,19,1,1
48,20,2,1
49,2,4,2
49,6,1,1
49,9,1,1
49,11,1,0
49,14,1,1
49,15,2,1
49,17,1,1
50,2,4,2
50,6,1,0
50,7,1,0
50,10,1,1
50,14,1,1
50,17,1,1
50,20,1,0
51,1,1,1
51,2,4,3
51,3,1,1
51,5,1,0
51,10,1,1
51,17,1,1
51,20,2,2
52,2,4,4
52,3,1,0
52,5,1,1
52,13,1,1
52,17,1,0
52,18,1,0
52,19,1,0
53,2,4,2
53,5,2,1
53,10,1,1
53,15,1,1
53,16,2,2
53,17,2,1
53,20,1,1
54,1,1,1
54,2,4,2
54,3,1,1
54,5,1,0
54,10,1,1
54,11,1,1
54,16,1,0
54,17,1,1
54,18,1,0
55,1,1,1
55,2,5,2
55,4,1,1
55,9,1,1
55,10,1,0
55,14,1,0
55,17,2,2
55,18,1,0
55,20,1,0
56,2,4,3
56,5,1,0
56,13,1,0
56,14,1,1
56,15,2,2
56,17,1,1
57,1,1,1
57,2,4,2
57,5,1,0
57,6,1,1
57,13,1,1
57,17,2,2
57,18,1,1
58,1,1,1
58,2,3,3
58,4,2,1
58,7,1,0
58,8,1,0
58,12,2,1
58,13,1,1
58,14,1,0
58,17,1,1
58,18,1,1
58,19,1,1
59,2,5,5
59,3,3,1
59,11,1,0
59,16,1,0
59,17,1,1
60,2,5,1
60,4,2,1
60,9,1,1
60,12,2,0
60,14,2,1
60,16,1,1
60,17,1,1
61,1,1,1
61,2,4,2
61,5,1,0
61,7,1,1
61,8,1,1
61,11,1,1
61,13,1,0
61,16,1,1
61,17,1,0
61,20,1,1
62,2,4,3
62,3,1,1
62,5,1,1
62,7,1,1
62,12,1,1
62,14,1,1
62,16,1,0
62,17,1,1
62,18,1,1
63,1,1,1
63,2,4,1
63,3,1,1
63,5,1,1
63,6,1,0
63,8,1,1
63,9,1,0
63,11,1,1
63,13,1,1
63,14,1,1
63,17,1,0
64,2,4,3
64,3,1,1
64,6,1,1
64,13,1,1
64,16,1,1
64,17,1,1
64,19,1,0
65,2,4,2
65,4,1,1
65,6,1,1
65,8,2,1
65,9,1,1
65,10,1,1
65,12,1,1
65,13,1,0
65,17,1,1
65,18,1,1
65,19,1,1
66,1,2,0
66,2,5,2
66,7,1,1
66,8,1,0
66,13,1,1
66,14,1,1
66,17,1,1
66,18,1,1
67,2,4,4
67,5,1,1
67,8,1,1
67,11,1,0
67,17,2,1
67,20,1,0
68,2,4,3
68,5,1,1
68,11,2,0
68,12,1,1
68,13,1,1
68,14,2,0
68,17,2,1
68,18,1,0
69,2,5,4
69,4,2,1
69,9,2,2
69,13,1,1
69,14,2,1
69,16,1,1
69,17,2,1
70,2,4,3
70,4,1,1
70,6,1,1
70,8,2,1
70,11,2,1
70,14,1,1
70,17,1,1
70,18,1,0
71,1,1,0
71,2,5,2
71,3,3,2
71,5,1,1
71,7,1,0
71,15,1,1
71,17,1,0
71,20,1,1
72,2,4,1
72,3,2,1
72,5,2,2
72,6,1,1
72,8,1,1
72,17,2,2
72,19,1,1
72,20,1,0
73,2,4,2
73,4,1,0
73,6,1,1
73,7,1,1
73,11,1,0
73,12,2,1
73,15,1,0
73,16,1,0
73,17,2,2
73,19,1,1
74,2,4,2
74,3,1,1
74,7,1,1
74,8,2,2
74,10,1,0
74,13,1,1
74,17,1,1
74,18,1,1
74,19,1,1
74,20,1,1
75,2,4,3
75,4,1,1
75,5,1,0
75,7,1,1
75,11,1,0
75,13,1,0
75,16,1,1
75,17,1,1
75,18,1,1
76,2,4,3
76,9,1,1
76,14,1,1
76,17,1,1
76,19,1,1
76,20,3,2
77,1,2,0
77,2,4,3
77,7,2,1
77,8,3,1
77,12,1,0
77,17,2,1
77,19,1,0
78,1,1,1
78,2,5,4
78,9,1,0
78,10,1,1
78,12,1,1
78,13,1,0
78,16,1,1
78,17,1,1
78,18,1,0
78,20,2,1
79,1,1,1
79,2,4,4
79,3,1,1
79,7,2,2
79,8,1,0
79,10,1,1
79,13,2,1
79,15,1,1
79,17,1,0
79,18,1,1
80,1,1,1
80,2,4,3
80,3,1,0
80,7,2,1
80,15,1,1
80,17,2,1
80,20,1,1
81,2,4,4
81,3,1,0
81,6,1,1
81,7,1,0
81,13,1,1
81,16,1,0
81,17,2,2
81,18,1,1
82,2,4,3
82,3,1,1
82,4,1,1
82,11,1,1
82,13,1,1
82,16,2,1
82,17,1,1
83,2,4,3
83,8,1,1
83,12,1,0
83,13,2,2
83,14,1,1
83,17,1,1
83,19,1,0
84,2,4,2
84,3,1,1
84,6,1,1
84,12,1,1
84,16,2,2
84,17,1,1
84,18,1,1
84,20,1,0
85,2,4,3
85,3,1,1
85,5,1,1
85,7,1,1
85,9,1,0
85,12,1,1
85,13,1,0
85,15,1,1
85,17,1,1
86,1,1,0
86,2,4,3
86,7,1,1
86,9,1,0
86,11,1,1
86,17,1,0
86,20,1,0
87,1,1,0
87,2,3,2
87,4,1,1
87,10,1,1
87,11,1,1
87,17,1,1
87,18,1,1
87,19,1,0
88,2,5,4
88,5,2,0
88,7,1,1
88,11,1,1
88,15,1,1
88,16,1,1
88,17,1,1
88,19,1,1
89,1,1,1
89,2,4,4
89,10,1,1
89,11,1,0
89,16,1,1
89,17,1,1
89,20,1,1
90,1,1,1
90,2,4,3
90,4,1,0
90,8,1,1
90,10,1,0
90,15,1,1
90,16,2,2
90,17,2,2
90,20,1,0
91,2,5,4
91,7,1,0
91,8,1,0
91,9,1,1
91,12,1,0
91,14,1,1
91,17,2,2
91,19,1,1
91,20,1,0
92,2,4,4
92,6,1,0
92,7,1,1
92,9,1,0
92,12,2,1
92,17,1,1
93,2,5,2
93,6,1,1
93,7,1,1
93,12,1,1
93,13,1,1
93,17,1,1
94,2,5,4
94,13,2,2
94,17,2,2
94,19,1,1
95,2,4,3
95,4,2,1
95,5,1,1
95,6,1,1
95,8,1,0
95,10,1,1
95,12,1,1
95,13,1,0
95,15,1,1
95,17,1,0
95,18,1,0
96,2,5,5
96,4,1,0
96,5,1,0
96,9,1,1
96,10,1,1
96,13,1,1
96,14,1,1
96,17,1,1
96,20,1,1
97,1,1,0
97,2,5,2
97,5,1,1
97,10,1,1
97,12,1,0
97,17,1,1
97,20,1,0
98,1,1,1
98,2,4,2
98,4,1,0
98,5,1,1
98,11,1,0
98,17,1,1
98,20,1,1
99,2,4,2
99,6,1,1
99,7,1,1
99,9,2,0
99,10,1,0
99,15,1,1
99,16,1,1
99,17,1,0
99,20,1,1
100,1,1,1
100,2,3,1
100,5,2,2
100,6,2,1
100,7,2,1
100,17,1,1
101,2,4,1
101,6,1,0
101,9,1,1
101,12,1,0
101,15,1,0
101,17,1,1
101,18,1,1
101,20,1,0
102,2,4,2
102,3,1,0
102,5,1,0
102,6,1,1
102,13,1,0
102,15,1,0
102,17,1,1
102,18,2,1
102,19,1,1
103,2,4,1
103,3,1,0
103,8,1,1
103,12,1,1
103,14,2,0
103,17,1,0
103,19,1,0
103,20,1,1
104,2,4,4
104,3,1,0
104,7,1,0
104,12,1,1
104,14,1,0
104,16,1,0
104,17,1,0
104,20,1,1
105,2,4,1
105,7,1,1
105,8,1,1
105,11,1,1
105,16,2,2
105,17,1,1
106,1,2,2
106,2,4,3
106,9,1,0
106,14,2,2
106,16,1,1
106,17,1,1
106,20,1,1
107,1,1,0
107,2,4,4
107,4,1,1
107,5,1,1
107,7,1,0
107,8,1,1
107,12,2,1
107,15,1,1
107,17,1,1
108,2,5,2
108,4,1,0
108,6,1,1
108,7,1,1
108,10,1,1
108,12,1,1
108,13,1,1
108,17,1,0
108,18,1,1
108,19,2,1
109,2,5,4
109,6,1,1
109,15,1,1
109,16,2,2
109,17,1,1
110,2,4,2
110,3,2,2
110,4,3,2
110,5,1,0
110,10,1,1
110,12,1,1
110,14,1,0
110,17,1,1
110,19,1,1
111,1,2,2
111,2,4,3
111,4,2,1
111,6,1,1
111,11,1,0
111,13,3,3
111,17,1,0
112,2,4,3
112,7,2,1
112,8,1,0
112,12,1,0
112,14,1,0
112,15,1,1
112,17,1,0
113,2,5,3
113,4,2,2
113,6,2,1
113,7,1,0
113,13,1,1
113,14,1,1
113,17,1,1
114,2,4,4
114,3,2,2
114,4,1,0
114,6,1,1
114,8,2,2
114,10,1,1
114,13,1,0
114,17,1,0
114,20,1,1
115,1,1,1
115,2,4,3
115,4,1,0
115,6,1,1
115,12,1,1
115,14,1,0
115,16,1,1
115,17,1,1
116,2,4,2
116,4,1,1
116,12,1,1
116,13,1,0
116,17,2,0
116,19,1,1
116,20,1,0
117,2,4,2
117,4,1,1
117,5,1,0
117,6,1,0
117,7,1,1
117,17,1,0
117,19,1,1
118,2,5,2
118,4,1,1
118,7,1,0
118,9,3,2
118,10,1,0
118,11,1,1
118,17,2,1
118,20,1,0
119,2,4,3
119,6,1,1
119,8,1,0
119,10,1,0
119,11,2,1
119,14,1,0
119,17,1,1
120,1,2,1
120,2,4,2
120,7,1,0
120,8,2,1
120,10,1,1
120,17,1,1
121,2,3,1
121,4,2,1
121,9,2,1
121,14,2,1
121,17,1,1
121,18,1,1
122,2,4,3
122,6,1,0
122,7,1,1
122,10,1,1
122,11,2,2
122,13,1,0
122,17,2,1
122,18,1,1
122,20,1,1
123,2,4,3
123,4,2,2
123,5,1,0
123,6,1,1
123,7,1,0
123,9,1,1
123,11,2,2
123,13,1,1
123,17,1,1
123,20,1,0
124,2,4,2
124,9,2,1
124,10,2,0
124,11,1,0
124,12,1,1
124,17,1,1
125,1,1,1
125,2,4,3
125,3,1,0
125,8,1,1
125,10,1,1
125,11,1,1
125,13,1,1
125,14,1,1
125,17,1,0
125,18,1,1
126,1,1,1
126,2,4,2
126,4,1,1
126,6,1,0
126,14,1,1
126,17,1,0
126,18,2,1
127,2,5,5
127,3,1,1
127,5,2,1
127,12,1,0
127,13,1,0
127,17,2,1
128,2,4,4
128,4,1,1
128,7,1,1
128,9,1,0
128,11,1,1
128,12,1,1
128,17,1,1
128,20,1,1
129,1,1,1
129,2,5,4
129,8,1,1
129,9,1,1
129,12,2,2
129,16,1,0
129,17,2,0
129,19,2,1
130,2,4,2
130,3,1,1
130,11,1,1
130,12,1,1
130,14,1,1
130,15,1,1
130,16,1,0
130,17,2,1
131,2,5,3
131,4,1,1
131,8,1,0
131,15,1,0
131,16,1,1
131,17,1,1
132,2,3,2
132,5,1,0
132,7,1,1
132,9,2,0
132,11,1,0
132,13,1,1
132,17,1,1
132,18,1,1
132,20,1,0
133,1,1,1
133,2,4,3
133,6,1,1
133,8,2,2
133,9,1,0
133,14,2,2
133,17,2,2
133,20,2,0
134,2,4,3
134,3,1,1
134,5,1,1
134,6,1,0
134,7,2,1
134,10,1,1
134,14,2,2
134,17,1,1
134,19,1,1
134,20,1,0
135,1,1,1
135,2,4,3
135,6,1,0
135,7,1,1
135,8,1,1
135,15,1,1
135,17,1,1
135,18,1,1
135,19,1,1
135,20,1,1
136,1,1,0
136,2,5,5
136,5,2,2
136,8,1,1
136,10,1,0
136,11,1,1
136,13,1,1
136,15,1,1
136,17,1,1
136,19,1,1
137,1,1,0
137,2,4,2
137,10,1,1
137,16,1,1
137,17,2,2
137,18,1,0
137,19,1,1
138,2,4,2
138,3,1,1
138,5,1,1
138,9,3,1
138,13,1,1
138,15,1,0
138,16,2,1
138,17,1,1
138,19,1,1
139,1,1,1
139,2,4,3
139,3,2,1
139,6,1,0
139,7,1,1
139,11,1,1
139,17,1,0
139,19,1,1
139,20,1,1
140,2,4,3
140,5,1,1
140,6,1,1
140,7,1,1
140,8,1,1
140,10,1,1
140,12,1,1
140,17,2,2
141,2,4,3
141,6,1,1
141,10,1,0
141,12,1,1
141,13,1,1
141,15,2,2
142,2,4,2
142,3,1,1
142,6,1,0
142,8,1,0
142,9,1,0
142,13,1,1
142,14,2,1
142,17,2,2
142,18,1,1
142,20,1,1
143,2,4,4
143,3,1,0
143,6,2,1
143,7,1,0
143,11,2,2
143,17,2,2
143,19,2,1
144,2,4,4
144,3,1,0
144,5,1,1
144,9,1,1
144,10,1,1
144,17,1,0
144,20,1,0
145,2,4,4
145,7,1,1
145,9,1,1
145,10,1,1
145,11,2,2
145,18,1,0
146,1,1,0
146,2,4,3
146,4,1,1
146,6,1,1
146,9,1,1
146,10,1,0
146,12,1,1
146,13,1,0
146,17,3,1
147,2,4,2
147,4,1,0
147,5,1,1
147,8,1,1
147,14,1,1
147,17,2,1
147,18,1,0
147,19,1,1
148,2,4,3
148,3,1,1
148,5,1,1
148,7,2,0
148,8,1,0
148,9,1,1
148,10,1,0
148,12,1,1
148,17,1,1
148,20,1,1
149,2,4,2
149,4,1,1
149,11,3,2
149,17,2,0
150,2,4,3
150,6,1,0
150,8,2,1
150,17,1,1
150,18,2,1
151,2,4,2
151,7,2,2
151,8,1,1
151,9,1,0
151,10,1,0
151,12,1,1
151,14,2,2
151,17,2,1
152,1,2,1
152,2,4,2
152,8,1,1
152,9,3,2
152,11,1,1
152,17,1,1
152,20,2,2
153,2,4,4
153,4,1,1
153,6,1,1
153,7,1,1
153,10,1,0
153,17,3,2
153,18,1,0
153,19,1,0
154,1,1,0
154,2,4,3
154,3,1,0
154,15,1,1
154,17,1,1
154,18,1,1
154,19,1,0
155,2,4,4
155,3,1,1
155,11,1,1
155,13,1,1
155,14,2,2
155,17,1,0
155,18,2,2
155,20,1,1
156,2,5,4
156,5,2,1
156,6,1,1
156,7,1,1
156,8,1,0
156,12,1,0
156,17,1,0
156,20,2,2
157,1,1,1
157,2,4,4
157,3,1,1
157,6,1,1
157,7,2,1
157,9,1,0
157,16,1,1
157,17,2,2
157,18,2,1
158,1,1,0
158,2,5,5
158,3,1,1
158,5,1,1
158,14,1,1
158,16,2,1
158,17,2,0
159,1,1,1
159,2,5,3
159,7,1,1
159,12,1,1
159,14,1,0
159,17,1,1
159,19,1,0
160,1,1,1
160,2,5,5
160,6,3,2
160,7,1,1
160,16,1,1
160,17,1,1
160,20,1,1
161,1,1,1
161,2,3,1
161,4,1,1
161,5,1,1
161,9,1,1
161,16,1,1
161,17,2,2
161,18,1,1
161,19,1,1
162,2,4,4
162,6,1,1
162,7,1,1
162,11,2,2
162,13,1,1
162,14,1,1
162,15,1,0
162,17,1,1
163,2,5,4
163,4,1,0
163,6,1,1
163,7,1,0
163,9,1,1
163,12,1,0
163,17,1,1
164,1,1,1
164,2,4,2
164,3,1,1
164,4,1,1
164,9,2,2
164,10,2,2
164,13,1,1
164,15,1,0
164,16,1,1
164,17,1,0
165,2,4,3
165,3,1,1
165,10,1,0
165,15,1,1
165,16,1,1
165,17,1,1
165,18,1,1
166,2,4,4
166,8,1,0
166,9,1,0
166,11,1,0
166,13,1,1
166,14,1,1
166,17,2,1
166,19,1,0
166,20,1,0
167,2,4,3
167,6,1,0
167,8,1,1
167,11,1,0
167,12,1,1
167,17,2,1
167,18,1,0
167,19,1,1
168,2,5,3
168,4,1,1
168,5,1,1
168,8,1,1
168,9,1,0
168,14,1,1
168,17,2,1
168,18,1,1
168,19,1,1
169,1,1,1
169,2,4,4
169,4,2,1
169,7,1,0
169,9,1,1
169,10,1,1
169,14,1,0
169,17,1,1
169,19,1,1
170,2,3,1
170,6,1,0
170,11,1,1
170,13,2,0
170,16,1,1
170,17,1,1
170,19,1,1
170,20,1,0
171,1,2,1
171,2,4,4
171,3,1,0
171,4,1,1
171,6,1,0
171,7,1,1
171,9,1,1
171,11,1,1
171,16,1,0
171,17,2,1
172,2,5,2
172,5,1,0
172,8,1,1
172,9,1,1
172,12,1,1
172,13,2,1
172,17,1,1
172,20,1,1
173,2,4,1
173,5,2,2
173,7,2,1
173,8,1,1
173,10,1,1
173,12,1,1
173,15,1,0
173,16,1,1
173,17,2,2
174,2,4,3
174,4,2,2
174,7,1,1
174,15,1,0
174,16,1,1
174,17,1,1
175,2,4,3
175,3,1,1
175,8,1,0
175,10,1,1
175,14,1,1
175,17,1,1
175,18,1,1
175,20,1,0
176,2,4,4
176,3,1,1
176,7,1,1
176,8,1,1
176,10,1,1
176,13,1,1
176,17,1,1
176,18,1,1
176,19,1,0
177,2,6,2
177,4,1,1
177,13,1,1
177,16,1,0
177,17,2,2
177,18,1,1
177,19,1,1
177,20,1,1
178,2,4,4
178,4,2,2
178,6,1,1
178,9,1,0
178,10,2,2
178,12,2,0
178,15,1,0
178,17,1,1
179,1,2,1
179,2,4,2
179,5,1,0
179,6,1,1
179,17,1,1
179,18,1,1
179,20,1,1
180,2,4,4
180,8,1,0
180,9,2,1
180,11,1,1
180,12,2,2
180,16,1,1
180,17,1,1
180,18,1,0
180,19,1,1
180,20,1,1
181,1,1,1
181,2,4,4
181,3,1,1
181,5,1,0
181,7,1,1
181,9,1,1
181,12,1,1
181,13,1,1
181,14,1,1
181,17,1,1
181,19,1,1
181,20,1,1
182,1,1,1
182,2,4,1
182,3,2,1
182,15,1,1
182,17,1,1
182,20,1,1
183,2,4,3
183,3,1,0
183,4,1,0
183,5,2,1
183,10,1,1
183,12,1,0
183,17,1,1
183,19,1,1
184,1,2,2
184,2,4,2
184,4,1,0
184,10,1,1
184,14,1,1
184,15,1,1
184,17,1,1
185,2,4,2
185,6,1,1
185,7,2,1
185,8,2,1
185,17,1,1
185,18,1,1
185,19,1,1
185,20,1,1
186,2,5,5
186,4,1,0
186,9,1,1
186,10,1,1
186,14,2,1
186,17,1,0
187,1,1,1
187,2,4,2
187,4,1,0
187,9,1,1
187,10,1,0
187,12,2,0
187,15,1,1
187,17,1,0
188,2,4,3
188,3,1,1
188,6,1,0
188,7,1,1
188,8,1,1
188,12,2,2
188,17,2,1
189,2,4,2
189,5,1,0
189,8,1,0
189,9,1,1
189,16,1,0
189,17,2,1
189,19,1,1
190,1,1,1
190,2,4,2
190,5,1,1
190,16,1,1
190,17,1,0
190,19,2,1
191,2,4,4
191,8,1,1
191,14,2,1
191,17,2,2
191,19,1,1
192,1,1,1
192,2,3,2
192,5,1,1
192,9,1,1
192,13,1,1
192,14,1,1
192,17,1,1
192,18,2,2
192,19,1,1
192,20,1,1
193,2,4,3
193,3,1,0
193,4,1,0
193,5,1,1
193,6,1,1
193,7,1,1
193,9,1,1
193,16,2,1
193,17,1,1
193,20,1,0
194,2,4,4
194,3,2,2
194,7,1,1
194,8,1,0
194,11,3,2
194,15,1,1
194,17,1,1
194,19,1,1
195,2,5,2
195,8,1,1
195,10,1,0
195,15,1,0
195,16,1,1
195,17,1,0
195,19,1,1
196,2,4,3
196,3,2,2
196,4,1,1
196,6,1,1
196,7,1,0
196,9,1,1
196,11,1,1
196,14,1,1
196,16,2,1
196,17,1,1
197,1,2,2
197,2,4,2
197,3,1,1
197,7,2,2
197,8,1,1
197,11,1,0
197,16,1,1
197,17,1,0
197,18,1,1
197,19,1,1
198,2,4,3
198,4,1,1
198,5,1,1
198,13,1,1
198,17,2,1
198,20,1,0
199,2,5,5
199,3,1,1
199,5,2,1
199,6,1,1
199,7,1,1
199,17,1,1
199,18,1,1
199,19,1,1
200,2,4,1
200,9,1,1
200,10,1,1
200,12,1,1
200,13,1,0
200,16,1,1
200,17,3,1
200,18,1,1
200,19,1,0
201,2,4,3
201,10,1,1
201,12,1,1
201,13,1,1
201,15,2,1
201,16,3,3
201,17,2,2
201,18,1,1
202,1,2,2
202,2,4,2
202,5,1,0
202,8,1,1
202,13,2,2
202,16,1,0
202,17,1,1
202,18,1,1
202,19,1,0
203,2,4,3
203,11,1,1
203,14,1,1
203,15,1,1
203,17,1,1
203,19,2,2
204,1,1,1
204,2,3,1
204,4,1,1
204,5,1,1
204,6,1,1
204,7,1,1
204,9,1,1
204,14,1,1
204,17,1,0
204,18,1,0
204,19,1,1
204,20,1,1
205,1,1,1
205,2,4,2
205,5,1,1
205,10,1,1
205,11,3,2
205,13,1,1
205,15,1,1
205,16,1,1
205,17,1,1
206,2,4,2
206,4,1,0
206,5,1,1
206,6,1,1
206,7,2,1
206,16,1,1
206,17,1,1
206,18,2,2
206,19,1,1
207,2,5,5
207,5,1,1
207,9,1,0
207,10,1,1
207,14,2,2
207,15,1,1
207,17,1,1
208,2,5,3
208,4,1,1
208,5,1,0
208,6,1,1
208,8,1,1
208,15,2,1
208,17,2,2
208,19,1,1
208,20,1,1
209,2,4,3
209,3,1,1
209,4,1,1
209,8,1,1
209,11,1,1
209,17,1,1
209,18,1,0
210,1,1,1
210,2,5,3
210,7,1,1
210,8,2,2
210,9,1,1
210,12,1,0
210,14,1,1
210,17,1,1
210,18,2,2
211,2,3,1
211,3,1,1
211,6,1,0
211,8,1,0
211,9,1,0
211,13,1,1
211,16,1,1
211,17,2,2
211,20,1,1
212,2,3,3
212,5,2,1
212,8,2,2
212,17,1,0
212,20,2,1
213,2,4,3
213,6,1,1
213,8,2,1
213,15,1,0
213,17,2,2
214,2,3,2
214,3,1,1
214,6,1,0
214,7,1,1
214,10,1,1
214,11,1,1
214,12,1,1
214,15,1,1
214,17,1,1
214,18,1,1
214,20,1,1
215,2,4,3
215,8,1,1
215,9,1,1
215,17,4,4
216,2,5,4
216,7,1,0
216,9,2,2
216,12,2,2
216,13,1,1
216,17,1,1
216,20,2,2
217,2,5,4
217,10,1,1
217,13,1,0
217,15,1,1
217,17,1,1
217,18,1,1
218,2,4,2
218,8,2,1
218,10,1,1
218,11,1,1
218,15,1,1
218,17,2,1
219,2,4,2
219,3,1,0
219,4,1,1
219,5,1,1
219,8,1,0
219,12,1,1
219,16,1,1
219,17,2,2
219,20,1,1
220,2,5,4
220,8,2,2
220,14,1,0
220,17,1,1
220,18,1,1
220,19,2,1
220,20,1,0
221,1,1,1
221,2,4,2
221,6,1,0
221,7,1,1
221,8,1,1
221,9,3,2
221,11,1,0
221,14,1,1
221,17,1,1
221,19,1,1
222,2,3,3
222,5,1,1
222,6,2,2
222,7,1,1
222,8,1,1
222,11,1,1
222,13,2,1
222,15,2,2
222,16,1,1
222,17,1,1
223,2,4,2
223,6,2,2
223,7,1,0
223,8,1,1
223,11,1,0
223,13,2,1
223,16,2,2
223,17,1,0
223,19,1,1
224,2,4,3
224,7,1,1
224,12,2,2
224,17,1,1
224,18,1,1
224,20,1,1
225,2,4,3
225,5,1,0
225,6,1,1
225,8,1,1
225,11,2,1
225,12,1,0
225,15,1,0
225,17,2,1
225,18,1,1
226,1,2,1
226,2,4,4
226,5,1,1
226,6,1,1
226,9,1,1
226,10,1,0
226,17,2,1
227,2,4,3
227,3,1,1
227,5,1,0
227,8,1,1
227,10,1,1
227,17,1,0
227,18,1,0
228,2,5,4
228,3,1,1
228,5,1,1
228,7,1,1
228,8,1,1
228,9,1,0
228,11,1,1
228,14,1,1
228,17,2,2
228,19,1,1
229,2,5,2
229,5,2,1
229,7,1,1
229,9,2,0
229,11,1,1
229,12,2,1
229,17,1,1
229,19,1,0
230,1,2,1
230,2,4,4
230,3,1,0
230,7,1,0
230,8,1,0
230,9,1,1
230,13,1,1
230,14,1,1
230,15,1,1
230,17,1,0
230,20,1,1
231,2,4,4
231,4,1,0
231,6,1,1
231,7,1,1
231,13,1,1
231,16,1,1
231,17,1,1
231,18,1,1
231,19,1,1
231,20,1,1
232,1,1,0
232,2,4,2
232,4,1,1
232,5,1,1
232,7,1,0
232,8,1,0
232,11,1,1
232,14,1,1
232,15,1,1
232,17,1,1
232,18,1,0
233,1,1,0
233,2,5,4
233,4,1,0
233,9,2,2
233,11,1,0
233,13,1,1
233,17,1,1
233,18,1,0
233,20,1,1
234,2,4,2
234,9,1,1
234,14,1,1
234,15,1,1
234,17,2,2
234,19,1,1
235,2,5,3
235,3,1,0
235,8,1,1
235,10,1,1
235,11,2,2
235,15,1,0
235,17,1,1
235,18,1,1
235,19,1,1
236,1,2,1
236,2,3,3
236,9,1,0
236,12,1,0
236,14,1,0
236,15,1,1
236,17,1,1
237,1,1,1
237,2,4,3
237,8,1,1
237,11,2,1
237,13,1,0
237,14,2,1
237,15,1,1
237,17,1,1
237,20,1,1
238,1,1,1
238,2,3,0
238,3,1,0
238,4,1,1
238,12,2,0
238,13,1,1
238,15,2,2
238,17,1,1
239,1,1,1
239,2,7,6
239,4,1,1
239,6,1,0
239,15,1,1
239,16,1,1
239,17,1,0
239,20,1,0
240,2,5,5
240,6,2,1
240,8,1,1
240,11,1,1
240,12,1,1
240,13,2,2
240,14,1,1
240,17,1,1
241,1,1,1
241,2,4,3
241,3,1,1
241,5,2,1
241,12,1,1
241,14,1,1
241,15,2,1
241,16,1,1
241,17,1,1
242,2,4,3
242,3,1,1
242,5,1,1
242,7,1,1
242,8,1,1
242,9,1,0
242,10,1,0
242,15,1,1
242,17,1,0
242,20,1,1
243,1,1,0
243,2,5,3
243,5,1,1
243,9,1,1
243,10,1,1
243,15,1,1
243,17,1,1
243,20,1,1
244,2,5,5
244,9,1,1
244,10,1,1
244,12,1,1
244,14,1,1
244,16,1,1
244,17,2,2
244,18,1,1
245,2,4,1
245,5,1,1
245,6,1,1
245,8,1,1
245,13,1,0
245,14,1,1
245,15,1,0
245,17,1,0
246,2,4,4
246,4,1,1
246,6,2,2
246,8,1,0
246,11,1,1
246,16,1,1
246,17,1,1
247,2,4,2
247,6,1,1
247,11,1,0
247,12,1,0
247,13,1,1
247,17,2,1
247,19,2,1
247,20,2,2
248,2,4,3
248,4,1,1
248,6,2,1
248,9,1,1
248,11,1,0
248,14,1,1
248,16,1,1
248,17,1,0
248,18,1,1
248,19,1,1
249,1,1,1
249,2,5,2
249,6,1,1
249,8,1,1
249,10,1,0
249,14,1,1
249,16,1,1
249,17,1,1
250,1,1,0
250,2,4,3
250,3,2,1
250,5,2,0
250,6,1,1
250,17,2,2
251,1,1,1
251,2,4,4
251,4,1,0
251,5,2,2
251,6,2,1
251,8,1,0
251,9,2,2
251,13,1,1
251,17,1,1
252,2,5,4
252,3,1,0
252,7,1,1
252,10,1,1
252,11,1,0
252,12,1,1
252,17,1,1
252,18,1,1
253,1,1,1
253,2,4,1
253,10,2,1
253,11,1,0
253,14,1,1
253,15,1,1
253,16,1,1
253,17,1,1
254,1,2,1
254,2,5,4
254,4,1,0
254,6,1,0
254,7,1,1
254,11,1,0
254,14,1,1
254,17,1,0
255,2,3,1
255,4,1,1
255,5,1,1
255,6,2,1
255,7,1,1
255,15,1,0
255,16,1,0
255,17,1,1
255,18,1,1
255,19,1,0
255,20,1,1
256,2,3,1
256,7,1,0
256,10,1,1
256,11,2,0
256,15,1,1
256,17,3,3
256,19,1,0
257,2,4,4
257,4,1,0
257,6,1,1
257,7,1,0
257,8,1,1
257,9,1,1
257,17,1,1
257,19,1,1
257,20,1,1
258,1,1,1
258,2,4,1
258,3,2,2
258,5,1,1
258,7,1,1
258,9,2,2
258,12,1,1
258,16,2,0
258,17,1,1
259,2,4,3
259,4,1,1
259,8,2,1
259,10,1,1
259,13,1,0
259,14,2,1
259,17,2,2
259,19,1,0
260,2,4,2
260,3,2,0
260,11,1,1
260,12,1,0
260,15,2,1
260,17,1,1
260,20,1,1
261,2,4,4
261,5,1,1
261,9,1,1
261,10,2,1
261,11,1,1
261,13,1,0
261,16,1,1
261,17,1,1
261,18,1,1
261,20,1,0
262,2,4,2
262,6,1,1
262,10,1,0
262,17,1,0
262,18,1,1
262,19,1,1
262,20,1,0
263,2,4,3
263,6,1,0
263,8,1,1
263,9,1,0
263,11,1,1
263,17,2,1
264,1,1,1
264,2,4,2
264,9,1,0
264,13,1,1
264,14,1,1
264,17,1,0
264,18,1,1
265,2,4,3
265,4,1,0
265,7,3,3
265,9,1,0
265,11,1,0
265,17,1,0
266,2,3,2
266,7,2,2
266,9,1,0
266,10,1,1
266,12,1,0
266,15,1,1
266,17,2,2
266,18,2,1
266,19,2,2
267,1,1,1
267,2,4,4
267,3,1,1
267,4,2,0
267,5,1,1
267,9,1,0
267,10,1,0
267,11,1,1
267,12,1,1
267,16,1,1
267,17,1,1
268,1,1,1
268,2,5,4
268,5,1,1
268,9,1,0
268,11,2,2
268,12,1,0
268,15,2,1
268,16,1,1
268,17,1,1
269,2,3,2
269,3,2,1
269,6,1,1
269,8,1,1
269,9,1,0
269,10,1,1
269,11,1,1
269,13,1,0
269,15,1,1
269,17,1,0
269,18,1,1
269,20,1,0
270,2,4,2
270,5,2,2
270,7,1,1
270,8,1,0
270,9,1,0
270,11,3,3
270,17,1,1
270,20,1,1
271,2,4,3
271,3,1,0
271,13,1,1
271,14,1,0
271,15,1,1
271,17,2,2
271,18,2,2
271,20,1,1
272,2,4,3
272,8,1,0
272,11,2,2
272,12,2,2
272,17,1,1
272,20,1,1
273,1,1,1
273,2,4,4
273,4,1,1
273,5,2,1
273,9,1,1
273,10,2,2
273,13,1,1
273,17,2,1
273,19,1,0
274,1,3,2
274,2,4,3
274,6,1,1
274,9,1,0
274,11,2,0
274,17,1,1
274,18,1,1
275,2,6,4
275,4,2,2
275,8,1,0
275,11,1,0
275,15,1,1
275,17,1,1
275,18,1,1
275,20,1,0
276,1,1,1
276,2,4,3
276,9,1,1
276,10,2,0
276,11,1,0
276,13,1,1
276,16,2,1
276,17,1,1
276,19,1,1
277,2,4,2
277,3,1,1
277,6,1,0
277,7,1,1
277,8,1,0
277,9,1,0
277,10,1,1
277,12,1,1
277,17,2,1
278,2,4,4
278,5,1,1
278,6,2,1
278,8,1,1
278,17,2,2
278,19,1,1
278,20,1,0
279,2,4,2
279,4,1,1
279,7,2,1
279,11,3,1
279,13,1,1
279,15,1,1
279,17,2,2
280,2,4,2
280,3,2,1
280,6,1,1
280,8,1,1
280,14,1,1
280,16,1,1
280,17,2,2
280,19,1,1
281,2,4,4
281,3,2,1
281,5,1,1
281,10,1,1
281,12,1,0
281,16,1,1
281,17,1,1
281,18,1,0
281,19,1,1
282,2,5,4
282,7,1,1
282,8,1,1
282,10,2,2
282,11,1,0
282,12,1,1
282,17,1,1
282,18,1,1
283,1,1,0
283,2,4,3
283,6,1,1
283,13,2,1
283,15,1,1
283,17,2,0
283,20,1,1
284,2,5,5
284,4,1,1
284,7,1,0
284,8,1,1
284,12,1,1
284,16,2,2
284,17,1,1
284,18,2,2
285,2,4,4
285,4,1,0
285,6,1,1
285,12,2,2
285,17,1,0
285,20,1,1
286,1,1,1
286,2,5,3
286,6,1,1
286,7,1,1
286,13,2,1
286,14,1,0
286,16,1,1
286,17,1,0
287,2,4,4
287,3,1,0
287,6,2,2
287,10,1,0
287,11,2,2
287,12,1,1
287,15,2,1
287,17,1,1
288,2,3,2
288,5,2,1
288,7,1,1
288,8,1,0
288,13,1,1
288,14,2,2
288,15,1,0
288,17,1,1
288,18,1,1
288,20,1,1
289,1,1,1
289,2,3,3
289,3,1,0
289,5,1,1
289,9,1,1
289,12,2,2
289,17,2,2
289,18,1,1
290,2,4,2
290,3,1,1
290,6,1,0
290,7,1,1
290,11,1,0
290,12,2,1
290,15,1,0
290,17,2,1
290,18,1,1
291,2,4,2
291,3,1,1
291,7,1,1
291,9,1,1
291,14,1,1
291,17,2,2
292,1,1,0
292,2,4,4
292,8,1,1
292,13,1,1
292,14,1,0
292,15,1,1
292,17,1,1
292,19,1,1
293,2,4,3
293,5,1,1
293,6,1,0
293,7,1,0
293,12,1,0
293,13,1,0
293,16,1,0
293,17,2,2
293,18,1,0
294,2,5,2
294,5,1,1
294,7,1,1
294,8,1,1
294,10,1,0
294,12,2,2
294,13,1,1
294,17,1,0
294,20,2,1
295,1,1,1
295,2,3,3
295,8,1,1
295,9,1,1
295,11,1,1
295,16,1,1
295,17,1,1
295,18,2,2
295,20,1,1
296,2,4,2
296,3,1,0
296,5,1,1
296,8,1,1
296,9,1,1
296,10,1,1
296,14,1,0
296,17,1,1
296,20,1,1
297,2,4,3
297,3,1,1
297,4,1,1
297,12,2,2
297,14,1,1
297,17,1,1
297,18,1,1
297,19,2,1
298,2,5,4
298,4,1,1
298,7,1,1
298,11,1,1
298,13,1,1
298,14,1,1
298,15,1,0
298,17,1,0
298,18,1,1
298,20,1,0
299,2,4,2
299,5,3,3
299,11,1,1
299,14,1,1
299,16,1,0
299,17,1,0
299,19,1,1
300,1,2,0
300,2,4,3
300,3,2,1
300,4,1,0
300,7,1,1
300,17,1,1
300,18,1,1
300,19,1,0
300,20,1,0
301,2,4,3
301,3,1,0
301,6,1,1
301,9,1,1
301,13,1,0
301,16,1,1
301,17,1,1
301,20,1,1
302,2,4,3
302,4,1,1
302,7,2,2
302,10,3,2
302,16,1,1
302,17,3,1
302,20,1,1
303,1,1,1
303,2,4,4
303,4,1,0
303,10,1,1
303,11,1,1
303,12,1,1
303,13,1,0
303,14,1,1
303,15,1,1
303,17,2,1
303,18,1,1
304,2,4,3
304,4,1,1
304,10,1,1
304,13,2,0
304,16,3,1
304,17,2,1
305,1,1,1
305,2,3,1
305,6,1,0
305,14,1,1
305,16,1,1
305,17,1,1
305,18,1,1
305,19,1,1
305,20,1,1
306,2,5,3
306,3,1,0
306,10,1,1
306,12,1,1
306,16,2,1
306,17,1,1
306,18,1,1
307,2,4,1
307,9,1,1
307,14,1,1
307,15,1,1
307,16,2,1
307,17,1,1
308,2,4,4
308,6,1,1
308,7,1,1
308,10,1,1
308,14,1,0
308,17,1,0
308,19,1,0
309,1,1,0
309,2,4,3
309,6,1,1
309,8,1,0
309,10,1,1
309,17,1,1
309,20,1,0
310,2,4,2
310,3,1,1
310,6,2,1
310,9,1,1
310,10,1,0
310,17,4,4
311,1,1,1
311,2,4,3
311,5,1,1
311,8,1,0
311,9,1,0
311,11,1,0
311,13,1,1
311,16,1,0
311,17,1,1
312,2,4,4
312,5,1,1
312,9,1,1
312,13,1,1
312,14,1,1
312,15,1,0
312,16,1,1
312,17,1,1
313,2,3,1
313,3,1,1
313,6,1,1
313,10,3,3
313,12,1,1
313,17,1,1
313,18,1,1
313,20,1,0
314,2,3,1
314,4,1,1
314,5,2,1
314,7,1,0
314,10,1,0
314,13,1,0
314,15,2,1
314,16,1,0
314,17,2,0
315,1,1,1
315,2,4,4
315,6,2,1
315,8,1,1
315,10,2,2
315,15,1,1
315,16,1,1
315,17,1,1
315,19,1,1
315,20,1,1
316,2,4,4
316,3,1,1
316,6,1,1
316,8,1,1
316,10,1,1
316,12,1,1
316,14,1,1
316,17,1,0
316,19,1,1
317,2,4,3
317,5,1,1
317,10,1,1
317,11,1,1
317,14,1,1
317,16,1,1
317,17,3,3
318,2,5,3
318,4,1,1
318,5,1,1
318,9,2,2
318,11,1,0
318,16,1,0
318,17,1,1
319,2,5,3
319,6,1,1
319,17,2,1
319,18,1,1
319,19,1,1
319,20,1,1
320,2,4,4
320,3,1,1
320,4,2,2
320,6,2,2
320,8,2,1
320,12,1,1
320,13,1,1
320,14,1,1
320,17,1,1
321,1,1,0
321,2,4,2
321,3,1,1
321,4,1,1
321,5,1,1
321,9,1,1
321,15,1,0
321,16,1,1
321,17,1,1
322,2,4,3
322,4,1,0
322,11,1,0
322,13,1,1
322,17,2,1
322,19,1,1
322,20,2,2
323,1,1,1
323,2,4,3
323,3,1,1
323,11,1,1
323,13,1,0
323,17,2,2
323,19,1,0
324,2,4,4
324,6,1,1
324,8,1,1
324,11,1,1
324,13,1,1
324,14,1,1
324,16,1,1
324,17,3,2
325,2,4,2
325,4,2,1
325,5,1,1
325,8,1,1
325,12,1,0
325,15,1,0
325,17,2,1
326,2,4,3
326,9,1,0
326,12,2,0
326,14,1,0
326,17,2,2
326,20,1,1
327,2,4,1
327,5,1,1
327,6,1,1
327,7,1,0
327,9,2,1
327,10,2,2
327,11,1,1
327,12,1,1
327,17,1,1
327,20,1,1
328,2,3,1
328,3,1,0
328,6,1,1
328,7,1,1
328,10,1,1
328,13,1,0
328,15,1,1
328,17,1,0
328,18,1,0
329,2,4,1
329,4,1,1
329,6,1,0
329,9,1,1
329,10,1,0
329,11,1,1
329,12,1,1
329,15,1,0
329,16,1,0
329,17,1,1
329,18,1,1
330,2,5,2
330,5,1,0
330,9,1,1
330,13,1,1
330,15,1,1
330,17,1,1
331,2,4,3
331,9,2,2
331,10,1,1
331,15,1,0
331,17,1,1
331,18,1,1
331,19,1,1
332,2,5,5
332,3,1,1
332,5,1,1
332,6,1,1
332,10,1,1
332,13,1,1
332,17,2,1
332,19,2,2
333,2,4,3
333,6,2,1
333,10,1,1
333,12,1,1
333,13,2,1
333,17,1,1
334,2,3,2
334,4,1,0
334,5,2,1
334,9,2,2
334,10,2,0
334,12,1,1
334,13,1,0
334,17,1,1
334,19,1,1
335,2,4,3
335,3,1,1
335,5,2,1
335,7,1,0
335,8,2,2
335,16,1,1
335,17,1,1
335,20,1,1
336,2,5,1
336,5,1,1
336,6,1,1
336,7,2,1
336,8,1,0
336,13,1,0
336,16,1,0
337,1,3,3
337,2,4,4
337,9,1,1
337,10,2,2
337,16,2,2
337,17,1,1
337,18,1,1
338,1,1,0
338,2,4,2
338,12,2,2
338,14,1,1
338,16,1,1
338,17,1,1
339,2,4,2
339,3,1,0
339,7,2,1
339,9,1,0
339,10,1,1
339,17,1,1
339,18,1,1
340,2,4,1
340,7,1,0
340,13,1,0
340,15,1,0
340,17,2,2
340,18,1,1
341,2,4,4
341,6,1,0
341,7,1,0
341,8,1,1
341,10,1,1
341,11,1,1
341,14,1,1
341,17,1,1
341,18,2,2
342,2,4,2
342,3,1,1
342,6,3,2
342,10,1,0
342,15,1,1
342,17,1,1
342,20,1,1
343,1,1,0
343,2,4,2
343,4,1,1
343,7,1,1
343,8,1,1
343,9,1,1
343,11,1,0
343,17,1,0
343,18,1,1
344,2,4,4
344,4,1,0
344,5,1,1
344,7,1,1
344,10,1,1
344,11,1,1
344,12,2,2
344,13,1,1
344,14,1,1
344,15,1,0
344,17,1,1
345,1,1,0
345,2,4,4
345,6,1,1
345,9,1,1
345,16,1,1
345,17,1,0
345,18,1,1
345,20,1,1
346,1,1,1
346,2,4,4
346,9,2,2
346,14,1,0
346,17,2,1
347,1,1,1
347,2,4,1
347,4,1,0
347,5,1,1
347,10,1,1
347,11,1,1
347,13,1,1
347,17,2,1
347,19,1,1
347,20,1,1
348,2,4,4
348,3,1,0
348,4,2,1
348,5,1,1
348,9,1,1
348,14,1,0
348,17,1,0
348,18,1,1
349,2,4,2
349,9,2,1
349,12,2,2
349,13,1,1
349,15,2,1
349,16,1,1
349,17,1,1
350,1,1,0
350,2,4,3
350,5,2,2
350,9,1,1
350,11,1,0
350,14,1,1
350,15,1,1
350,17,1,1
351,2,5,5
351,3,1,1
351,5,2,2
351,6,1,1
351,10,1,1
351,13,2,1
351,15,1,0
351,17,1,1
351,19,1,1
352,2,5,4
352,8,1,1
352,9,1,1
352,11,2,1
352,15,1,0
352,16,1,0
352,17,2,2
352,18,1,1
352,19,1,0
353,2,5,3
353,6,2,1
353,7,1,0
353,11,1,0
353,13,1,0
353,15,1,1
353,17,1,1
353,19,1,1
354,1,1,0
354,2,4,3
354,3,1,0
354,5,1,0
354,7,1,0
354,10,1,1
354,17,1,1
354,18,1,1
355,1,1,1
355,2,4,3
355,3,1,1
355,6,1,1
355,9,1,1
355,10,3,3
355,13,1,1
355,17,1,0
356,2,4,3
356,3,1,1
356,7,1,1
356,14,1,1
356,15,2,2
356,16,2,2
356,17,1,0
356,20,1,0
357,2,4,1
357,3,2,1
357,5,1,1
357,7,1,1
357,9,1,0
357,17,1,1
358,2,5,5
358,7,1,1
358,13,2,1
358,14,1,0
358,16,1,1
358,17,1,1
359,2,4,1
359,7,1,0
359,9,2,2
359,10,1,1
359,12,1,1
359,14,1,1
359,17,1,0
360,2,5,3
360,4,1,1
360,5,2,1
360,9,1,1
360,11,1,1
360,14,2,2
360,17,1,1
361,1,1,0
361,2,5,3
361,3,2,1
361,5,1,1
361,6,1,0
361,8,1,1
361,10,2,1
361,17,2,1
362,1,1,0
362,2,4,2
362,5,1,1
362,9,1,1
362,11,1,1
362,17,1,0
362,18,1,0
362,19,1,0
363,2,4,3
363,7,1,1
363,9,1,0
363,10,1,1
363,15,3,1
363,17,1,1
363,20,2,1
364,2,4,3
364,4,1,0
364,11,1,1
364,13,1,0
364,14,1,1
364,17,1,0
364,19,1,1
364,20,1,1
365,2,5,4
365,3,2,0
365,8,1,0
365,11,2,1
365,15,2,2
365,17,3,3
366,2,4,3
366,4,1,1
366,5,1,1
366,9,1,1
366,12,1,1
366,16,1,1
366,17,2,2
367,1,1,1
367,2,4,3
367,5,1,1
367,8,1,0
367,9,1,1
367,12,1,1
367,13,1,0
367,14,1,1
367,17,2,2
368,2,3,2
368,6,1,1
368,8,1,1
368,13,1,1
368,14,2,1
368,16,3,2
368,17,1,1
369,1,1,1
369,2,4,3
369,3,1,1
369,7,1,1
369,9,2,1
369,10,1,0
369,14,1,1
369,16,1,1
369,17,1,1
369,18,1,1
370,2,5,3
370,6,2,1
370,9,1,0
370,13,1,1
370,16,1,1
370,17,2,0
370,19,1,1
370,20,1,1
371,2,4,3
371,5,1,0
371,8,2,2
371,11,1,1
371,16,1,0
371,17,1,1
371,20,1,1
372,2,4,3
372,5,2,1
372,12,2,2
372,13,1,0
372,15,1,1
372,17,1,0
372,18,2,2
373,2,5,3
373,7,1,0
373,8,1,1
373,9,1,1
373,10,1,1
373,12,1,1
373,13,1,0
373,17,1,0
374,2,5,3
374,3,1,1
374,5,3,3
374,9,1,1
374,10,1,0
374,13,2,2
374,16,1,1
374,20,1,1
375,1,1,1
375,2,4,3
375,4,1,1
375,6,1,1
375,8,2,2
375,9,1,0
375,10,1,1
375,13,1,1
375,17,2,2
376,2,4,4
376,6,1,1
376,8,1,0
376,11,1,1
376,17,1,1
376,18,1,1
376,20,1,0
377,2,5,3
377,11,2,1
377,14,1,0
377,15,1,1
377,17,1,1
378,1,1,1
378,2,4,2
378,4,1,1
378,5,1,1
378,9,1,1
378,10,1,1
378,12,1,0
378,16,1,1
378,17,1,1
378,20,2,1
379,1,1,1
379,2,5,4
379,6,1,0
379,8,1,1
379,9,1,1
379,12,1,1
379,13,1,1
379,15,1,1
379,17,1,1
379,19,1,1
380,2,7,3
380,8,1,1
380,11,1,1
380,14,1,0
380,15,1,1
380,17,2,2
380,19,2,2
381,2,4,4
381,3,2,1
381,8,1,1
381,9,1,0
381,17,1,0
381,20,1,0
382,2,4,3
382,3,2,2
382,11,1,1
382,15,1,1
382,17,1,1
382,19,1,1
382,20,2,1
383,2,5,1
383,3,1,1
383,5,1,0
383,6,2,1
383,11,2,1
383,14,1,1
383,17,1,0
383,19,1,1
384,1,1,0
384,2,4,3
384,4,1,1
384,6,1,1
384,7,1,1
384,8,1,1
384,10,1,1
384,16,1,1
384,17,2,1
384,18,1,1
385,2,4,2
385,4,1,0
385,5,2,2
385,6,3,0
385,10,1,0
385,13,1,0
385,17,1,0
385,18,1,1
386,1,1,1
386,2,3,2
386,6,1,1
386,7,2,2
386,8,1,1
386,10,1,0
386,11,1,1
386,17,1,0
387,2,4,3
387,3,1,1
387,6,1,1
387,8,1,1
387,9,2,2
387,10,1,1
387,14,1,1
387,15,1,1
387,16,1,1
387,17,1,1
387,19,1,1
388,2,5,3
388,4,2,2
388,11,1,1
388,17,2,2
388,20,1,1
389,2,5,4
389,5,1,0
389,12,1,1
389,17,2,2
389,20,1,1
390,2,4,1
390,6,1,1
390,13,1,1
390,17,2,2
390,18,2,2
390,20,1,0
391,1,1,1
391,2,4,2
391,4,2,1
391,5,1,1
391,6,1,1
391,8,2,1
391,9,1,1
391,11,1,1
391,17,1,0
391,20,1,0
392,2,5,3
392,3,1,1
392,5,1,1
392,8,1,1
392,11,1,1
392,17,1,1
392,20,1,0
393,2,5,2
393,4,1,0
393,9,1,1
393,10,1,0
393,15,1,1
393,16,1,1
393,17,1,1
393,18,1,0
393,19,1,1
393,20,2,0
394,1,1,0
394,2,4,4
394,9,1,1
394,11,1,1
394,16,1,1
394,17,1,1
394,18,1,0
394,19,1,0
395,2,5,4
395,6,1,1
395,10,1,1
395,12,1,1
395,15,1,1
395,16,2,2
395,17,3,3
395,18,1,1
396,2,5,3
396,4,1,1
396,5,1,1
396,6,1,0
396,9,1,1
396,12,1,1
396,17,1,1
397,2,4,3
397,6,1,1
397,12,1,0
397,13,1,1
397,14,1,0
397,16,1,0
397,17,2,2
398,2,4,3
398,3,2,1
398,11,2,0
398,17,2,2
398,18,3,1
399,2,4,3
399,7,1,0
399,9,1,1
399,12,1,1
399,13,1,0
399,15,1,1
399,17,2,2
399,18,1,0
399,20,1,1
400,1,1,1
400,2,4,2
400,3,1,1
400,7,1,1
400,8,1,1
400,9,1,0
400,11,1,1
400,12,1,1
400,14,1,0
400,16,1,0
400,17,1,0
400,18,1,1
401,1,1,1
401,2,5,4
401,3,1,1
401,13,2,2
401,17,1,1
401,18,1,1
402,2,5,2
402,9,1,0
402,11,1,1
402,13,1,0
402,14,1,1
402,15,1,1
402,16,1,0
402,17,3,1
403,2,5,5
403,3,2,2
403,4,1,0
403,10,1,0
403,13,1,1
403,14,1,1
403,16,1,1
403,17,1,1
404,2,4,4
404,6,1,0
404,9,1,1
404,10,1,1
404,14,1,1
404,15,2,2
404,16,1,1
404,17,1,1
405,1,1,1
405,2,5,2
405,3,1,1
405,7,1,1
405,11,2,2
405,13,1,0
405,17,2,1
405,19,2,0
406,2,4,3
406,4,1,1
406,6,1,0
406,9,1,0
406,11,1,1
406,12,1,0
406,13,1,1
406,14,1,1
406,15,1,1
406,16,1,0
406,17,1,0
406,19,1,1
407,1,1,1
407,2,4,2
407,4,1,1
407,9,1,1
407,11,1,0
407,14,1,0
407,17,1,1
407,19,1,0
408,1,2,2
408,2,4,1
408,7,1,1
408,9,2,1
408,16,1,1
408,17,1,1
409,2,4,4
409,3,1,1
409,9,1,1
409,17,2,1
409,18,2,1
410,2,4,2
410,4,1,1
410,9,1,1
410,11,1,0
410,18,1,1
410,19,2,2
410,20,1,1
411,2,5,3
411,6,1,0
411,7,1,1
411,8,1,1
411,13,2,1
411,17,1,1
412,2,4,2
412,10,1,1
412,12,1,0
412,14,1,0
412,17,1,1
412,19,1,0
412,20,1,0
413,1,1,0
413,2,4,1
413,6,1,0
413,12,1,1
413,14,1,1
413,15,1,1
413,17,1,1
413,20,1,1
414,1,1,0
414,2,4,3
414,4,1,1
414,6,1,0
414,8,1,1
414,10,1,1
414,17,1,1
415,1,1,0
415,2,4,3
415,4,1,1
415,8,1,1
415,9,1,1
415,10,1,1
415,11,1,1
415,13,1,0
415,17,1,1
415,20,1,0
416,2,4,3
416,4,1,1
416,5,1,1
416,11,1,0
416,12,1,0
416,13,1,0
416,17,1,0
416,18,1,0
417,2,3,3
417,4,1,1
417,10,1,1
417,14,1,0
417,15,1,1
417,17,1,1
417,18,2,0
417,19,1,1
418,1,1,1
418,2,4,4
418,11,1,0
418,15,1,0
418,17,1,1
418,19,1,1
418,20,1,1
419,2,5,5
419,4,1,1
419,5,1,0
419,6,1,1
419,7,2,2
419,13,1,1
419,14,1,1
419,17,1,0
419,20,2,1
420,2,6,5
420,5,1,0
420,6,1,1
420,7,1,1
420,8,1,1
420,16,1,1
420,17,1,1
420,18,1,1
420,19,1,0
421,2,4,4
421,6,1,0
421,7,1,1
421,12,1,1
421,15,1,1
421,16,1,1
421,17,1,1
422,1,1,1
422,2,3,1
422,3,1,0
422,7,1,1
422,8,2,2
422,13,1,1
422,14,1,1
422,17,1,0
422,18,1,1
422,19,1,0
423,2,5,2
423,3,1,1
423,5,2,2
423,7,2,2
423,8,1,0
423,9,1,1
423,11,1,1
423,12,1,0
423,19,1,1
424,2,4,3
424,8,1,0
424,11,1,1
424,14,1,1
424,17,1,1
424,18,1,0
424,19,2,2
425,2,5,5
425,7,1,1
425,9,1,1
425,13,1,0
425,17,1,1
425,20,2,0
426,1,1,1
426,2,4,3
426,12,1,0
426,14,2,0
426,17,1,1
426,18,1,1
427,2,4,3
427,8,1,1
427,9,1,1
427,14,1,1
427,17,1,0
427,18,1,1
427,19,1,1
428,2,4,4
428,8,1,1
428,9,1,0
428,13,1,1
428,15,2,1
428,17,1,1
428,18,1,0
429,2,4,2
429,3,1,1
429,4,1,0
429,7,1,1
429,8,1,1
429,15,2,2
429,17,1,1
430,2,4,2
430,7,1,1
430,9,1,0
430,12,1,0
430,13,1,1
430,17,2,1
430,20,1,1
431,2,5,4
431,3,1,1
431,4,2,2
431,5,1,1
431,8,1,1
431,11,1,1
431,12,1,1
431,13,1,0
431,17,1,1
431,18,1,1
432,2,4,3
432,4,1,1
432,7,1,1
432,8,1,0
432,11,2,1
432,17,2,2
432,20,1,1
433,2,4,1
433,5,1,1
433,6,1,0
433,11,1,1
433,15,1,0
433,16,1,1
433,17,1,1
433,19,1,1
433,20,1,1
434,1,2,0
434,2,4,2
434,3,2,1
434,9,1,1
434,12,1,1
434,15,1,1
434,16,1,1
434,17,2,2
434,20,1,1
435,1,1,1
435,2,4,2
435,3,1,1
435,8,1,1
435,12,1,0
435,15,2,1
435,16,1,0
435,17,1,1
435,18,2,2
435,19,1,0
436,2,4,2
436,4,1,1
436,5,1,1
436,7,1,1
436,11,1,0
436,16,2,2
436,17,1,1
437,1,1,1
437,2,4,3
437,3,1,1
437,4,1,0
437,7,1,0
437,10,1,0
437,14,1,0
437,17,2,2
438,1,1,1
438,2,5,5
438,3,1,0
438,9,1,0
438,12,3,1
438,15,1,1
438,16,1,0
438,17,2,1
439,2,4,1
439,4,1,0
439,5,2,2
439,6,1,0
439,7,2,0
439,12,1,1
439,17,2,1
439,18,1,1
439,20,1,0
440,2,4,3
440,6,1,1
440,10,1,0
440,11,2,2
440,12,1,0
440,13,1,1
440,15,1,1
440,17,2,2
441,2,4,2
441,5,1,1
441,7,2,1
441,16,2,2
441,17,2,2
441,18,1,1
442,2,5,3
442,4,1,1
442,7,2,2
442,10,1,1
442,13,1,0
442,17,1,1
442,20,1,1
443,2,4,1
443,3,2,1
443,4,2,1
443,5,2,2
443,16,1,0
443,17,1,1
444,1,1,1
444,2,5,3
444,7,1,0
444,10,1,1
444,12,2,0
444,15,1,1
444,16,1,1
444,17,1,1
444,18,1,1
444,20,1,0
445,2,4,3
445,4,1,1
445,5,1,0
445,6,1,1
445,7,1,1
445,12,1,1
445,17,1,1
445,20,2,2
446,2,4,3
446,3,1,1
446,5,1,0
446,7,1,1
446,12,1,1
446,14,2,1
446,15,1,0
446,16,1,1
446,17,3,2
447,2,5,4
447,3,1,1
447,4,1,1
447,6,1,1
447,11,1,1
447,13,1,1
447,17,1,0
447,18,1,1
447,20,1,0
448,1,1,1
448,2,5,2
448,3,1,1
448,4,1,1
448,10,1,0
448,11,2,0
448,14,1,1
448,17,1,0
448,19,2,1
449,1,1,1
449,2,3,1
449,7,2,2
449,11,1,0
449,12,1,1
449,13,1,1
449,14,1,1
449,16,2,1
449,17,1,0
449,19,2,1
450,2,5,1
450,4,1,1
450,6,1,1
450,7,1,1
450,10,1,1
450,16,1,1
450,17,1,1
450,18,1,0
450,19,1,1
450,20,2,1
451,2,5,4
451,4,1,1
451,5,1,1
451,11,1,1
451,13,1,1
451,17,1,1
452,2,4,3
452,3,1,1
452,4,1,1
452,5,1,0
452,6,1,1
452,8,1,1
452,9,1,1
452,12,1,1
452,13,1,1
452,17,1,1
453,2,4,4
453,3,2,2
453,4,1,0
453,5,1,1
453,8,1,1
453,12,1,1
453,14,1,0
453,15,1,1
453,17,1,1
453,20,1,1
454,2,5,3
454,6,1,1
454,8,1,1
454,11,1,1
454,12,1,1
454,13,1,1
454,15,1,0
454,17,1,1
454,19,1,0
454,20,1,1
455,1,1,1
455,2,4,3
455,6,1,0
455,9,1,0
455,10,1,1
455,12,1,1
455,15,1,1
455,17,1,0
455,18,1,1
455,19,2,2
456,2,4,3
456,4,1,0
456,5,1,1
456,12,2,1
456,17,2,1
456,19,1,0
457,1,1,0
457,2,3,2
457,4,1,1
457,10,1,1
457,11,1,1
457,14,1,1
457,16,1,1
457,17,1,1
458,2,5,2
458,7,2,2
458,8,1,0
458,9,1,1
458,17,3,2
459,2,4,2
459,3,1,0
459,4,2,1
459,9,1,0
459,14,1,1
459,16,1,1
459,17,2,2
459,20,1,1
460,1,1,1
460,2,3,2
460,4,1,1
460,5,2,1
460,9,2,2
460,17,2,2
460,20,1,0
461,1,1,1
461,2,4,3
461,6,1,1
461,7,1,1
461,9,1,1
461,10,1,1
461,12,1,1
461,14,1,1
461,17,1,1
461,18,1,1
461,19,1,1
462,2,4,4
462,3,1,1
462,7,1,1
462,11,1,0
462,12,1,1
462,15,1,1
462,17,1,1
462,18,1,1
462,20,3,3
463,2,4,3
463,4,1,1
463,8,1,1
463,10,1,1
463,13,1,0
463,16,1,1
463,17,1,1
464,2,4,1
464,3,1,0
464,9,1,1
464,11,1,0
464,12,2,0
464,15,1,1
464,17,1,0
465,1,2,2
465,2,4,3
465,8,1,1
465,11,1,1
465,16,1,1
465,17,1,1
465,19,1,0
466,2,5,3
466,3,1,0
466,4,1,0
466,14,1,0
466,17,1,0
466,18,3,2
467,2,4,3
467,3,1,0
467,4,1,0
467,5,1,1
467,7,3,2
467,9,1,1
467,12,1,1
467,14,1,1
467,16,1,1
467,17,1,0
468,2,4,0
468,7,1,1
468,9,1,1
468,10,3,3
468,12,1,1
468,17,2,2
469,1,2,1
469,2,5,4
469,6,1,1
469,11,1,0
469,15,1,0
469,16,1,0
469,17,1,0
470,1,1,0
470,2,4,4
470,3,1,1
470,4,1,1
470,6,1,0
470,12,1,1
470,13,1,0
470,14,2,1
470,17,2,2
470,19,1,0
471,2,4,4
471,4,1,1
471,6,1,1
471,8,1,1
471,13,1,1
471,14,1,1
471,15,1,1
471,17,2,2
471,18,1,0
471,20,1,1
472,2,4,1
472,4,1,1
472,6,2,1
472,7,1,1
472,12,3,1
472,13,1,0
472,16,1,1
472,17,2,0
473,2,5,4
473,8,2,1
473,9,2,1
473,10,1,1
473,12,1,1
473,17,1,1
474,2,5,3
474,3,1,0
474,9,1,1
474,10,1,1
474,12,1,1
474,14,1,1
474,15,1,1
474,17,1,1
474,18,1,0
474,20,1,0
475,2,4,4
475,3,1,0
475,4,2,1
475,9,1,0
475,11,1,1
475,15,1,0
475,17,2,1
475,18,1,1
476,2,5,3
476,3,3,1
476,7,1,0
476,17,1,1
476,18,1,0
477,1,1,0
477,2,5,4
477,4,1,1
477,10,2,2
477,11,2,2
477,17,1,1
478,1,3,3
478,2,4,3
478,7,1,1
478,12,1,1
478,14,1,0
478,17,2,2
478,18,1,0
479,2,4,3
479,4,2,1
479,6,1,1
479,7,1,0
479,11,2,1
479,17,2,1
479,19,1,1
479,20,2,0
480,1,1,1
480,2,4,4
480,3,1,1
480,7,2,1
480,13,1,1
480,14,2,1
480,15,1,0
480,17,1,0
480,20,1,1
481,2,4,2
481,3,1,1
481,4,1,1
481,5,1,1
481,7,3,1
481,8,1,1
481,11,3,2
481,17,1,1
482,2,4,3
482,4,1,1
482,7,1,1
482,9,1,1
482,11,3,2
482,14,1,0
482,20,1,0
483,1,1,0
483,2,3,1
483,3,1,1
483,4,1,1
483,5,1,1
483,7,1,1
483,8,1,1
483,14,1,1
483,16,1,1
483,17,3,1
483,20,1,1
484,2,4,3
484,6,1,1
484,8,1,1
484,10,1,1
484,13,2,2
484,14,1,1
484,16,1,1
484,17,1,1
484,18,1,1
484,20,1,1
485,2,4,4
485,3,1,1
485,6,1,1
485,7,1,1
485,13,1,0
485,14,1,1
485,15,2,2
485,16,1,1
485,17,1,1
485,18,1,0
486,2,4,3
486,4,1,1
486,7,2,1
486,8,1,0
486,13,1,1
486,14,1,0
486,17,2,2
487,2,4,3
487,3,1,0
487,7,1,1
487,11,1,0
487,13,1,1
487,17,1,1
487,18,1,1
487,19,1,0
488,2,4,1
488,9,1,0
488,10,1,0
488,11,1,0
488,15,1,0
488,17,2,1
489,1,1,1
489,2,4,1
489,9,1,1
489,11,1,1
489,12,1,0
489,17,1,1
489,20,1,1
490,1,1,0
490,2,4,2
490,7,1,1
490,8,1,1
490,10,1,1
490,16,1,1
490,17,1,1
490,18,1,0
490,19,1,1
491,2,5,4
491,3,1,0
491,6,1,0
491,7,1,1
491,11,1,0
491,15,2,2
491,17,1,1
491,19,2,2
491,20,1,1
492,1,2,2
492,2,4,3
492,6,1,0
492,7,1,1
492,9,1,1
492,11,2,2
492,14,1,1
492,16,1,1
492,17,2,2
493,2,4,3
493,6,1,1
493,7,1,1
493,12,1,0
493,16,1,1
493,17,1,1
493,20,1,1
494,2,4,1
494,3,1,1
494,7,1,1
494,9,1,0
494,15,1,1
494,17,3,3
495,2,5,3
495,4,2,2
495,5,1,0
495,7,1,1
495,9,1,0
495,17,2,2
496,2,4,3
496,8,1,1
496,9,1,1
496,11,1,1
496,12,1,1
496,17,1,0
496,18,1,0
496,19,2,0
497,1,1,0
497,2,4,3
497,4,2,1
497,11,1,1
497,12,1,1
497,14,1,0
497,15,1,1
497,17,2,1
497,18,1,1
497,19,1,1
498,2,4,3
498,3,1,1
498,8,1,1
498,13,1,1
498,14,1,1
498,16,1,1
498,17,1,1
498,20,1,1
499,2,3,2
499,4,2,1
499,5,1,0
499,8,1,1
499,11,1,1
499,12,1,1
499,15,2,2
499,16,1,0
499,17,2,1
500,1,1,1
500,2,3,3
500,6,1,1
500,7,1,1
500,9,1,0
500,10,1,1
500,11,1,1
500,13,1,0
500,17,1,1
500,18,1,0
500,19,2,1
500,20,1,0
501,1,1,0
501,2,4,2
501,5,1,1
501,6,1,1
501,10,2,2
501,12,1,1
501,14,3,1
501,15,1,1
501,17,1,1
502,2,4,3
502,5,1,1
502,9,2,1
502,11,1,1
502,12,1,1
502,14,1,0
502,15,1,0
502,17,2,2
502,18,1,1
502,20,1,1
503,1,1,1
503,2,5,3
503,3,1,1
503,4,2,2
503,10,1,0
503,12,1,1
503,14,1,1
503,17,1,1
503,18,1,1
504,2,4,1
504,5,1,0
504,10,1,1
504,15,1,0
504,17,2,1
504,19,2,1
505,1,2,1
505,2,3,2
505,4,1,1
505,10,1,1
505,15,1,0
505,16,1,0
505,17,1,1
505,20,1,0
506,1,1,1
506,2,4,1
506,5,1,0
506,11,1,0
506,15,1,1
506,17,1,1
506,20,1,1
507,1,1,0
507,2,4,3
507,9,1,1
507,10,2,2
507,14,2,1
507,17,1,1
507,19,1,0
508,2,4,4
508,3,1,1
508,8,1,1
508,10,1,0
508,11,1,0
508,12,2,2
508,17,1,0
509,1,1,1
509,2,5,3
509,3,1,1
509,7,1,1
509,8,2,1
509,9,1,0
509,14,1,1
509,16,1,1
509,17,2,2
510,1,1,0
510,2,4,4
510,3,1,1
510,5,1,1
510,9,1,1
510,11,1,1
510,12,1,1
510,13,1,1
510,16,1,1
510,17,2,2
511,2,4,3
511,6,1,1
511,9,1,0
511,10,1,1
511,11,1,1
511,14,1,1
511,16,3,2
511,17,1,0
511,18,1,0
511,20,1,0
512,1,1,1
512,2,4,1
512,5,1,1
512,6,1,1
512,8,1,0
512,11,1,1
512,12,1,1
512,17,2,2
512,19,1,1
513,2,4,3
513,6,1,0
513,8,1,1
513,10,1,1
513,12,1,0
513,13,1,1
513,17,1,1
513,19,2,2
514,2,4,3
514,5,1,1
514,6,1,1
514,8,1,0
514,11,1,1
514,14,1,0
514,17,2,0
514,18,1,1
515,2,5,4
515,4,1,1
515,6,1,1
515,9,1,0
515,17,1,0
515,18,1,0
516,2,4,4
516,4,1,0
516,5,1,0
516,7,1,1
516,9,1,0
516,10,1,1
516,17,2,2
517,2,5,4
517,6,1,1
517,7,1,1
517,10,1,1
517,12,1,0
517,13,2,1
517,14,1,0
517,17,1,0
517,19,1,0
517,20,1,0
518,1,1,0
518,2,4,3
518,11,1,0
518,12,2,2
518,17,1,0
518,19,1,1
519,1,1,1
519,2,4,3
519,5,1,0
519,9,1,1
519,11,1,1
519,14,1,1
519,17,1,1
519,18,1,1
519,19,2,2
520,1,1,0
520,2,4,4
520,4,1,1
520,6,1,1
520,8,1,1
520,11,1,1
520,12,1,0
520,14,2,1
520,16,1,1
520,17,1,0
520,18,1,1
521,2,5,4
521,4,1,1
521,6,1,1
521,9,1,1
521,10,1,0
521,16,2,1
521,17,1,1
521,18,1,1
521,19,1,1
521,20,1,0
522,2,5,4
522,10,1,1
522,11,1,1
522,13,1,1
522,17,1,1
522,19,2,1
522,20,1,1
523,2,4,2
523,3,1,0
523,4,1,1
523,10,1,1
523,11,1,0
523,12,2,2
523,15,1,1
523,17,1,0
523,20,1,0
524,1,1,0
524,2,4,2
524,4,1,1
524,5,1,1
524,8,1,1
524,16,2,1
524,17,2,2
524,20,1,0
525,2,5,4
525,4,1,0
525,5,1,0
525,6,1,1
525,14,1,1
525,17,1,1
525,19,1,0
526,1,1,0
526,2,4,2
526,5,1,1
526,6,1,0
526,9,2,2
526,13,2,1
526,15,2,1
526,17,1,1
527,1,1,0
527,2,5,5
527,4,2,1
527,7,1,1
527,11,1,1
527,12,1,1
527,14,1,0
527,18,1,1
527,19,1,1
528,1,1,1
528,2,4,2
528,6,1,1
528,11,2,2
528,13,2,2
528,17,1,1
528,19,1,1
529,2,4,1
529,3,1,1
529,9,1,1
529,10,1,1
529,13,2,2
529,16,1,0
529,17,1,0
530,2,5,3
530,7,1,1
530,9,1,1
530,11,1,0
530,13,1,0
530,17,1,1
531,1,2,1
531,2,4,3
531,4,1,0
531,8,1,0
531,9,1,1
531,10,1,0
531,13,1,1
531,16,2,1
531,17,1,0
532,2,5,3
532,4,1,0
532,7,1,1
532,11,1,1
532,12,1,1
532,13,1,0
532,17,2,2
532,18,1,1
533,2,5,5
533,6,1,0
533,9,1,0
533,10,1,0
533,12,1,1
533,13,1,1
533,17,1,0
533,18,1,0
533,19,1,1
534,2,4,4
534,6,1,0
534,8,1,0
534,11,1,1
534,14,3,2
534,17,1,1
535,1,1,1
535,2,4,2
535,6,1,1
535,9,1,1
535,11,1,0
535,15,1,1
535,17,1,1
535,20,1,1
536,2,4,4
536,6,1,0
536,13,1,0
536,15,1,1
536,17,1,0
536,18,1,1
536,19,1,1
537,2,4,4
537,3,1,0
537,4,1,1
537,6,1,1
537,8,1,0
537,17,1,1
537,19,1,0
538,2,4,2
538,3,1,1
538,7,1,1
538,11,1,1
538,13,1,1
538,14,1,1
538,17,1,0
538,18,1,0
539,1,1,0
539,2,5,2
539,5,1,1
539,6,1,0
539,13,1,1
539,18,1,1
540,1,1,0
540,2,4,4
540,5,2,1
540,10,1,1
540,11,1,1
540,16,2,2
540,17,1,1
541,2,4,1
541,3,1,1
541,4,1,1
541,5,1,1
541,7,2,1
541,15,1,1
541,16,1,0
541,17,1,1
542,2,4,3
542,12,1,1
542,13,1,1
542,17,1,0
542,18,1,1
542,19,1,1
542,20,1,1
543,1,2,1
543,2,3,2
543,3,1,1
543,4,1,0
543,6,1,1
543,10,1,1
543,16,1,0
543,17,2,2
544,2,4,4
544,3,1,0
544,6,1,1
544,7,1,1
544,8,1,1
544,17,1,0
544,18,1,1
545,1,2,1
545,2,4,3
545,5,1,1
545,8,1,1
545,10,2,2
545,11,1,1
545,16,2,2
545,17,1,1
546,2,4,2
546,4,1,1
546,5,1,1
546,6,1,0
546,9,1,0
546,10,1,0
546,13,1,1
546,14,1,0
546,16,1,1
546,17,1,0
546,19,1,1
547,2,5,1
547,7,1,1
547,12,1,0
547,14,2,1
547,15,1,0
547,17,1,1
547,20,1,0
548,2,4,3
548,4,1,1
548,5,1,0
548,9,1,1
548,15,1,1
548,17,3,2
549,2,5,2
549,9,1,0
549,11,1,1
549,13,1,1
549,15,1,1
549,17,2,0
549,18,1,1
549,20,1,0
550,2,3,2
550,4,2,1
550,5,1,1
550,7,1,1
550,8,1,1
550,10,1,1
550,12,1,1
550,13,1,0
550,16,1,0
550,17,2,2
550,19,1,1
551,2,5,3
551,6,1,1
551,12,1,0
551,15,1,1
551,17,2,2
552,1,1,0
552,2,4,3
552,5,1,1
552,7,1,0
552,16,1,1
552,17,2,2
552,19,1,1
553,1,2,2
553,2,5,4
553,5,2,2
553,12,1,1
553,14,1,1
553,17,1,0
553,18,1,1
553,19,1,0
554,1,2,1
554,2,4,3
554,5,1,0
554,7,1,1
554,8,2,2
554,9,2,2
554,10,1,1
554,12,1,0
554,17,1,0
555,2,4,2
555,3,1,0
555,4,1,1
555,5,2,2
555,12,1,0
555,14,1,1
555,17,2,2
555,18,1,1
555,20,1,1
556,1,1,0
556,2,5,3
556,5,1,1
556,7,1,1
556,10,1,1
556,13,1,1
556,15,1,1
556,17,1,0
557,2,5,4
557,4,2,2
557,11,1,1
557,13,1,0
557,17,2,2
557,18,1,1
557,19,1,1
557,20,1,0
558,1,1,0
558,2,4,4
558,3,1,0
558,4,1,1
558,7,1,1
558,8,1,1
558,15,2,1
558,17,1,1
558,18,1,1
558,20,1,1
559,2,4,3
559,4,1,1
559,6,1,1
559,10,1,1
559,17,1,0
559,18,1,1
559,19,1,1
560,2,4,3
560,6,1,1
560,8,1,1
560,9,1,0
560,14,1,1
560,17,2,1
560,18,1,1
560,20,1,1
561,2,4,3
561,9,3,2
561,13,1,0
561,15,1,1
561,17,1,0
562,2,4,3
562,3,1,0
562,6,2,1
562,11,1,0
562,13,2,1
562,17,1,1
562,20,1,1
563,1,1,0
563,2,4,3
563,7,1,1
563,8,1,0
563,10,1,0
563,12,1,1
563,14,1,1
563,16,1,1
563,17,2,1
564,1,1,1
564,2,5,3
564,7,1,1
564,9,1,1
564,11,1,1
564,16,1,1
564,17,1,1
564,18,1,1
564,19,1,0
565,2,4,2
565,3,3,3
565,7,1,1
565,8,1,0
565,12,1,0
565,13,1,1
565,17,1,1
565,18,1,1
565,20,1,1
566,2,4,4
566,7,1,1
566,12,1,1
566,13,2,2
566,16,2,0
566,17,2,2
566,18,1,1
566,19,1,1
566,20,1,1
567,2,4,4
567,7,2,0
567,9,2,2
567,10,1,1
567,17,1,1
567,20,1,0
568,2,4,2
568,3,1,0
568,8,1,1
568,9,1,0
568,13,1,1
568,17,1,0
568,20,1,1
569,2,5,4
569,4,1,0
569,6,2,2
569,14,1,1
569,17,1,1
569,18,1,1
569,20,1,1
570,1,1,1
570,2,5,4
570,11,1,1
570,14,1,0
570,17,2,2
570,18,1,1
570,19,1,1
571,2,5,1
571,3,1,1
571,4,2,1
571,8,1,1
571,10,1,1
571,15,1,1
571,17,1,1
571,20,2,0
572,2,4,3
572,3,1,1
572,5,1,1
572,6,3,3
572,9,1,1
572,14,1,0
572,15,1,0
572,17,1,1
572,19,1,1
572,20,1,1
573,1,1,0
573,2,4,2
573,4,2,2
573,6,1,1
573,7,1,1
573,8,1,1
573,10,1,1
573,13,1,1
573,17,1,1
574,2,4,3
574,10,1,1
574,12,2,1
574,14,1,1
574,15,1,1
574,16,1,1
574,17,1,0
575,2,4,3
575,4,1,1
575,5,1,1
575,8,1,1
575,15,1,0
575,16,1,1
575,17,2,2
575,18,1,1
575,20,1,1
576,2,4,2
576,3,1,0
576,5,1,0
576,6,1,0
576,8,1,1
576,10,1,0
576,11,1,1
576,14,1,1
576,16,1,0
576,17,1,1
576,20,1,0
577,1,2,1
577,2,4,2
577,7,1,1
577,10,1,0
577,11,1,1
577,13,1,0
577,14,1,1
577,15,1,1
577,16,1,0
577,17,1,1
578,1,1,0
578,2,4,2
578,4,1,1
578,5,1,1
578,11,1,0
578,12,2,1
578,15,1,1
578,16,1,1
578,17,1,1
579,2,4,2
579,4,2,1
579,5,1,1
579,9,1,1
579,16,2,2
579,17,1,1
579,19,2,1
580,2,4,2
580,7,3,3
580,10,1,1
580,12,2,1
580,13,1,1
580,17,1,1
580,18,1,0
580,19,1,1
580,20,1,1
581,1,1,0
581,2,4,4
581,11,2,1
581,14,2,1
581,17,2,0
581,18,1,1
581,19,2,2
582,1,1,1
582,2,4,0
582,3,2,1
582,5,1,1
582,10,1,1
582,12,2,1
582,17,1,0
582,18,1,1
583,1,1,1
583,2,4,3
583,3,1,1
583,5,1,1
583,7,1,1
583,10,1,1
583,15,1,1
583,17,2,1
583,18,1,0
583,20,1,1
584,2,4,4
584,5,1,0
584,11,2,2
584,15,2,2
584,17,1,1
584,19,1,1
585,2,4,3
585,4,1,1
585,7,1,0
585,8,1,1
585,10,1,0
585,12,1,1
585,15,1,0
585,17,1,1
585,18,1,1
585,19,1,1
585,20,2,2
586,2,3,2
586,3,1,1
586,5,1,1
586,6,1,1
586,7,1,1
586,12,2,2
586,13,1,0
586,14,3,2
586,16,1,1
586,17,1,1
587,2,4,3
587,5,1,1
587,7,2,2
587,10,1,1
587,12,2,0
587,14,1,1
587,17,1,0
588,2,4,3
588,4,1,1
588,12,1,0
588,13,2,1
588,17,2,2
588,19,1,0
588,20,1,1
589,2,3,1
589,3,2,1
589,5,1,0
589,7,1,1
589,13,2,1
589,14,2,2
589,16,1,1
589,17,1,0
589,20,1,1
590,2,4,4
590,5,1,1
590,10,1,1
590,16,1,1
590,17,1,1
590,18,1,0
590,19,2,2
590,20,1,1
591,2,4,2
591,3,1,1
591,5,1,0
591,7,2,2
591,17,2,1
591,19,1,1
592,2,4,2
592,3,1,1
592,6,1,1
592,10,1,1
592,11,1,1
592,15,2,1
592,17,1,1
592,19,2,2
592,20,1,0
593,2,4,3
593,4,1,1
593,6,2,0
593,8,1,1
593,13,2,1
593,15,2,2
593,16,1,1
593,17,1,1
593,18,1,1
594,2,4,2
594,4,1,1
594,6,1,0
594,7,1,1
594,9,1,0
594,10,2,1
594,16,2,1
594,17,1,0
594,20,1,1
595,2,4,2
595,3,2,1
595,4,1,1
595,9,1,1
595,15,1,1
595,16,1,1
595,17,2,1
595,19,1,1
596,2,4,3
596,3,1,1
596,4,1,1
596,6,1,0
596,8,1,1
596,13,2,1
596,15,1,0
596,16,1,1
596,17,1,0
596,19,1,1
597,2,4,3
597,4,1,0
597,10,1,1
597,13,2,2
597,15,1,1
597,17,1,0
597,18,1,0
597,20,1,1
598,2,5,4
598,12,1,0
598,13,1,1
598,17,1,1
598,18,1,1
598,19,2,0
598,20,1,0
599,2,4,3
599,12,2,2
599,16,1,1
599,17,2,1
599,18,1,1
599,20,1,1
600,1,1,1
600,2,3,2
600,3,1,1
600,9,1,0
600,12,1,1
600,14,1,0
600,17,2,2
600,19,2,0
601,2,4,4
601,3,1,1
601,6,1,1
601,8,1,0
601,10,1,1
601,14,1,1
601,17,1,1
601,18,1,1
601,20,1,1
602,2,5,4
602,8,2,1
602,9,2,2
602,16,1,1
602,17,1,1
603,2,4,2
603,5,1,1
603,6,1,1
603,8,1,1
603,14,1,1
603,17,1,1
603,19,1,0
604,2,4,4
604,5,2,0
604,6,1,0
604,11,2,1
604,17,1,1
605,2,5,1
605,4,1,0
605,10,1,0
605,12,1,1
605,16,1,1
605,17,3,2
606,1,1,0
606,2,4,3
606,4,1,1
606,7,1,0
606,9,1,0
606,12,2,1
606,17,2,2
606,18,2,2
606,20,1,1
607,1,1,0
607,2,4,4
607,4,1,0
607,6,1,1
607,12,1,1
607,17,1,1
607,18,1,1
607,19,1,1
608,2,4,3
608,7,1,0
608,10,1,1
608,11,1,1
608,14,1,1
608,17,1,0
608,20,1,0
609,1,1,1
609,2,4,4
609,4,1,1
609,5,1,1
609,10,1,0
609,17,1,0
609,18,1,0
609,19,2,2
610,1,1,1
610,2,4,4
610,8,1,0
610,10,1,1
610,11,2,1
610,15,1,1
610,16,1,1
610,17,1,0
611,2,4,3
611,4,1,0
611,10,1,1
611,13,1,1
611,16,1,1
611,17,2,1
611,19,1,1
612,1,1,0
612,2,4,1
612,3,1,0
612,5,1,1
612,11,1,1
612,13,1,1
612,14,1,0
612,18,1,1
612,20,1,1
613,2,4,3
613,6,2,0
613,10,1,0
613,11,1,1
613,14,1,1
613,17,1,1
613,18,1,1
614,2,4,3
614,3,1,1
614,7,1,1
614,15,1,0
614,17,1,0
614,18,1,1
614,19,1,1
615,1,1,1
615,2,4,4
615,5,1,1
615,6,1,1
615,7,1,0
615,10,2,0
615,11,1,0
615,12,1,1
615,13,1,1
615,17,1,1
616,2,4,2
616,3,1,1
616,5,1,1
616,9,1,0
616,12,1,1
616,17,1,0
616,18,1,1
617,1,1,1
617,2,4,3
617,10,1,0
617,12,2,1
617,13,1,1
617,15,1,1
617,17,1,1
617,19,2,2
617,20,1,1
618,2,4,3
618,5,1,0
618,7,1,1
618,10,1,0
618,13,1,0
618,14,2,2
618,17,1,0
618,20,1,0
619,2,5,3
619,4,1,0
619,11,2,2
619,13,1,0
619,14,1,1
619,16,2,0
619,17,1,0
620,2,5,1
620,8,1,1
620,13,1,1
620,15,1,0
620,17,1,1
620,20,1,1
621,1,1,1
621,2,4,4
621,4,1,1
621,11,1,1
621,12,1,1
621,13,1,0
621,14,1,0
621,17,2,0
621,19,1,0
622,1,1,0
622,2,5,2
622,3,1,0
622,7,1,1
622,12,1,1
622,13,2,1
622,17,1,0
623,1,1,0
623,2,4,4
623,5,1,1
623,10,1,1
623,11,1,1
623,13,1,1
623,14,2,1
623,17,2,0
624,2,4,2
624,4,1,1
624,6,3,2
624,9,1,1
624,10,1,1
624,14,1,1
624,17,1,1
624,20,1,1
625,1,1,0
625,2,5,4
625,3,1,1
625,5,1,0
625,6,2,1
625,13,1,1
625,17,1,1
625,20,1,1
626,2,4,3
626,5,1,1
626,7,1,1
626,8,1,1
626,11,1,0
626,15,2,2
626,16,1,1
626,17,1,1
626,19,1,1
626,20,2,2
627,2,5,4
627,3,1,1
627,7,1,1
627,9,1,1
627,15,1,1
627,17,2,1
627,20,2,1
628,2,5,5
628,3,1,1
628,8,1,0
628,10,2,1
628,12,1,0
628,17,2,0
628,18,1,1
628,19,1,1
629,1,1,1
629,2,4,4
629,3,1,1
629,9,1,0
629,15,1,1
629,16,1,1
629,17,1,1
630,2,4,3
630,8,1,0
630,11,1,0
630,14,1,1
630,16,2,0
630,17,2,1
630,18,1,0
630,19,1,0
631,1,1,1
631,2,6,4
631,8,2,2
631,10,1,0
631,17,1,1
631,19,2,1
632,1,2,2
632,2,4,3
632,5,1,1
632,9,1,1
632,13,1,1
632,17,2,2
632,18,1,1
632,20,3,2
633,2,4,3
633,5,1,1
633,7,1,0
633,8,1,1
633,9,1,0
633,15,1,0
633,16,1,1
633,17,1,1
634,1,1,0
634,2,4,3
634,4,1,0
634,5,1,0
634,11,1,1
634,14,1,1
634,17,1,1
634,19,1,1
635,1,1,1
635,2,4,3
635,4,1,1
635,7,1,1
635,8,1,1
635,9,1,1
635,10,1,1
635,17,1,1
635,18,2,2
635,19,2,1
636,2,4,1
636,3,1,0
636,4,1,0
636,6,2,2
636,7,1,1
636,8,2,1
636,10,1,1
636,14,1,0
636,17,1,0
637,2,4,2
637,5,1,1
637,6,1,1
637,8,1,1
637,10,1,1
637,11,1,1
637,13,1,1
637,15,1,1
637,16,1,0
637,17,1,1
637,20,1,1
638,2,4,3
638,5,1,1
638,6,1,0
638,7,1,1
638,9,2,2
638,12,1,1
638,13,1,1
638,14,1,1
638,17,2,1
638,19,1,1
639,1,1,0
639,2,4,2
639,7,1,1
639,9,1,1
639,10,1,1
639,12,1,0
639,14,1,1
639,17,1,0
639,19,1,1
639,20,1,1
640,1,1,1
640,2,4,2
640,4,1,1
640,9,1,1
640,11,1,1
640,13,1,0
640,14,2,1
640,16,2,0
640,17,1,1
640,19,1,1
641,1,1,0
641,2,4,3
641,7,1,1
641,8,1,1
641,11,1,1
641,17,1,1
641,20,1,1
642,2,3,1
642,5,1,0
642,12,1,1
642,13,1,1
642,16,1,1
642,17,1,1
642,18,2,2
642,20,2,2
643,2,4,1
643,6,1,1
643,8,1,1
643,9,1,1
643,15,1,1
643,17,1,1
643,19,1,0
644,2,4,2
644,8,1,1
644,9,1,0
644,11,2,0
644,13,1,1
644,15,1,1
644,16,2,2
644,17,1,0
644,19,1,1
644,20,1,1
645,2,4,2
645,5,1,1
645,10,1,1
645,11,1,0
645,12,1,1
645,17,1,1
645,19,1,1
646,1,1,0
646,2,4,2
646,6,1,0
646,9,1,1
646,10,1,1
646,13,1,0
646,17,1,1
646,20,1,1
647,2,4,2
647,5,2,2
647,6,2,2
647,12,1,1
647,13,1,1
647,14,1,0
647,17,1,1
648,2,4,3
648,7,1,1
648,12,1,1
648,13,1,1
648,14,2,1
648,15,1,1
648,17,2,2
649,1,1,1
649,2,4,1
649,5,1,1
649,6,1,1
649,9,1,1
649,10,1,1
649,15,2,1
649,17,2,0
649,20,2,2
650,2,5,4
650,5,1,0
650,6,1,1
650,8,1,0
650,17,2,0
650,20,1,0
651,1,1,0
651,2,5,3
651,9,1,0
651,13,1,0
651,14,1,1
651,16,1,0
651,17,1,1
651,18,1,0
651,20,1,0
652,1,1,0
652,2,5,3
652,7,2,1
652,9,2,1
652,15,1,1
652,17,3,2
653,2,4,3
653,3,1,1
653,4,1,0
653,7,1,1
653,9,1,0
653,12,1,1
653,13,1,1
653,16,1,0
653,17,1,1
654,1,2,2
654,2,4,2
654,5,1,1
654,7,1,1
654,9,1,1
654,11,1,0
654,12,1,1
654,17,1,1
654,19,2,2
654,20,1,1
655,1,1,0
655,2,4,3
655,6,1,1
655,7,1,1
655,9,1,0
655,11,1,1
655,12,2,2
655,13,1,1
655,15,2,0
655,17,1,0
656,2,5,3
656,7,1,1
656,9,1,0
656,14,1,1
656,17,1,0
656,20,1,1
657,1,1,0
657,2,4,3
657,3,1,1
657,6,1,0
657,7,1,0
657,14,1,0
657,15,1,1
657,17,1,1
658,2,4,4
658,4,1,1
658,8,1,0
658,11,1,1
658,12,1,1
658,13,3,3
658,15,1,1
658,17,2,1
659,2,3,3
659,3,2,2
659,4,1,1
659,9,1,1
659,11,1,0
659,13,1,1
659,15,1,1
659,16,1,1
659,17,2,1
660,2,4,3
660,8,1,0
660,9,1,1
660,11,1,0
660,12,1,1
660,13,1,1
660,16,1,0
660,17,1,1
661,2,4,4
661,3,1,1
661,5,1,0
661,7,1,1
661,9,1,1
661,12,1,0
661,13,1,1
661,17,2,2
661,20,1,1
662,2,4,1
662,3,1,1
662,8,1,1
662,14,2,2
662,17,1,0
662,20,2,1
663,2,4,3
663,4,1,1
663,11,1,0
663,12,1,1
663,13,2,1
663,17,2,1
663,19,1,1
664,1,1,0
664,2,4,3
664,4,1,1
664,5,1,0
664,6,2,1
664,7,1,1
664,8,1,1
664,12,1,0
664,14,1,0
664,16,1,0
664,17,1,0
665,1,1,1
665,2,4,3
665,5,1,1
665,7,1,1
665,8,1,1
665,9,1,1
665,11,1,1
665,17,1,0
665,18,1,0
665,19,1,1
665,20,1,1
666,1,1,1
666,2,4,4
666,3,2,1
666,5,1,0
666,7,1,1
666,9,1,1
666,16,1,1
666,17,2,1
666,18,1,1
667,1,1,1
667,2,3,3
667,3,1,1
667,4,1,0
667,6,2,1
667,8,1,0
667,12,1,1
667,16,1,1
667,17,1,1
667,20,1,1
668,2,4,2
668,5,1,1
668,7,1,0
668,10,3,1
668,11,2,2
668,15,1,1
668,17,1,1
669,1,1,1
669,2,4,3
669,3,1,1
669,4,1,1
669,6,1,1
669,8,1,1
669,10,1,1
669,12,1,1
669,15,1,0
669,16,1,0
669,17,1,0
669,20,1,1
670,2,5,4
670,5,1,1
670,6,1,1
670,8,1,0
670,17,1,1
670,18,1,1
671,2,4,3
671,3,2,2
671,5,1,1
671,7,1,1
671,9,1,1
671,10,1,1
671,13,1,1
671,17,1,0
671,18,1,0
671,20,2,1
672,2,4,3
672,3,2,2
672,6,1,1
672,8,1,0
672,9,1,0
672,17,1,0
673,2,4,2
673,4,1,1
673,5,1,0
673,7,1,0
673,9,1,1
673,16,1,1
673,17,2,1
673,18,2,1
674,1,1,1
674,2,3,1
674,5,1,1
674,6,1,1
674,8,2,2
674,9,1,1
674,11,1,0
674,14,1,1
674,17,1,1
675,2,5,2
675,4,1,0
675,12,1,1
675,14,1,1
675,17,1,0
675,20,1,1
676,2,4,1
676,3,2,0
676,4,1,0
676,5,1,0
676,8,1,1
676,13,1,1
676,16,1,0
676,17,1,1
676,18,1,0
677,1,3,3
677,2,3,3
677,4,1,0
677,7,1,1
677,10,1,1
677,12,1,1
677,17,1,1
677,18,1,1
678,2,4,3
678,3,1,0
678,7,1,0
678,11,1,1
678,12,1,0
678,16,1,1
678,17,1,1
679,2,4,2
679,3,2,2
679,6,1,1
679,7,1,0
679,8,1,1
679,11,1,1
679,13,1,0
679,17,1,1
679,18,2,1
679,19,1,1
680,1,1,1
680,2,4,3
680,3,1,1
680,4,1,0
680,6,2,2
680,15,1,0
680,17,3,1
680,20,2,1
681,2,5,3
681,4,1,1
681,9,1,1
681,12,1,1
681,13,2,1
681,16,1,0
681,17,1,1
681,18,1,1
681,20,1,1
682,1,1,1
682,2,4,2
682,5,1,1
682,6,1,1
682,8,1,1
682,10,1,1
682,14,1,1
682,17,1,1
682,19,2,2
682,20,1,1
683,2,4,4
683,3,1,0
683,5,1,0
683,7,1,0
683,12,1,0
683,15,1,1
683,17,1,1
683,20,1,1
684,1,1,1
684,2,4,2
684,5,1,1
684,7,1,0
684,12,1,1
684,17,2,2
685,2,4,2
685,6,1,0
685,7,2,1
685,8,1,1
685,9,1,1
685,12,1,0
685,13,1,1
685,14,1,1
685,15,1,1
685,17,1,1
685,20,1,1
686,2,4,3
686,3,1,1
686,7,2,2
686,8,1,1
686,9,1,1
686,12,1,0
686,14,1,1
686,17,1,1
686,19,1,0
686,20,2,2
687,1,1,0
687,2,4,4
687,6,1,1
687,7,1,1
687,12,1,1
687,17,2,2
687,20,1,0
688,2,4,4
688,4,1,1
688,5,1,0
688,6,1,1
688,9,2,2
688,12,2,2
688,14,1,0
688,16,1,0
688,17,1,1
688,18,1,1
689,2,4,3
689,3,1,1
689,6,1,1
689,7,1,0
689,8,1,0
689,9,1,1
689,14,1,1
689,15,1,1
689,17,3,1
689,18,1,1
690,2,4,4
690,7,1,0
690,8,1,0
690,9,2,2
690,14,1,1
690,15,1,1
690,17,1,1
690,18,1,0
690,19,2,2
690,20,1,1
691,2,4,3
691,4,1,1
691,5,1,1
691,8,1,0
691,9,1,0
691,11,1,1
691,13,2,2
691,17,4,2
692,1,2,2
692,2,3,3
692,3,1,1
692,4,1,0
692,10,1,1
692,12,1,0
692,17,1,0
693,2,4,4
693,4,1,1
693,7,1,0
693,9,1,1
693,10,1,1
693,14,2,2
693,17,1,1
693,18,1,1
693,19,1,1
693,20,2,0
694,2,4,4
694,3,1,0
694,4,1,1
694,7,1,1
694,10,2,2
694,15,2,1
694,17,1,0
694,18,1,1
695,2,4,2
695,8,1,1
695,9,1,1
695,13,1,1
695,16,1,1
695,17,2,2
695,18,1,1
696,2,5,4
696,5,1,0
696,7,2,2
696,10,1,1
696,17,2,1
696,18,1,0
697,2,4,2
697,5,1,0
697,7,1,1
697,9,2,1
697,13,2,2
697,15,1,0
697,16,1,1
697,17,2,1
697,18,1,1
698,1,1,0
698,2,5,3
698,10,1,1
698,11,1,1
698,12,1,1
698,13,1,1
698,17,1,0
698,18,1,0
698,19,2,2
699,2,4,4
699,4,1,1
699,5,2,1
699,6,1,1
699,10,2,2
699,11,1,1
699,13,1,1
699,15,1,1
699,17,1,1
699,18,1,1
700,1,1,0
700,2,4,4
700,3,1,1
700,9,1,1
700,14,1,1
700,15,1,1
700,17,1,1
701,2,4,2
701,3,2,1
701,6,1,1
701,8,1,1
701,10,1,1
701,12,1,1
701,14,1,1
701,17,1,1
701,20,1,1
702,2,4,4
702,5,1,1
702,8,1,1
702,9,1,0
702,11,1,1
702,14,1,1
702,15,1,1
702,17,1,1
703,1,1,1
703,2,4,3
703,3,1,1
703,7,1,1
703,10,2,1
703,14,1,0
703,17,1,1
703,18,1,0
703,20,1,1
704,1,1,1
704,2,4,2
704,3,1,1
704,10,1,1
704,12,1,0
704,17,2,2
705,2,4,4
705,3,2,2
705,5,1,1
705,6,1,1
705,7,1,1
705,11,1,1
705,13,1,0
705,17,1,1
706,2,4,2
706,6,1,0
706,7,2,2
706,10,1,0
706,15,1,1
706,17,1,0
707,2,4,3
707,7,1,1
707,8,1,1
707,9,1,1
707,13,2,2
707,16,1,1
707,17,2,0
708,2,4,2
708,4,2,1
708,5,1,0
708,9,1,0
708,13,1,1
708,14,1,0
708,17,2,1
708,20,1,0
709,2,4,2
709,3,1,1
709,4,1,0
709,5,1,1
709,8,1,1
709,10,1,0
709,13,1,1
709,17,1,0
710,2,4,4
710,4,1,0
710,5,1,1
710,7,2,1
710,8,2,1
710,9,1,1
710,11,1,1
710,15,1,1
710,17,1,1
711,2,4,4
711,6,1,0
711,8,3,2
711,12,1,1
711,17,1,1
712,1,1,1
712,2,4,3
712,5,1,1
712,12,1,1
712,13,1,0
712,17,1,0
712,19,1,0
712,20,1,0
713,2,3,3
713,3,2,1
713,7,1,1
713,12,1,1
713,13,2,0
713,17,3,1
714,2,4,4
714,3,1,0
714,10,2,1
714,14,2,1
714,17,2,1
714,18,1,1
715,1,1,1
715,2,4,3
715,5,1,1
715,8,1,1
715,9,1,1
715,12,1,1
715,13,1,1
715,16,1,1
715,17,3,3
715,20,1,1
716,1,1,0
716,2,4,4
716,3,1,0
716,7,1,0
716,9,1,0
716,10,1,0
716,14,2,0
716,18,1,0
717,2,4,3
717,5,1,1
717,14,1,0
717,16,1,1
717,17,1,1
717,19,1,1
717,20,1,1
718,2,5,3
718,3,1,1
718,9,1,0
718,10,1,1
718,11,1,0
718,14,1,1
718,17,2,0
719,2,4,2
719,3,1,1
719,14,1,0
719,16,1,1
719,17,1,1
719,20,2,1
720,2,5,1
720,3,1,0
720,4,1,1
720,8,1,1
720,9,1,0
720,12,1,1
720,15,1,1
720,17,2,1
721,2,5,2
721,3,1,1
721,5,1,1
721,9,1,1
721,17,1,1
721,19,2,2
722,1,1,1
722,2,4,3
722,4,2,1
722,6,1,0
722,7,1,1
722,13,2,1
722,14,2,2
722,17,1,0
722,19,1,0
723,2,4,1
723,8,1,1
723,10,1,1
723,12,1,1
723,15,1,1
723,16,1,1
723,17,1,0
723,19,1,1
724,1,1,1
724,2,4,1
724,4,2,0
724,11,1,1
724,13,1,0
724,17,1,1
725,2,4,4
725,7,1,0
725,11,1,1
725,14,1,1
725,15,1,1
725,16,1,1
725,17,2,2
725,20,1,1
726,2,4,3
726,4,1,0
726,5,1,0
726,7,1,1
726,10,1,1
726,12,1,1
726,17,2,1
727,1,1,1
727,2,4,4
727,3,2,2
727,12,1,1
727,16,1,1
727,17,1,1
727,19,1,0
728,2,4,3
728,3,2,1
728,6,1,1
728,9,1,1
728,12,1,1
728,13,1,1
728,15,1,0
728,17,1,1
728,20,2,2
729,1,1,1
729,2,4,3
729,4,1,0
729,7,1,1
729,9,1,1
729,12,1,1
729,15,1,1
729,16,1,1
729,17,1,1
729,20,1,1
730,2,5,4
730,4,1,0
730,6,1,1
730,7,1,1
730,12,1,1
730,13,1,0
730,14,1,0
730,15,1,1
730,17,1,1
730,20,1,1
731,2,4,3
731,5,1,1
731,6,1,1
731,10,2,0
731,11,1,1
731,12,2,2
731,14,1,1
731,15,1,1
731,17,1,1
731,18,1,0
732,2,3,0
732,3,1,1
732,7,1,0
732,8,1,0
732,12,1,0
732,15,1,1
732,16,1,1
732,17,1,0
732,20,1,1
733,2,6,4
733,3,1,0
733,5,1,1
733,6,1,1
733,7,1,0
733,12,1,1
733,16,1,1
733,18,1,0
733,19,1,1
734,2,4,3
734,10,1,0
734,12,1,1
734,13,1,1
734,15,1,1
734,16,1,0
734,17,1,1
735,1,1,1
735,2,4,4
735,3,1,0
735,4,1,1
735,5,1,0
735,11,1,1
735,17,1,1
735,18,1,1
736,1,1,1
736,2,4,3
736,6,1,1
736,8,1,0
736,11,1,1
736,12,2,1
736,14,1,0
736,17,1,0
737,1,1,1
737,2,4,4
737,3,1,1
737,5,1,1
737,10,1,1
737,11,1,1
737,13,1,1
737,17,1,1
737,18,1,0
738,2,4,3
738,4,1,0
738,6,1,1
738,9,1,1
738,11,1,0
738,12,1,1
738,14,2,1
738,17,1,1
738,18,2,0
738,20,1,0
739,1,1,0
739,2,4,2
739,3,1,0
739,7,1,1
739,8,1,0
739,9,1,1
739,10,1,1
739,12,2,1
739,17,1,1
739,18,1,1
740,1,1,0
740,2,4,3
740,3,2,0
740,4,1,1
740,6,2,1
740,7,1,1
740,14,1,0
740,17,2,2
740,19,1,0
741,2,4,4
741,5,1,1
741,6,1,0
741,7,1,0
741,11,1,1
741,12,1,0
741,14,1,1
741,17,1,1
741,20,1,1
742,1,1,1
742,2,4,2
742,5,1,1
742,6,2,2
742,12,1,1
742,15,1,0
742,16,1,1
742,17,1,0
742,18,1,1
743,1,1,1
743,2,4,2
743,10,1,1
743,15,3,3
743,17,1,1
744,2,4,2
744,3,1,0
744,4,1,1
744,8,1,0
744,10,1,1
744,11,1,1
744,12,1,0
744,16,1,1
744,17,1,1
744,18,1,1
744,20,1,1
745,2,4,3
745,11,1,1
745,12,2,2
745,13,1,1
745,14,1,1
745,15,1,0
745,16,1,1
745,17,1,1
746,2,4,3
746,3,1,1
746,5,3,3
746,11,2,1
746,13,1,0
746,15,1,1
746,17,1,0
746,18,2,2
747,2,5,4
747,3,1,1
747,5,1,0
747,10,1,0
747,13,1,1
747,16,1,1
747,17,1,1
748,2,5,5
748,3,1,0
748,7,1,1
748,8,1,1
748,14,1,1
748,16,1,0
748,17,1,1
748,20,1,0
749,2,4,2
749,3,2,1
749,5,2,2
749,13,1,1
749,14,2,1
749,16,1,0
749,17,1,0
749,18,1,0
749,19,1,0
750,1,1,1
750,2,5,4
750,4,2,0
750,8,1,1
750,10,1,1
750,15,1,1
750,16,1,0
750,17,2,1
750,20,1,1
751,2,4,3
751,10,1,0
751,11,1,1
751,12,2,1
751,15,1,0
751,16,1,1
751,17,1,1
751,18,3,2
752,2,4,3
752,5,1,1
752,6,2,2
752,7,1,1
752,8,1,0
752,10,1,1
752,11,1,1
752,13,1,1
752,14,1,0
752,15,1,1
752,17,1,1
753,1,1,1
753,2,3,1
753,3,1,1
753,4,1,0
753,7,2,2
753,8,1,0
753,11,1,1
753,12,1,1
753,17,1,1
753,18,1,1
753,20,1,1
754,2,5,3
754,5,1,1
754,6,2,1
754,10,1,0
754,11,1,0
754,17,1,1
754,18,1,1
754,19,1,1
754,20,1,1
755,1,1,1
755,2,4,3
755,7,1,1
755,16,1,1
755,17,1,0
755,19,1,0
755,20,1,1
756,1,1,1
756,2,3,2
756,5,1,1
756,9,1,1
756,10,1,0
756,12,1,1
756,14,1,1
756,15,1,1
756,16,1,1
756,17,1,0
757,2,4,2
757,8,1,0
757,14,2,2
757,16,1,0
757,17,1,1
757,18,1,0
758,2,4,2
758,5,1,0
758,8,1,0
758,12,1,0
758,15,2,2
758,17,1,1
759,2,4,4
759,4,1,0
759,5,1,0
759,8,1,1
759,9,1,0
759,17,4,2
759,19,1,1
760,1,1,1
760,2,4,2
760,3,1,1
760,5,2,2
760,8,1,0
760,9,1,1
760,10,1,1
760,12,1,1
760,17,1,0
760,20,2,2
761,2,4,3
761,4,1,1
761,5,1,1
761,7,1,1
761,12,1,1
761,14,1,0
761,15,1,1
761,17,1,0
762,2,4,4
762,5,2,1
762,15,3,3
762,17,1,1
762,18,1,1
763,2,3,2
763,7,2,2
763,12,1,0
763,14,1,1
763,17,2,2
763,19,1,1
763,20,1,1
764,2,4,4
764,3,1,0
764,4,1,1
764,7,1,1
764,9,2,1
764,11,2,1
764,14,1,1
764,17,1,0
765,2,5,3
765,3,2,2
765,4,1,0
765,5,1,1
765,10,1,1
765,13,1,1
765,15,1,1
765,17,2,2
766,2,3,2
766,5,1,0
766,10,2,2
766,12,1,1
766,13,1,1
766,15,1,1
766,17,2,2
766,18,2,2
766,19,1,1
767,2,5,3
767,4,1,0
767,5,1,0
767,9,1,0
767,10,1,1
767,11,1,0
767,14,1,0
767,17,2,2
768,2,4,3
768,5,1,1
768,9,1,1
768,12,1,1
768,15,2,1
768,19,1,0
769,1,1,1
769,2,4,2
769,3,1,0
769,4,1,1
769,5,1,0
769,15,1,0
769,17,1,0
769,18,1,1
769,19,1,0
770,2,5,3
770,4,1,1
770,11,1,1
770,16,1,1
770,17,2,2
771,2,4,3
771,4,2,0
771,5,1,1
771,7,1,1
771,8,1,1
771,9,1,0
771,11,1,1
771,13,1,1
771,14,1,0
771,16,1,1
771,20,1,1
772,1,2,2
772,2,4,4
772,6,1,1
772,7,1,0
772,17,3,3
773,2,4,2
773,4,1,1
773,10,1,1
773,11,1,1
773,17,1,0
773,18,1,1
773,19,1,1
773,20,1,0
774,2,4,4
774,3,1,1
774,10,1,0
774,12,2,1
774,16,2,0
774,17,1,0
775,1,2,2
775,2,5,4
775,12,1,1
775,14,1,1
775,16,1,1
775,17,1,1
775,19,2,2
775,20,2,1
776,2,4,3
776,5,1,1
776,7,3,2
776,8,1,0
776,9,1,1
776,10,1,1
776,11,1,1
776,13,1,1
776,17,2,2
777,2,4,3
777,4,1,0
777,7,1,1
777,10,1,1
777,11,1,0
777,12,1,1
777,14,1,0
777,17,2,2
777,19,2,1
778,1,2,1
778,2,4,3
778,3,2,2
778,9,1,0
778,10,2,1
778,15,1,0
778,16,1,1
778,17,1,1
778,19,1,1
779,2,4,4
779,8,2,1
779,9,1,0
779,10,1,0
779,16,1,1
779,17,1,1
779,20,1,0
780,2,4,3
780,11,1,1
780,13,1,1
780,15,1,0
780,17,2,1
780,18,1,1
780,20,1,0
781,1,1,1
781,2,5,5
781,5,2,1
781,6,2,2
781,10,1,1
781,13,1,1
781,16,1,0
781,17,1,1
781,19,1,1
782,2,5,5
782,4,1,1
782,5,1,1
782,10,1,1
782,17,2,1
783,1,2,1
783,2,4,3
783,5,1,1
783,6,2,1
783,8,1,1
783,11,1,1
783,12,1,1
783,13,2,0
783,17,1,1
784,2,4,3
784,6,1,1
784,7,1,1
784,9,1,0
784,12,1,1
784,17,2,1
785,2,4,4
785,3,1,1
785,8,1,1
785,10,2,2
785,17,1,1
785,18,2,0
786,2,5,2
786,6,2,0
786,8,1,1
786,14,2,1
786,17,1,1
786,20,1,1
787,2,4,4
787,5,2,2
787,6,1,0
787,12,2,0
787,17,1,0
788,1,1,1
788,2,4,2
788,3,2,1
788,12,1,0
788,14,1,1
788,17,1,1
788,18,1,0
789,2,4,3
789,4,1,1
789,7,1,1
789,10,1,1
789,17,1,1
789,19,2,1
790,2,6,3
790,8,1,1
790,9,1,0
790,10,1,1
790,13,1,1
790,17,2,1
790,18,1,0
790,19,1,0
791,1,1,0
791,2,5,4
791,4,1,1
791,6,1,1
791,10,1,0
791,17,2,1
791,18,1,0
791,20,1,1
792,2,4,1
792,8,1,1
792,9,1,0
792,11,1,1
792,15,1,0
792,17,3,1
792,19,1,0
793,1,1,1
793,2,4,3
793,3,1,1
793,7,2,2
793,8,1,0
793,15,1,1
793,17,1,1
793,20,1,1
794,2,4,2
794,10,1,1
794,12,1,0
794,15,1,1
794,17,3,2
794,18,1,1
794,19,1,0
795,2,4,4
795,3,1,1
795,4,1,1
795,8,1,1
795,14,1,0
795,16,3,2
795,17,1,1
796,1,1,1
796,2,5,3
796,7,1,0
796,8,1,0
796,10,1,1
796,15,1,0
796,17,1,1
796,20,1,1
797,2,4,3
797,3,1,1
797,4,1,1
797,5,1,0
797,6,1,0
797,7,1,1
797,13,1,1
797,16,1,0
797,17,2,1
797,18,1,1
797,20,1,0
798,1,1,1
798,2,4,1
798,3,1,1
798,4,1,1
798,5,1,0
798,13,1,1
798,15,2,1
798,17,1,0
798,20,1,0
799,2,4,3
799,6,1,1
799,15,1,1
799,16,2,2
799,17,2,2
800,2,4,4
800,3,1,0
800,4,1,0
800,6,1,1
800,11,1,1
800,15,1,1
800,16,1,1
800,17,1,1
800,19,1,1
800,20,1,0
801,1,1,0
801,2,4,2
801,3,2,1
801,4,1,0
801,6,1,1
801,9,1,1
801,13,1,0
801,15,1,0
801,17,1,1
801,19,1,1
801,20,1,1
802,2,4,3
802,3,1,1
802,4,2,2
802,7,2,2
802,8,1,1
802,17,1,1
802,20,1,0
803,1,1,1
803,2,4,1
803,7,1,0
803,8,1,1
803,10,1,0
803,11,1,1
803,13,1,1
803,15,1,1
803,16,1,1
803,17,1,0
803,18,1,1
803,19,1,1
804,2,4,3
804,8,1,0
804,9,1,1
804,11,1,0
804,13,2,0
804,14,2,2
804,15,1,1
804,16,1,1
804,17,1,1
805,2,3,3
805,6,1,0
805,9,2,2
805,10,1,1
805,12,1,1
805,14,1,0
805,15,1,1
805,16,1,0
805,17,1,0
805,18,1,0
805,19,1,1
805,20,1,0
806,1,1,0
806,2,4,2
806,4,1,0
806,7,1,0
806,8,1,1
806,9,1,1
806,12,1,0
806,16,1,1
806,17,1,0
806,18,1,0
806,19,1,1
806,20,1,1
807,2,4,2
807,3,2,2
807,8,1,1
807,9,1,1
807,10,1,1
807,11,1,0
807,14,1,1
807,17,1,0
807,19,1,0
808,1,1,1
808,2,3,3
808,5,2,2
808,9,1,1
808,10,1,1
808,11,2,1
808,17,1,1
808,18,1,0
809,1,2,1
809,2,4,2
809,3,1,0
809,13,2,1
809,15,1,0
809,17,2,1
809,19,1,1
809,20,1,1
810,1,1,0
810,2,4,3
810,3,1,1
810,5,1,1
810,7,1,1
810,9,1,1
810,12,1,1
810,17,1,1
810,19,1,1
810,20,1,1
811,2,3,3
811,6,1,0
811,7,1,0
811,10,1,1
811,12,2,1
811,13,1,0
811,14,1,1
811,17,1,0
811,18,1,1
812,2,4,2
812,13,1,1
812,14,1,0
812,15,1,1
812,16,1,0
812,17,1,0
812,19,1,0
813,2,4,3
813,5,2,2
813,6,1,1
813,8,1,0
813,14,1,1
813,17,1,0
813,20,1,1
814,2,4,3
814,3,1,0
814,4,2,2
814,6,1,0
814,7,2,2
814,10,1,1
814,12,1,1
814,16,1,0
814,17,1,1
815,1,1,1
815,2,4,2
815,5,1,1
815,7,1,1
815,9,1,0
815,12,1,1
815,14,1,1
815,15,1,1
815,17,1,0
815,20,1,1
816,1,1,1
816,2,4,2
816,5,1,1
816,8,1,1
816,10,1,1
816,11,1,1
816,16,1,1
816,17,1,0
816,18,1,1
816,19,1,1
816,20,1,1
817,2,5,4
817,5,1,1
817,6,1,1
817,12,1,0
817,14,1,1
817,16,1,1
817,17,1,1
817,18,2,2
818,2,3,2
818,5,1,1
818,7,1,1
818,9,1,1
818,12,1,1
818,13,1,1
818,16,1,0
818,17,1,0
818,18,1,0
818,19,2,1
819,1,1,0
819,2,3,3
819,3,1,1
819,4,1,0
819,5,1,0
819,7,1,1
819,8,1,1
819,9,1,1
819,11,1,1
819,16,1,1
819,17,1,0
820,2,4,3
820,5,1,1
820,6,2,2
820,9,1,0
820,10,1,0
820,16,1,0
820,17,1,1
820,20,1,1
821,2,4,3
821,6,1,0
821,8,1,0
821,12,1,0
821,13,1,0
821,15,1,1
821,16,1,1
821,17,2,0
821,18,1,0
821,20,2,1
822,1,1,0
822,2,5,3
822,3,1,1
822,4,1,1
822,6,1,0
822,8,1,1
822,9,1,1
822,10,1,1
822,11,1,1
822,16,1,0
822,17,1,0
823,2,3,2
823,3,1,1
823,8,1,0
823,9,1,0
823,11,2,1
823,12,1,1
823,13,1,1
823,15,1,0
823,17,1,1
823,18,2,1
823,19,1,1
824,2,4,3
824,3,1,1
824,6,1,0
824,7,1,1
824,9,1,1
824,10,1,1
824,11,3,2
824,17,1,1
824,18,1,1
825,2,5,3
825,6,1,0
825,7,1,1
825,9,1,1
825,13,1,1
825,15,1,1
825,17,1,0
825,18,1,1
825,20,1,1
826,2,3,2
826,4,1,1
826,8,1,0
826,12,1,0
826,14,1,1
826,17,1,0
826,19,1,1
826,20,1,0
827,1,1,1
827,2,4,2
827,11,1,1
827,14,1,0
827,17,2,1
827,20,1,1
828,2,4,3
828,4,1,1
828,5,1,0
828,9,1,1
828,10,1,1
828,12,1,1
828,15,1,0
828,17,1,0
829,2,5,2
829,10,1,0
829,13,1,1
829,14,1,1
829,16,1,0
829,17,3,3
829,20,2,1
830,2,5,4
830,3,1,0
830,5,1,1
830,17,1,1
830,18,1,1
830,19,1,1
831,2,4,4
831,8,1,1
831,10,1,1
831,13,1,1
831,17,1,1
831,18,2,1
831,19,1,1
832,1,1,1
832,2,4,3
832,3,1,0
832,5,1,0
832,6,1,1
832,9,1,0
832,13,1,1
832,15,1,1
832,17,2,1
833,2,4,1
833,4,1,0
833,5,1,1
833,6,1,0
833,7,1,1
833,9,1,0
833,12,1,0
833,17,1,1
833,18,2,2
833,19,1,1
834,2,4,3
834,5,2,2
834,6,1,0
834,11,1,1
834,12,1,0
834,13,1,1
834,16,2,1
834,17,2,2
834,20,1,1
835,2,4,3
835,3,1,1
835,4,1,1
835,5,1,0
835,7,1,0
835,8,1,1
835,11,1,1
835,12,1,1
835,16,1,1
835,17,1,1
835,19,1,1
836,1,1,0
836,2,4,1
836,9,2,2
836,14,1,1
836,16,1,0
836,17,1,1
837,2,4,2
837,5,3,2
837,6,1,0
837,8,1,1
837,9,1,1
837,16,3,3
837,17,2,0
838,1,1,0
838,2,4,3
838,5,1,0
838,6,1,1
838,13,1,0
838,15,2,2
838,17,1,1
838,20,1,0
839,2,4,2
839,7,1,1
839,8,1,0
839,10,1,1
839,11,1,1
839,12,1,1
839,16,1,1
839,17,1,0
839,20,1,1
840,2,5,4
840,8,2,2
840,10,1,1
840,11,2,1
840,15,1,1
840,17,1,0
840,18,1,0
840,19,1,1
840,20,1,0
841,1,1,1
841,2,4,3
841,4,1,0
841,10,2,2
841,11,1,0
841,14,1,0
841,20,2,2
842,1,1,0
842,2,4,3
842,8,1,1
842,9,1,1
842,10,1,1
842,15,1,1
842,17,1,0
842,19,1,0
843,1,1,1
843,2,4,1
843,8,1,1
843,11,1,1
843,17,1,0
843,20,2,2
844,2,4,4
844,6,1,0
844,7,2,2
844,15,2,2
844,16,1,1
844,17,1,0
844,18,2,1
844,20,1,1
845,2,3,3
845,3,1,0
845,7,1,1
845,9,1,0
845,11,1,0
845,13,1,1
845,16,2,2
845,17,2,1
845,18,1,0
845,19,2,1
846,2,4,3
846,7,1,1
846,8,1,1
846,13,1,0
846,15,2,1
846,17,1,1
846,20,1,0
847,1,1,1
847,2,4,4
847,4,1,0
847,12,1,0
847,16,1,1
847,17,1,0
847,18,1,0
848,2,4,4
848,6,2,1
848,7,1,1
848,9,1,0
848,14,1,0
848,15,1,1
848,17,1,0
849,2,4,3
849,3,1,1
849,7,1,0
849,9,1,1
849,10,1,1
849,11,1,1
849,12,1,1
849,16,1,0
849,17,1,1
849,18,1,0
849,20,2,1
850,2,4,0
850,4,1,0
850,14,2,2
850,17,2,2
850,19,1,1
850,20,1,1
851,1,1,1
851,2,5,3
851,4,1,0
851,8,1,1
851,10,1,1
851,12,1,0
851,13,1,1
851,17,1,1
852,2,4,2
852,3,1,1
852,4,1,1
852,6,1,0
852,9,1,1
852,12,2,1
852,13,1,1
852,15,1,0
852,17,1,0
852,18,1,1
853,2,4,4
853,3,1,1
853,5,1,1
853,8,2,0
853,12,1,0
853,13,1,1
853,17,1,1
853,20,1,1
854,2,4,4
854,7,1,1
854,8,1,0
854,10,1,1
854,15,2,2
854,17,1,1
854,20,1,1
855,1,1,1
855,2,4,2
855,5,1,1
855,10,1,1
855,13,1,1
855,16,1,1
855,17,1,1
855,20,1,1
856,1,1,1
856,2,4,4
856,4,1,1
856,12,1,1
856,14,2,1
856,16,1,0
856,17,1,0
857,2,4,3
857,4,1,0
857,6,1,1
857,7,1,1
857,9,1,1
857,13,1,1
857,14,1,1
857,16,1,1
857,17,1,1
857,18,1,0
857,19,1,1
857,20,1,1
858,2,4,3
858,3,1,1
858,4,1,1
858,5,2,2
858,7,1,0
858,10,2,0
858,14,1,1
858,16,1,1
858,17,1,1
859,2,4,2
859,6,1,1
859,10,2,2
859,12,2,1
859,17,1,0
859,18,1,1
859,19,1,1
860,2,4,3
860,6,2,2
860,10,1,1
860,12,1,1
860,14,1,1
860,17,2,1
860,20,2,1
861,1,1,0
861,2,4,3
861,6,1,1
861,7,1,0
861,11,1,1
861,13,1,1
861,14,1,1
861,17,1,1
862,1,1,1
862,2,4,3
862,5,1,0
862,10,1,1
862,17,2,1
862,20,1,1
863,2,4,2
863,3,3,1
863,4,1,0
863,9,1,1
863,11,1,0
863,12,1,1
863,17,1,1
864,2,5,4
864,7,1,0
864,10,1,1
864,13,2,1
864,15,3,3
864,17,1,1
864,19,1,1
865,2,4,1
865,3,1,1
865,5,1,0
865,6,1,0
865,9,1,0
865,14,2,2
865,17,1,1
865,18,1,1
865,19,1,0
866,2,4,4
866,5,1,1
866,7,1,0
866,8,1,1
866,9,1,0
866,11,1,0
866,13,1,1
866,17,2,1
866,18,2,0
866,20,1,1
867,1,1,0
867,2,4,3
867,5,1,0
867,7,1,0
867,9,1,0
867,16,2,1
867,17,1,0
867,20,1,1
868,2,4,3
868,5,1,1
868,10,2,2
868,13,1,0
868,14,1,1
868,17,2,1
868,19,2,1
869,2,5,3
869,3,1,1
869,8,2,0
869,9,1,1
869,12,1,0
869,17,1,0
870,1,1,1
870,2,4,2
870,7,1,1
870,9,1,0
870,11,1,1
870,12,1,1
870,13,1,1
870,17,2,1
871,2,4,2
871,3,1,0
871,6,1,1
871,7,1,0
871,8,1,0
871,10,1,1
871,14,1,0
871,17,1,0
871,19,1,1
872,1,1,1
872,2,5,5
872,5,1,1
872,7,1,1
872,12,1,1
872,13,1,1
872,14,1,0
872,15,1,1
872,17,1,1
872,20,1,0
873,2,4,2
873,4,1,1
873,6,1,1
873,7,1,1
873,10,1,1
873,11,1,1
873,13,1,1
873,17,1,0
873,18,1,1
873,19,1,1
873,20,1,1
874,2,4,1
874,3,1,1
874,6,1,1
874,10,2,2
874,15,1,1
874,17,1,1
875,2,4,2
875,4,1,1
875,6,1,0
875,7,1,0
875,10,1,0
875,11,1,1
875,14,1,0
875,17,1,0
875,19,1,0
875,20,1,1
876,2,4,3
876,3,2,2
876,6,1,1
876,10,1,1
876,16,1,0
876,17,1,1
877,2,3,1
877,3,1,1
877,4,1,0
877,12,1,1
877,13,1,1
877,15,1,1
877,16,1,1
877,17,1,0
877,20,1,1
878,1,1,0
878,2,5,4
878,3,1,1
878,15,1,1
878,16,3,2
878,17,1,1
878,18,1,1
878,19,1,1
879,2,5,3
879,3,1,1
879,7,1,1
879,8,1,1
879,10,1,0
879,11,1,1
879,14,1,1
879,16,1,0
879,17,1,0
879,19,1,1
879,20,1,0
880,1,1,1
880,2,5,3
880,3,1,1
880,7,1,1
880,9,1,1
880,10,1,0
880,14,1,0
880,16,1,0
880,17,1,0
880,18,1,0
880,19,1,1
881,2,4,3
881,7,1,1
881,8,1,0
881,13,1,0
881,14,1,1
881,17,2,0
882,2,4,2
882,7,1,1
882,10,2,2
882,11,1,1
882,12,1,0
882,14,1,1
882,17,1,0
882,19,1,1
882,20,2,0
883,2,4,3
883,7,1,1
883,8,2,0
883,9,1,0
883,12,1,1
883,13,1,0
883,17,1,1
883,18,1,0
884,2,4,4
884,3,1,0
884,7,1,1
884,8,1,1
884,9,1,0
884,12,1,0
884,15,2,2
884,16,1,1
884,17,1,1
884,18,1,1
885,2,5,1
885,6,1,1
885,8,1,1
885,12,1,0
885,17,1,0
885,19,1,0
886,1,2,2
886,2,5,2
886,3,1,1
886,5,1,1
886,6,1,0
886,9,1,0
886,10,1,1
886,17,2,0
886,19,1,0
887,1,1,0
887,2,4,3
887,5,1,0
887,6,1,0
887,10,1,1
887,14,2,1
887,15,1,0
887,17,1,1
887,18,1,1
887,19,1,1
888,2,5,5
888,4,1,1
888,12,1,0
888,15,1,1
888,17,2,1
889,1,1,1
889,2,4,4
889,3,1,0
889,5,1,1
889,9,1,1
889,17,1,1
889,19,2,1
890,2,4,2
890,5,1,0
890,9,1,0
890,10,1,1
890,16,1,1
890,17,1,1
890,19,1,0
891,2,4,3
891,4,3,3
891,7,1,1
891,8,1,0
891,10,1,1
891,16,1,1
891,17,1,1
892,2,4,1
892,8,1,1
892,12,1,0
892,13,1,1
892,17,2,2
892,19,1,1
893,2,4,4
893,9,2,1
893,15,2,1
893,17,1,1
893,18,1,1
893,20,1,1
894,2,4,3
894,4,2,1
894,9,1,1
894,11,1,1
894,14,1,0
894,16,1,0
894,17,1,0
895,2,5,3
895,3,1,1
895,5,1,0
895,8,1,1
895,11,1,1
895,12,1,1
895,14,1,1
895,17,2,1
896,2,4,4
896,7,2,2
896,9,1,1
896,10,1,0
896,11,1,1
896,15,2,2
896,16,1,1
896,17,1,1
896,19,1,0
897,2,4,2
897,3,1,1
897,7,2,1
897,12,1,1
897,13,1,1
897,14,1,1
897,17,1,0
897,18,1,0
898,2,4,2
898,5,1,1
898,8,1,0
898,10,1,1
898,11,2,1
898,17,1,1
899,1,2,0
899,2,4,4
899,4,1,1
899,11,1,1
899,12,1,0
899,16,2,1
899,17,2,0
899,19,1,1
900,1,1,1
900,2,4,2
900,3,1,1
900,4,1,0
900,5,1,1
900,13,1,1
900,17,2,1
900,18,2,2
901,2,6,3
901,8,1,0
901,9,1,0
901,11,1,1
901,12,1,0
901,13,2,1
901,17,2,1
901,19,1,0
902,2,5,4
902,5,2,2
902,9,1,0
902,10,2,1
902,16,1,1
902,17,2,1
902,20,1,1
903,1,1,1
903,2,4,2
903,6,1,1
903,7,2,2
903,9,1,1
903,12,1,1
903,13,1,0
903,14,1,1
903,15,2,1
903,17,1,1
904,2,4,2
904,6,1,1
904,8,1,0
904,9,1,1
904,17,1,1
904,19,3,2
905,2,4,4
905,3,1,1
905,7,1,1
905,9,1,1
905,10,1,1
905,12,2,2
905,15,1,1
905,17,1,1
905,20,2,2
906,2,4,2
906,4,1,1
906,7,1,1
906,9,1,1
906,10,1,0
906,15,1,1
906,16,1,1
906,17,2,1
906,19,1,1
907,2,3,3
907,4,1,1
907,8,1,1
907,13,2,2
907,14,1,0
907,16,1,1
907,17,1,1
907,18,1,1
907,20,1,1
908,2,4,3
908,5,2,0
908,12,1,1
908,13,1,1
908,15,2,1
908,17,1,1
909,2,3,2
909,5,1,0
909,6,2,2
909,7,1,0
909,10,1,1
909,11,1,1
909,12,1,1
909,15,1,1
909,17,1,1
909,19,1,0
910,2,4,2
910,3,1,1
910,5,2,1
910,7,1,0
910,9,1,1
910,13,1,1
910,17,1,0
911,2,4,2
911,4,1,1
911,8,2,0
911,13,1,0
911,15,3,3
911,17,1,0
911,20,1,1
912,2,5,4
912,3,1,0
912,7,1,0
912,8,2,2
912,15,1,1
912,17,1,1
912,19,2,2
912,20,2,2
913,2,4,4
913,4,1,1
913,6,1,1
913,8,1,1
913,16,1,0
913,17,1,0
913,18,1,1
913,20,1,0
914,2,4,2
914,6,1,0
914,9,2,2
914,10,1,0
914,11,2,1
914,17,1,1
914,20,1,1
915,1,1,1
915,2,4,3
915,4,1,1
915,6,1,1
915,8,1,1
915,9,2,1
915,11,1,0
915,17,1,1
915,19,1,0
916,1,1,1
916,2,4,1
916,9,1,1
916,11,1,1
916,16,1,1
916,17,2,0
916,19,1,0
917,2,5,3
917,3,1,1
917,5,1,1
917,8,2,1
917,9,1,0
917,12,1,1
917,13,1,1
917,15,1,1
917,17,1,1
918,1,1,1
918,2,4,4
918,3,1,1
918,8,1,1
918,14,1,1
918,16,1,1
918,17,2,2
919,2,5,3
919,10,1,1
919,14,1,1
919,15,1,1
919,16,1,0
919,17,1,1
919,18,1,1
920,2,4,2
920,7,2,2
920,10,1,1
920,11,1,1
920,12,1,1
920,13,1,1
920,14,1,1
920,16,1,0
920,17,1,1
920,18,2,2
921,2,4,2
921,3,1,1
921,4,1,0
921,12,1,1
921,13,1,0
921,14,1,1
921,16,2,1
921,17,2,1
922,2,5,5
922,6,1,1
922,11,1,0
922,14,1,1
922,15,1,1
922,17,1,1
923,2,3,3
923,4,1,0
923,6,1,1
923,9,1,0
923,10,1,0
923,13,1,1
923,16,1,1
923,17,1,0
923,20,1,1
924,2,6,5
924,10,1,1
924,14,1,0
924,15,1,1
924,17,1,1
925,2,4,3
925,3,1,0
925,5,1,1
925,6,1,1
925,7,1,0
925,8,1,0
925,11,1,1
925,12,1,1
925,14,1,1
925,15,1,1
925,17,1,0
925,19,1,0
926,1,1,0
926,2,5,4
926,5,1,0
926,11,1,1
926,17,2,2
926,18,1,1
927,2,4,2
927,3,1,1
927,4,1,1
927,10,1,0
927,15,1,1
927,16,1,1
927,17,3,3
927,18,1,0
927,19,1,0
927,20,1,1
928,2,4,3
928,5,1,1
928,9,1,1
928,10,1,1
928,11,1,1
928,12,1,1
928,13,1,1
928,16,1,1
928,17,1,1
929,2,3,2
929,5,1,0
929,6,1,0
929,10,1,1
929,12,1,1
929,16,1,1
929,17,1,1
929,20,1,1
930,2,5,3
930,7,2,2
930,8,1,1
930,9,1,1
930,13,1,1
930,15,1,0
930,17,1,1
930,19,1,1
930,20,1,1
931,1,1,1
931,2,5,3
931,7,1,0
931,8,2,2
931,9,1,1
931,13,1,1
931,15,1,1
931,17,1,1
931,19,1,1
932,1,1,1
932,2,3,3
932,3,2,2
932,7,1,1
932,8,1,1
932,14,1,1
932,15,2,2
932,17,1,1
933,2,5,5
933,3,1,1
933,11,1,0
933,16,1,1
933,17,1,1
933,18,2,0
934,2,5,4
934,3,1,1
934,6,1,1
934,12,1,0
934,15,1,1
934,17,2,2
935,2,4,4
935,8,1,1
935,9,2,2
935,11,2,1
935,13,1,0
935,17,2,1
935,18,1,0
935,19,1,1
935,20,1,1
936,2,4,2
936,4,1,0
936,8,4,3
936,12,1,0
936,14,1,1
936,17,1,1
936,18,1,0
937,1,1,1
937,2,4,3
937,8,2,2
937,10,1,1
937,11,1,1
937,12,1,1
937,14,1,1
937,15,1,1
937,17,1,1
938,1,1,1
938,2,4,4
938,8,1,1
938,10,1,1
938,14,1,1
938,16,1,1
938,17,2,1
938,19,1,1
939,2,4,2
939,4,1,1
939,5,1,1
939,11,1,1
939,15,2,2
939,17,2,2
939,18,1,0
939,19,1,0
940,1,1,1
940,2,4,4
940,5,2,0
940,8,1,1
940,14,1,1
940,16,1,0
940,17,2,1
940,19,1,1
941,1,1,1
941,2,4,2
941,3,3,3
941,5,1,1
941,9,1,1
941,14,1,0
941,16,1,0
941,17,1,1
942,2,4,3
942,3,1,1
942,13,1,0
942,15,3,3
942,17,1,1
943,2,4,3
943,3,1,1
943,10,1,0
943,12,2,0
943,13,1,1
943,15,1,0
943,17,1,1
943,20,1,0
944,2,4,1
944,6,1,0
944,8,1,1
944,10,1,1
944,16,1,1
944,17,1,1
944,18,1,1
944,20,1,0
945,2,4,3
945,5,1,1
945,6,1,0
945,7,1,1
945,9,1,0
945,11,1,0
945,13,1,0
945,15,1,1
945,16,1,1
945,17,1,0
945,19,1,1
946,1,1,1
946,2,4,4
946,3,1,1
946,4,1,0
946,9,1,1
946,11,1,1
946,14,2,2
946,17,2,2
946,20,1,1
947,2,5,5
947,4,1,0
947,5,1,1
947,11,2,2
947,13,2,2
947,17,1,1
947,18,1,0
947,19,2,2
948,2,6,1
948,12,1,1
948,14,1,0
948,17,2,2
948,18,1,1
949,2,4,3
949,5,1,1
949,6,1,1
949,8,1,0
949,16,1,1
949,17,1,0
949,18,3,2
949,20,1,1
950,2,4,2
950,4,1,1
950,7,1,0
950,11,1,0
950,14,1,0
950,17,2,2
950,18,1,0
951,2,4,3
951,5,1,0
951,7,1,1
951,9,1,1
951,10,1,0
951,13,1,1
951,17,1,1
951,18,1,1
951,19,1,0
951,20,1,1
952,2,4,2
952,3,1,1
952,7,1,1
952,12,1,1
952,13,2,2
952,15,1,1
952,18,2,1
952,20,1,1
953,2,4,3
953,4,1,1
953,7,1,1
953,10,1,1
953,16,1,1
953,17,3,2
953,19,1,1
953,20,1,1
954,2,4,2
954,5,1,0
954,8,1,0
954,11,1,0
954,13,1,0
954,14,1,1
954,17,1,1
955,1,1,0
955,2,4,4
955,3,1,1
955,6,2,1
955,9,1,0
955,11,1,1
955,16,1,1
955,17,1,1
955,18,1,1
955,20,2,2
956,2,5,3
956,5,1,1
956,14,1,1
956,17,2,1
956,19,1,1
957,1,1,1
957,2,3,2
957,3,1,0
957,10,1,0
957,11,2,1
957,12,1,1
957,13,1,0
957,17,1,0
958,1,2,1
958,2,4,2
958,6,2,1
958,7,1,1
958,9,2,2
958,16,1,0
958,17,2,1
958,20,1,1
959,1,1,1
959,2,4,2
959,5,1,0
959,6,1,1
959,8,1,1
959,9,1,0
959,14,1,1
959,15,1,1
959,17,1,1
960,1,1,0
960,2,4,4
960,4,1,0
960,11,2,2
960,12,1,1
960,17,2,0
960,18,1,1
961,2,4,3
961,3,1,1
961,6,1,1
961,11,1,1
961,12,1,1
961,13,1,1
961,16,1,1
961,17,1,0
962,2,4,1
962,11,1,1
962,15,2,2
962,16,2,1
962,17,1,1
963,2,4,2
963,6,1,1
963,8,1,1
963,15,1,1
963,16,1,0
963,17,1,1
963,18,1,1
963,20,1,0
964,2,4,3
964,4,1,0
964,7,2,1
964,9,1,1
964,14,1,1
964,15,1,1
964,17,1,0
965,2,4,3
965,4,1,1
965,5,1,1
965,6,1,1
965,8,2,1
965,10,1,1
965,16,1,1
965,17,2,1
966,2,4,2
966,4,1,1
966,6,1,1
966,8,1,0
966,9,1,0
966,13,1,0
966,15,1,1
966,17,1,1
967,1,1,1
967,2,4,2
967,5,1,1
967,8,1,1
967,9,1,0
967,11,2,1
967,12,1,1
967,17,1,0
967,18,2,2
967,19,1,1
968,2,5,5
968,4,1,1
968,6,1,1
968,9,1,1
968,10,1,0
968,11,1,0
968,12,1,1
968,13,1,0
968,17,1,0
968,19,1,0
968,20,1,1
969,2,4,3
969,10,1,0
969,11,1,1
969,12,1,1
969,13,1,0
969,17,1,1
969,20,1,1
970,1,2,2
970,2,4,3
970,8,1,1
970,12,1,1
970,14,1,1
970,16,1,0
970,17,2,2
970,20,1,0
971,2,4,3
971,3,1,1
971,5,1,1
971,11,1,1
971,12,1,1
971,17,1,1
971,19,1,1
972,2,4,3
972,3,2,2
972,5,1,1
972,8,1,0
972,11,1,1
972,13,1,0
972,17,2,2
972,19,1,0
973,2,4,1
973,4,1,0
973,6,1,1
973,8,2,1
973,10,1,0
973,11,1,1
973,17,1,0
973,18,1,0
974,2,4,3
974,4,1,1
974,5,1,1
974,6,2,1
974,9,1,1
974,11,1,1
974,14,1,1
974,15,1,1
974,17,2,1
974,20,1,1
975,2,4,3
975,3,2,1
975,4,1,1
975,5,1,0
975,6,2,2
975,11,1,0
975,13,1,1
975,14,1,0
975,16,1,1
975,17,1,0
976,2,4,3
976,3,1,1
976,8,1,1
976,10,1,0
976,11,2,1
976,13,1,1
976,16,1,1
976,17,2,2
976,19,1,1
976,20,1,1
977,2,4,3
977,5,1,1
977,7,1,1
977,12,1,0
977,16,1,1
977,17,1,1
977,18,1,1
977,19,1,0
978,2,5,2
978,6,1,0
978,8,2,2
978,9,2,1
978,12,1,0
978,17,1,1
978,18,2,2
978,20,1,1
979,2,4,3
979,4,1,1
979,6,1,0
979,9,1,1
979,11,2,2
979,15,1,1
979,17,1,1
979,18,1,0
979,19,1,0
980,2,5,4
980,3,1,1
980,7,1,1
980,8,2,2
980,9,1,1
980,17,1,1
980,19,1,1
981,2,4,3
981,3,1,0
981,7,1,1
981,11,2,2
981,16,1,0
981,17,1,1
982,2,3,3
982,8,1,1
982,9,2,1
982,13,1,1
982,15,1,1
982,17,1,1
982,18,1,1
982,19,1,1
982,20,1,1
983,2,4,3
983,4,1,1
983,5,1,1
983,7,1,1
983,15,1,1
983,17,2,0
984,2,4,3
984,9,1,1
984,13,1,1
984,17,3,3
984,19,1,0
985,2,5,3
985,8,2,2
985,11,1,1
985,12,1,1
985,13,3,3
985,15,1,1
986,2,5,1
986,5,1,1
986,7,1,1
986,8,1,1
986,9,1,1
986,10,2,1
986,17,3,2
986,19,1,0
987,2,4,3
987,7,1,0
987,9,1,1
987,11,1,0
987,16,1,1
987,17,1,1
987,19,1,1
987,20,1,0
988,2,4,2
988,4,2,2
988,7,1,1
988,9,1,1
988,16,1,1
988,17,1,1
989,2,4,3
989,8,2,1
989,10,1,0
989,14,1,0
989,17,1,1
989,18,1,1
989,20,1,0
990,1,1,1
990,2,4,2
990,9,1,0
990,15,1,0
990,16,1,1
990,17,1,0
990,19,1,1
991,2,4,3
991,6,1,0
991,8,1,1
991,9,1,1
991,11,1,1
991,12,1,1
991,14,1,0
991,15,1,1
991,16,1,1
991,17,1,1
991,18,1,1
991,19,1,1
992,2,4,4
992,3,1,1
992,4,1,0
992,5,1,1
992,8,1,1
992,10,1,1
992,17,1,1
992,19,2,0
992,20,1,1
993,1,1,0
993,2,4,2
993,11,1,1
993,12,1,1
993,13,1,1
993,16,1,1
993,17,1,1
993,19,1,1
993,20,1,1
994,2,4,4
994,4,2,1
994,10,2,2
994,14,1,1
994,16,1,1
994,17,1,0
994,18,1,1
995,1,1,1
995,2,4,3
995,3,1,0
995,8,1,1
995,10,1,1
995,15,1,1
995,17,1,1
995,20,1,1
996,2,4,3
996,3,1,0
996,8,1,0
996,10,1,1
996,17,2,1
996,18,1,1
996,19,1,1
997,2,6,4
997,6,1,1
997,9,2,1
997,11,1,1
997,12,1,0
997,17,2,2
998,2,4,4
998,3,1,1
998,8,1,1
998,9,1,0
998,12,1,1
998,14,1,1
998,17,1,0
999,2,4,4
999,3,1,0
999,5,1,1
999,8,1,1
999,12,2,1
999,16,1,0
999,17,1,1
999,18,1,0
1000,2,4,3
1000,3,1,0
1000,8,1,1
1000,9,1,1
1000,10,1,1
1000,13,1,1
1000,15,2,2
1000,17,2,1
1000,18,1,1
1000,20,1,0
