id,name,designation,role
1,Erik Gamble,Software Engineer,employee
2,Sarah Clark,Software Engineer,employee
3,Kelly Baldwin,Back-end Engineer,employee
4,Mia Andrews,Mobile App Engineer,employee
5,Andrea Smith,Security Engineer,employee
6,Mitchell Thomas,Cloud Engineer,employee
7,William Thompson,Security Engineer,employee
8,Frank Parker,Software Engineer,employee
9,Alicia Smith,Software Engineer,employee
10,Robert Tran,Front-end Engineer,employee
11,David Levy,Data Engineer,employee
12,Philip Evans,Full-stack Engineer,employee
13,Heather Bender,Front-end Engineer,employee
14,Lisa Jones,Mobile App Engineer,employee
15,Patricia Graves,Cloud Engineer,employee
16,Cheryl Bishop,DevOps Engineer,employee
17,Rachel Jones,Network Engineer,employee
18,Joseph Sexton,QA Engineer,employee
19,Valerie Ayala,Cloud Engineer,employee
20,Frank Green,Front-end Engineer,employee
21,Alexis Pugh,Full-stack Engineer,employee
22,Manuel Boyle,DevOps Engineer,employee
23,Ashley Moore,Cloud Engineer,employee
24,Steven Miller,Back-end Engineer,employee
25,Teresa Gonzalez,Network Engineer,employee
26,Justin Ross,Back-end Engineer,employee
27,Johnny Sullivan,Mobile App Engineer,employee
28,Alicia Short,QA Engineer,employee
29,Alex Thompson,Software Engineer,employee
30,Steve Montoya,Network Engineer,employee
31,Jesse Cruz,QA Engineer,employee
32,Wanda Welch,Full-stack Engineer,employee
33,Stephanie Hanna,Data Engineer,employee
34,Diamond Sims,Security Engineer,employee
35,Seth Joseph,Cloud Engineer,employee
36,Heather Evans,Full-stack Engineer,employee
37,Amy Green DDS,Software Engineer,employee
38,Sierra Murphy,Front-end Engineer,employee
39,James Mills,Data Engineer,employee
40,Joseph Gordon,Software Engineer,employee
41,Robert Mclaughlin,Mobile App Engineer,employee
42,Justin Reynolds,Network Engineer,employee
43,Michael Turner,Software Engineer,employee
44,Crystal Wilson,Front-end Engineer,employee
45,Seth Stokes,Front-end Engineer,employee
46,John Wilcox,Software Engineer,employee
47,Keith Williams,Back-end Engineer,employee
48,Ivan James,Network Engineer,employee
49,Raven Fields,Data Engineer,employee
50,Jamie Massey,Cloud Engineer,employee
51,Michael Webb,Front-end Engineer,employee
52,Theodore James,Full-stack Engineer,employee
53,Rhonda Myers,DevOps Engineer,employee
54,Erika Russell,Security Engineer,employee
55,Dustin Booker,Back-end Engineer,employee
56,Erin Anderson,Full-stack Engineer,employee
57,Sandra Tran,Full-stack Engineer,employee
58,Leslie Ruiz,QA Engineer,employee
59,Rebecca Butler,Software Engineer,employee
60,Derek Smith,Front-end Engineer,employee
61,Kevin Joseph,Front-end Engineer,employee
62,Nicole Howard,Full-stack Engineer,employee
63,Cheryl Rojas,Network Engineer,employee
64,Richard Blair,Cloud Engineer,employee
65,Sean Tucker,Software Engineer,employee
66,Jeremy Martin,Full-stack Engineer,employee
67,Aaron Johnson,Mobile App Engineer,employee
68,Alice Gibson,Data Engineer,employee
69,Jennifer Ward,Security Engineer,employee
70,Brad Barrett,Front-end Engineer,employee
71,Whitney Howell,Security Engineer,employee
72,Cathy Gonzalez,Cloud Engineer,employee
73,Brian Kirby,Full-stack Engineer,employee
74,Samuel Henry,Network Engineer,employee
75,Jason Collins,DevOps Engineer,employee
76,Julie Cox,QA Engineer,employee
77,Jamie Fleming,DevOps Engineer,employee
78,Renee Williams,QA Engineer,employee
79,Samantha Boyd,QA Engineer,employee
80,James Smith,Full-stack Engineer,employee
81,Daniel Moore,Security Engineer,employee
82,Nicholas Henry,QA Engineer,employee
83,Alex Pineda,Network Engineer,employee
84,Matthew Holland,Data Engineer,employee
85,Jennifer Boyd,QA Engineer,employee
86,Joe Williams,QA Engineer,employee
87,Howard Peters,QA Engineer,employee
88,Crystal Walter,Back-end Engineer,employee
89,Patricia Carlson,DevOps Engineer,employee
90,Timothy Bray,Data Engineer,employee
91,Lauren Phillips,Full-stack Engineer,employee
92,Craig Fox,Mobile App Engineer,employee
93,Daniel Hart,Security Engineer,employee
94,Randy Bradshaw,Back-end Engineer,employee
95,Veronica Brandt,Cloud Engineer,employee
96,Mark Franklin,Mobile App Engineer,employee
97,Heather Brown,Back-end Engineer,employee
98,Megan Tapia,Full-stack Engineer,employee
99,Kimberly Dickson,Software Engineer,employee
100,Devon Ochoa,DevOps Engineer,employee
101,Dylan Johnson,Cloud Engineer,employee
102,Joshua Blair,Full-stack Engineer,employee
103,Mrs. Jennifer Trevino MD,Data Engineer,employee
104,John Fuentes,Security Engineer,employee
105,Vanessa Dean,Back-end Engineer,employee
106,Sara Brown,Back-end Engineer,employee
107,Michael Nelson,Front-end Engineer,employee
108,Rachel Guerra,Back-end Engineer,employee
109,Louis Glover,Software Engineer,employee
110,Blake Kaiser,Full-stack Engineer,employee
111,Joshua Taylor,Cloud Engineer,employee
112,Larry Horn,Front-end Engineer,employee
113,Heather Turner,Mobile App Engineer,employee
114,Michael Rush,Back-end Engineer,employee
115,Rebecca Garza,Security Engineer,employee
116,Sarah Palmer,DevOps Engineer,employee
117,Richard Matthews,Software Engineer,employee
118,Timothy Silva,Data Engineer,employee
119,Martha Peterson,Data Engineer,employee
120,Terri Smith,DevOps Engineer,employee
121,Miguel Klein,QA Engineer,employee
122,Dylan Holmes,Software Engineer,employee
123,Reginald Robles,Network Engineer,employee
124,Chelsea Austin,Back-end Engineer,employee
125,Angela Grant,Mobile App Engineer,employee
126,Henry Garcia,Cloud Engineer,employee
127,Alicia Johnson,Software Engineer,employee
128,John Howard,Mobile App Engineer,employee
129,Melissa Powers,Front-end Engineer,employee
130,Miguel Bishop,Software Engineer,employee
131,Brent Jones,Data Engineer,employee
132,Wendy Peters,Software Engineer,employee
133,Natasha Perez,Front-end Engineer,employee
134,Scott Mitchell,Security Engineer,employee
135,Deanna Lawson,Network Engineer,employee
136,Todd Newman,Mobile App Engineer,employee
137,Katherine Johnson,DevOps Engineer,employee
138,Jeffrey Schultz III,Mobile App Engineer,employee
139,Stephanie Pham,Mobile App Engineer,employee
140,Joseph Lawrence,Cloud Engineer,employee
141,Nicole Wyatt,Full-stack Engineer,employee
142,Melissa Andersen,Cloud Engineer,employee
143,Karen Garcia,Mobile App Engineer,employee
144,Jennifer Fields,Cloud Engineer,employee
145,Andrew Osborn,Security Engineer,employee
146,Nicole Quinn,Network Engineer,employee
147,Richard Harris,DevOps Engineer,employee
148,Jose Sosa,Cloud Engineer,employee
149,Brandon Gomez,DevOps Engineer,employee
150,Meghan Gonzalez,QA Engineer,employee
151,Aaron Brown,Software Engineer,employee
152,Mr. Mark Griffin DDS,QA Engineer,employee
153,Brian Burns,Data Engineer,employee
154,Tami Johnson,Software Engineer,employee
155,Nicholas Hamilton,Back-end Engineer,employee
156,Beth Robles,Security Engineer,employee
157,Jeffery Adkins,Network Engineer,employee
158,Karla Mills,Software Engineer,employee
159,Karen Cruz,Cloud Engineer,employee
160,Deanna Sanchez,Back-end Engineer,employee
161,Rita Marks,Security Engineer,employee
162,Catherine Dawson,DevOps Engineer,employee
163,Kevin Rice II,Cloud Engineer,employee
164,Dennis Odonnell,Security Engineer,employee
165,Natalie Lopez,Software Engineer,employee
166,David Delacruz,DevOps Engineer,employee
167,Kelly Moore,Software Engineer,employee
168,Kayla Cook,Mobile App Engineer,employee
169,Christopher Young,QA Engineer,employee
170,Taylor Jones,Full-stack Engineer,employee
171,Jason Scott,Network Engineer,employee
172,Warren Tucker,Full-stack Engineer,employee
173,Stacey Cooper,QA Engineer,employee
174,Mark Haynes,Network Engineer,employee
175,Adrienne Roberts,DevOps Engineer,employee
176,Courtney Phillips,DevOps Engineer,employee
177,Jeffery Brown,Security Engineer,employee
178,Terry Pierce,Full-stack Engineer,employee
179,Brandon Ferguson,Software Engineer,employee
180,Maria Wilson,Security Engineer,employee
181,Martin Long,Software Engineer,employee
182,Joseph Lutz,Full-stack Engineer,employee
183,Stephanie Chambers,Data Engineer,employee
184,Adam Bass,Mobile App Engineer,employee
185,Devin Huffman,Data Engineer,employee
186,Gregory Torres,Cloud Engineer,employee
187,William Perez,DevOps Engineer,employee
188,James Garcia,Full-stack Engineer,employee
189,Carol Smith,Data Engineer,employee
190,Nicholas Walter,Software Engineer,employee
191,Dr. Tiffany White,Back-end Engineer,employee
192,Jenna Woodward,Security Engineer,employee
193,Kevin Smith,Network Engineer,employee
194,Alexis Jones,QA Engineer,employee
195,Ernest Brown,Network Engineer,employee
196,Matthew Ramirez,Full-stack Engineer,employee
197,Timothy Moore,Back-end Engineer,employee
198,Matthew Brown,Security Engineer,employee
199,Amanda Lopez,Network Engineer,employee
200,Timothy Graham,Full-stack Engineer,employee
201,Melissa Shepard,Data Engineer,employee
202,David Gomez,DevOps Engineer,employee
203,Joseph Allison,Front-end Engineer,employee
204,Jennifer Hall,Front-end Engineer,employee
205,Stacy Gibson,Mobile App Engineer,employee
206,Elizabeth Williams,Network Engineer,employee
207,Dr. Shannon Wilson,Security Engineer,employee
208,Adam Santana,Software Engineer,employee
209,Tamara Brown,QA Engineer,employee
210,David Barton,Network Engineer,employee
211,Sheila Ford,DevOps Engineer,employee
212,John Carr,Mobile App Engineer,employee
213,Caitlyn Lopez,QA Engineer,employee
214,Lauren Smith,Front-end Engineer,employee
215,Holly Gibson,Software Engineer,employee
216,Terry Barnes,Cloud Engineer,employee
217,Jamie Taylor,Mobile App Engineer,employee
218,Denise Simon,Mobile App Engineer,employee
219,Nicholas Brown,Mobile App Engineer,employee
220,Sarah Mitchell,Security Engineer,employee
221,Steven Ochoa MD,Cloud Engineer,employee
222,Martin Robinson,Cloud Engineer,employee
223,Jacob Pena,Data Engineer,employee
224,James Johnson,Front-end Engineer,employee
225,Frank Walsh,Data Engineer,employee
226,Tamara Ramirez,Mobile App Engineer,employee
227,Larry Moran,Security Engineer,employee
228,Melinda Murray,Cloud Engineer,employee
229,Kenneth Johnson,Network Engineer,employee
230,Crystal Howell,Security Engineer,employee
231,Teresa Gutierrez,Front-end Engineer,employee
232,Marilyn Le,Mobile App Engineer,employee
233,Laura Warren,Data Engineer,employee
234,Kyle Moran,Data Engineer,employee
235,Kimberly Acosta,DevOps Engineer,employee
236,Kenneth Walsh,Software Engineer,employee
237,Kevin Hawkins,DevOps Engineer,employee
238,Kayla Lawson,DevOps Engineer,employee
239,Amanda King,Back-end Engineer,employee
240,Patrick Rangel,Cloud Engineer,employee
241,Adam Murphy,Front-end Engineer,employee
242,Jeffery Griffin,Security Engineer,employee
243,Andrew Buck,QA Engineer,employee
244,Gerald Garcia,Data Engineer,employee
245,Justin Baker,Security Engineer,employee
246,Jake Bautista,QA Engineer,employee
247,Timothy Edwards,Front-end Engineer,employee
248,Thomas Bowers,Cloud Engineer,employee
249,Alexis Ryan,Cloud Engineer,employee
250,Thomas Robertson DDS,Full-stack Engineer,employee
251,Gina Brown,Mobile App Engineer,employee
252,Joy Silva,DevOps Engineer,employee
253,Victoria Garcia,Data Engineer,employee
254,Mrs. Aimee Hernandez,QA Engineer,employee
255,Sherri Oliver,Cloud Engineer,employee
256,Randall Jones,Full-stack Engineer,employee
257,Kevin Stephenson,Security Engineer,employee
258,Sarah Wagner,Cloud Engineer,employee
259,Hunter Hall,Cloud Engineer,employee
260,Megan Richardson,Full-stack Engineer,employee
261,Judy Jefferson,Security Engineer,employee
262,Joseph Jones,Security Engineer,employee
263,Donna Coleman,Data Engineer,employee
264,Betty Sanchez,Network Engineer,employee
265,Anna Burnett,DevOps Engineer,employee
266,Craig Campbell,Front-end Engineer,employee
267,Gabriel Jacobson,Security Engineer,employee
268,Melissa Weeks,Data Engineer,employee
269,Richard Armstrong,Data Engineer,employee
270,Michael Hernandez,Front-end Engineer,employee
271,Amy Stanton,Mobile App Engineer,employee
272,Michelle Moore,DevOps Engineer,employee
273,Pedro Martinez,Software Engineer,employee
274,Joshua Carter,Back-end Engineer,employee
275,Jay Cunningham,Data Engineer,employee
276,Joel Williams,Front-end Engineer,employee
277,Robert Weber,Network Engineer,employee
278,Timothy Rose,Cloud Engineer,employee
279,Charles Noble,Cloud Engineer,employee
280,Alicia Burch,Network Engineer,employee
281,Brian Gilbert,Mobile App Engineer,employee
282,Kelly Johnson,Network Engineer,employee
283,Blake Glass,Mobile App Engineer,employee
284,John Anderson,Network Engineer,employee
285,Katherine Davis,Security Engineer,employee
286,Nathaniel Walker,Data Engineer,employee
287,Michael Ortiz,Security Engineer,employee
288,Erin Webb,Data Engineer,employee
289,Nicolas Higgins,Back-end Engineer,employee
290,Lori Barker,DevOps Engineer,employee
291,Leslie Jackson,Data Engineer,employee
292,Jasmine Ryan,QA Engineer,employee
293,Noah Adams,Security Engineer,employee
294,Sylvia Zimmerman,Front-end Engineer,employee
295,Sharon Gomez,Full-stack Engineer,employee
296,Donna Rocha,Front-end Engineer,employee
297,Patrick Ferguson,Full-stack Engineer,employee
298,Karen Rojas,QA Engineer,employee
299,Jeremy Grimes,Back-end Engineer,employee
300,Jeffrey Whitaker,Full-stack Engineer,employee
301,Monique Duarte,Mobile App Engineer,employee
302,Drew Thompson,Security Engineer,employee
303,William Hicks,Software Engineer,employee
304,Jennifer Wallace,Full-stack Engineer,employee
305,Jessica Ferguson,Network Engineer,employee
306,Rachael Snow,Back-end Engineer,employee
307,Dustin Alvarez,DevOps Engineer,employee
308,Jonathan Perry,Software Engineer,employee
309,Thomas Lee,Data Engineer,employee
310,Emily Middleton,DevOps Engineer,employee
311,Elizabeth Diaz,Front-end Engineer,employee
312,Diana Sharp,Full-stack Engineer,employee
313,Valerie Branch,Full-stack Engineer,employee
314,Michael Mcguire,Mobile App Engineer,employee
315,Tiffany Brock,Network Engineer,employee
316,Megan Miller,Data Engineer,employee
317,Gary Wilson,QA Engineer,employee
318,Richard Spencer,QA Engineer,employee
319,Andrew Cook,Cloud Engineer,employee
320,Melissa Fox,Back-end Engineer,employee
321,Thomas Johnston,Front-end Engineer,employee
322,Kevin Villarreal,Software Engineer,employee
323,Michael Payne,DevOps Engineer,employee
324,Sheila Valdez,DevOps Engineer,employee
325,Russell Rivera,Front-end Engineer,employee
326,Johnny Gray,Software Engineer,employee
327,Jamie Sanford,Security Engineer,employee
328,Deborah Collins,Mobile App Engineer,employee
329,Amy Riley,QA Engineer,employee
330,James Cole,Mobile App Engineer,employee
331,John Johnson,Data Engineer,employee
332,Tina Cruz,Front-end Engineer,employee
333,Mark Jackson,Full-stack Engineer,employee
334,Stacey Salas,Software Engineer,employee
335,Jill Bauer,Front-end Engineer,employee
336,David Gilbert,Network Engineer,employee
337,Michael Garcia,Cloud Engineer,employee
338,Jack Hawkins,Software Engineer,employee
339,Charles Benjamin,Front-end Engineer,employee
340,Sara Jacobs,Front-end Engineer,employee
341,Mitchell Harris,Software Engineer,employee
342,Sandra Watkins,DevOps Engineer,employee
343,Jennifer Kerr,Mobile App Engineer,employee
344,David Bates,Software Engineer,employee
345,Roy Pugh,Mobile App Engineer,employee
346,Kathleen Gonzalez,QA Engineer,employee
347,Theresa Robinson,Full-stack Engineer,employee
348,Christopher Daniel,Mobile App Engineer,employee
349,Jerome Jones,DevOps Engineer,employee
350,Troy Nelson,Mobile App Engineer,employee
351,John Woods,QA Engineer,employee
352,Samantha Rosales,Mobile App Engineer,employee
353,Kathryn Morgan,Security Engineer,employee
354,Andrew Jackson,QA Engineer,employee
355,Richard Robertson,Back-end Engineer,employee
356,Robert Castro,QA Engineer,employee
357,Marissa George,Full-stack Engineer,employee
358,Bethany Pitts,Back-end Engineer,employee
359,Matthew Graham,Front-end Engineer,employee
360,Nancy Davis,Cloud Engineer,employee
361,Jerry Dillon,Software Engineer,employee
362,Sean Martinez,Front-end Engineer,employee
363,Scott Hansen,Network Engineer,employee
364,Nathan Lynch,QA Engineer,employee
365,Megan Mejia,Data Engineer,employee
366,Kim Garcia,Security Engineer,employee
367,Erin Beltran,Security Engineer,employee
368,Jessica Moore,DevOps Engineer,employee
369,Robert Jarvis,Front-end Engineer,employee
370,Taylor Green,Front-end Engineer,employee
371,George Duncan,Software Engineer,employee
372,Melinda Davis,Cloud Engineer,employee
373,Andrew Strong,DevOps Engineer,employee
374,Jane Stephens,DevOps Engineer,employee
375,Andrew Turner,Data Engineer,employee
376,Dr. Brenda Faulkner,QA Engineer,employee
377,Jonathan Strickland,Data Engineer,employee
378,Shannon Wilcox,QA Engineer,employee
379,Veronica Nelson,Back-end Engineer,employee
380,John Davis,Front-end Engineer,employee
381,Gregory Shea,Software Engineer,employee
382,Brenda Oconnell,Front-end Engineer,employee
383,Seth Cross,Data Engineer,employee
384,Rachael Tyler,Security Engineer,employee
385,James Brock,Back-end Engineer,employee
386,Kathleen Moreno,DevOps Engineer,employee
387,Stephen Thompson,DevOps Engineer,employee
388,Shannon Walker,Software Engineer,employee
389,Joseph Wright,Software Engineer,employee
390,Kimberly Solomon,Front-end Engineer,employee
391,Leah Ellis MD,QA Engineer,employee
392,Matthew Gentry,Cloud Engineer,employee
393,Mr. Chase Green,Mobile App Engineer,employee
394,Katherine Abbott,Cloud Engineer,employee
395,Tracy Davidson,Mobile App Engineer,employee
396,Jeremy Alvarez,Software Engineer,employee
397,Donald Cooper,Cloud Engineer,employee
398,Sarah Barajas,Cloud Engineer,employee
399,Jordan Jones,Cloud Engineer,employee
400,Shannon Martinez,DevOps Engineer,employee
401,Jose Ruiz,Front-end Engineer,employee
402,Rachel Campos,DevOps Engineer,employee
403,Troy Nielsen,Front-end Engineer,employee
404,Deborah Wood,Network Engineer,employee
405,Amanda Jacobs,Security Engineer,employee
406,Michelle Lopez,Full-stack Engineer,employee
407,Jennifer Rose,Mobile App Engineer,employee
408,Miranda Rivas,Software Engineer,employee
409,Michael Gibson,Data Engineer,employee
410,Miguel Wagner,Full-stack Engineer,employee
411,Dana Wilcox DDS,Data Engineer,employee
412,Anne Garcia,Cloud Engineer,employee
413,Emily Hardy,Back-end Engineer,employee
414,Andrew Guerrero,DevOps Engineer,employee
415,Andrea Landry,Data Engineer,employee
416,Ronald Lee,Data Engineer,employee
417,Megan Fox,Mobile App Engineer,employee
418,Ronald Holloway,Mobile App Engineer,employee
419,Joseph Medina,Front-end Engineer,employee
420,Adrian Haas,Security Engineer,employee
421,Paul Ortiz,Mobile App Engineer,employee
422,Leslie Hall,DevOps Engineer,employee
423,Kimberly Johnson,Full-stack Engineer,employee
424,Gregory Williams,Network Engineer,employee
425,Benjamin Watts,QA Engineer,employee
426,Hannah Mcguire,Full-stack Engineer,employee
427,Steven Wagner,Data Engineer,employee
428,Michelle Chapman,Network Engineer,employee
429,Daniel Hunter,Software Engineer,employee
430,John Ponce,Back-end Engineer,employee
431,Jennifer Hill,Full-stack Engineer,employee
432,Sarah Holland,QA Engineer,employee
433,Jennifer Molina,Front-end Engineer,employee
434,Madison Graves,Software Engineer,employee
435,Reginald Burton,Mobile App Engineer,employee
436,Cristina Rogers,Security Engineer,employee
437,Mary Carpenter,Mobile App Engineer,employee
438,Zachary Allen,DevOps Engineer,employee
439,Edward Ortega,Data Engineer,employee
440,Rachel Brown,Full-stack Engineer,employee
441,Paul Johnson,Back-end Engineer,employee
442,Alexander Armstrong,Full-stack Engineer,employee
443,Erin Mcdaniel,Back-end Engineer,employee
444,Lisa Simpson,Network Engineer,employee
445,Riley Smith,Front-end Engineer,employee
446,Cynthia Scott,Software Engineer,employee
447,Carol Huber,Data Engineer,employee
448,Makayla Austin,DevOps Engineer,employee
449,Daniel Anderson,Data Engineer,employee
450,Brandon Walter,Software Engineer,employee
451,Tamara Young,Cloud Engineer,employee
452,Amanda Nicholson,Data Engineer,employee
453,Jessica White,Security Engineer,employee
454,Brittany Robinson,Mobile App Engineer,employee
455,Brandon Morris,Software Engineer,employee
456,Max Atkins,DevOps Engineer,employee
457,Sarah Patterson,Software Engineer,employee
458,Terry Hanna,Front-end Engineer,employee
459,Elizabeth Schmidt,Network Engineer,employee
460,Blake Reyes,Data Engineer,employee
461,Ryan Wolf,Cloud Engineer,employee
462,Matthew Johnson,Data Engineer,employee
463,Jesus James,Security Engineer,employee
464,Kathleen Mccarthy,Back-end Engineer,employee
465,Valerie Lawrence,Cloud Engineer,employee
466,Jocelyn Peterson,Back-end Engineer,employee
467,Brenda Koch,DevOps Engineer,employee
468,Paul Aguilar,Software Engineer,employee
469,Joan Lewis,Full-stack Engineer,employee
470,Adam Perez,Back-end Engineer,employee
471,Michael Hartman,Back-end Engineer,employee
472,Mckenzie Terrell,Front-end Engineer,employee
473,Jason Mack,Security Engineer,employee
474,Jackie Davis,DevOps Engineer,employee
475,Rachel Johnson,Security Engineer,employee
476,Martha Vargas,Cloud Engineer,employee
477,Robert Wood,Cloud Engineer,employee
478,Dawn Martinez,Mobile App Engineer,employee
479,Jackson Flores,Mobile App Engineer,employee
480,Robert Anderson,Front-end Engineer,employee
481,James Case,QA Engineer,employee
482,John Mills,DevOps Engineer,employee
483,Melissa Chen,Cloud Engineer,employee
484,Kyle Yoder,Back-end Engineer,employee
485,Charles Lewis,QA Engineer,employee
486,Michele Keller,Front-end Engineer,employee
487,Rachel Cooley,Cloud Engineer,employee
488,Luis Preston,Software Engineer,employee
489,Matthew Davis,Full-stack Engineer,employee
490,George Williams,Network Engineer,employee
491,Amber Bennett,Data Engineer,employee
492,Stephanie Carpenter,Software Engineer,employee
493,Angela Huff MD,Security Engineer,employee
494,Mandy Wagner,Cloud Engineer,employee
495,Mark Mcconnell,Mobile App Engineer,employee
496,Madison Oconnor,Data Engineer,employee
497,Michael Weaver,Network Engineer,employee
498,Ashley Chavez,Network Engineer,employee
499,Amanda Booker MD,Mobile App Engineer,employee
500,Lisa Edwards,Data Engineer,employee
501,Samantha Luna,Security Engineer,employee
502,Charles Huff,DevOps Engineer,employee
503,Calvin Chavez,Network Engineer,employee
504,Matthew Brown MD,Cloud Engineer,employee
505,Jason Morrow,Security Engineer,employee
506,Lisa Mcfarland,Software Engineer,employee
507,John Hill,Front-end Engineer,employee
508,Paul George,Data Engineer,employee
509,Connie Tran,QA Engineer,employee
510,Steven Mercado,Security Engineer,employee
511,Elizabeth Curtis,Cloud Engineer,employee
512,Madison Morales,Full-stack Engineer,employee
513,Kristin Estrada,Software Engineer,employee
514,Anna Morgan,Software Engineer,employee
515,Daniel Benton,Front-end Engineer,employee
516,Justin Robinson,Data Engineer,employee
517,Michael Diaz,Software Engineer,employee
518,Susan Wood,Network Engineer,employee
519,John Fry,Full-stack Engineer,employee
520,Kristen Kim,Cloud Engineer,employee
521,Kristy Cooper,Mobile App Engineer,employee
522,Lauren Valencia,Front-end Engineer,employee
523,Julia Bush,QA Engineer,employee
524,Sandra Reyes,DevOps Engineer,employee
525,Pamela Dennis,QA Engineer,employee
526,Jennifer Reyes,Mobile App Engineer,employee
527,James Moore,Mobile App Engineer,employee
528,Melissa Brown,Full-stack Engineer,employee
529,Jessica Simpson,Front-end Engineer,employee
530,Patricia Cobb,Back-end Engineer,employee
531,Mark Rice,Cloud Engineer,employee
532,Joseph Clark,Front-end Engineer,employee
533,Alicia Fletcher,Software Engineer,employee
534,Matthew Phillips,Security Engineer,employee
535,Victor Joseph,DevOps Engineer,employee
536,Leah Cohen,QA Engineer,employee
537,Pamela Middleton,Software Engineer,employee
538,Donald Everett,Network Engineer,employee
539,Henry Kidd,Network Engineer,employee
540,Michael Taylor,Front-end Engineer,employee
541,Stephanie Burke,DevOps Engineer,employee
542,Kayla Johnson,Full-stack Engineer,employee
543,Frederick Murray,Full-stack Engineer,employee
544,Kelsey Rogers,QA Engineer,employee
545,Greg Butler,Cloud Engineer,employee
546,Danielle Avila,Network Engineer,employee
547,Jack Wong,Full-stack Engineer,employee
548,Mr. James Crosby,Back-end Engineer,employee
549,Barry Hester,Mobile App Engineer,employee
550,Jared Lowe,Front-end Engineer,employee
551,Tina Robertson,Front-end Engineer,employee
552,Melanie Gomez,Cloud Engineer,employee
553,Leslie Warren,Back-end Engineer,employee
554,Ashley Ramirez,QA Engineer,employee
555,Megan West,Front-end Engineer,employee
556,Sandra Miller,Mobile App Engineer,employee
557,John Miller,DevOps Engineer,employee
558,Robert Lane,Front-end Engineer,employee
559,Roger Brown,Mobile App Engineer,employee
560,Bailey Butler,Network Engineer,employee
561,Earl Griffith,Cloud Engineer,employee
562,Kevin Payne,Full-stack Engineer,employee
563,Adam Oconnor MD,Security Engineer,employee
564,Jonathan Henry,Security Engineer,employee
565,Charles Singleton,Cloud Engineer,employee
566,Philip Small,Full-stack Engineer,employee
567,Peter Parker,DevOps Engineer,employee
568,Joanne Shelton,Cloud Engineer,employee
569,Shannon Freeman,Full-stack Engineer,employee
570,Melody Mason,Data Engineer,employee
571,Valerie Dunlap,Network Engineer,employee
572,Jordan Smith,Network Engineer,employee
573,Kenneth Brown DDS,Back-end Engineer,employee
574,Jacob Stark,Network Engineer,employee
575,Edward Kaiser,QA Engineer,employee
576,Shannon Ramos,QA Engineer,employee
577,Phillip Mahoney,Front-end Engineer,employee
578,Angela Richmond,Back-end Engineer,employee
579,Anthony Donaldson,Full-stack Engineer,employee
580,Brian Choi PhD,Network Engineer,employee
581,Jose Burgess,Security Engineer,employee
582,Jonathan Mccarthy,Security Engineer,employee
583,Connor Owens,Network Engineer,employee
584,Timothy Lee,Front-end Engineer,employee
585,Holly Gonzalez,QA Engineer,employee
586,Tiffany Morris,Security Engineer,employee
587,Nancy Nelson,QA Engineer,employee
588,Tiffany Hall,Data Engineer,employee
589,Nicholas Campbell,Front-end Engineer,employee
590,Angela Chapman,Cloud Engineer,employee
591,Michael Martin,Front-end Engineer,employee
592,Jason Williams,Security Engineer,employee
593,Dennis Mejia,Network Engineer,employee
594,Brian Briggs,Front-end Engineer,employee
595,Lauren Long,Mobile App Engineer,employee
596,Mark Escobar,QA Engineer,employee
597,Jaime Sampson,Data Engineer,employee
598,Katherine Reyes,QA Engineer,employee
599,Mrs. Katie Johnston MD,Software Engineer,employee
600,Patricia Davis DDS,Software Engineer,employee
601,William Hughes,Cloud Engineer,employee
602,Tiffany Turner,Software Engineer,employee
603,Lindsay Barr,QA Engineer,employee
604,Dawn Rodriguez,Back-end Engineer,employee
605,Maria Harris,DevOps Engineer,employee
606,Michael Bell,Full-stack Engineer,employee
607,Evelyn Hopkins,Network Engineer,employee
608,Mrs. Ashley Cox,Software Engineer,employee
609,Regina Johnson,Network Engineer,employee
610,Tara Woods,Network Engineer,employee
611,Brian Hanna,QA Engineer,employee
612,Luis Warner,Cloud Engineer,employee
613,Michelle Carr,Data Engineer,employee
614,Sara Murphy,Back-end Engineer,employee
615,Gail Saunders,Security Engineer,employee
616,Ashley Conner,QA Engineer,employee
617,Denise Contreras,Mobile App Engineer,employee
618,Jason Chandler,Back-end Engineer,employee
619,Anthony Carter,Back-end Engineer,employee
620,Robin Sanchez,Full-stack Engineer,employee
621,Natalie Lee,Security Engineer,employee
622,Travis Boyd,QA Engineer,employee
623,Paula Allen,Network Engineer,employee
624,Carol Castro,Security Engineer,employee
625,Stephen Rowland,Network Engineer,employee
626,Amber Martin,Network Engineer,employee
627,Jeremy Barry,QA Engineer,employee
628,Michele White,Mobile App Engineer,employee
629,Gerald Nelson,Full-stack Engineer,employee
630,Natalie Daniel,Back-end Engineer,employee
631,Tamara Medina,Network Engineer,employee
632,Michael Clark,Full-stack Engineer,employee
633,Mark Johnson,Data Engineer,employee
634,Dawn Yates,Data Engineer,employee
635,Regina Kim,DevOps Engineer,employee
636,Kara Gallegos,Data Engineer,employee
637,Scott Ruiz,Software Engineer,employee
638,Ronald Brandt,Security Engineer,employee
639,Tara Walker,Back-end Engineer,employee
640,Peter Mcdonald,Front-end Engineer,employee
641,Steven Manning,Back-end Engineer,employee
642,Cheryl Blake,QA Engineer,employee
643,Valerie Rodriguez,Cloud Engineer,employee
644,Adam Campbell DVM,Back-end Engineer,employee
645,Aaron Johns,Software Engineer,employee
646,Sarah Smith,Back-end Engineer,employee
647,Glenn Campbell,Data Engineer,employee
648,Kelly Douglas,DevOps Engineer,employee
649,Timothy Zimmerman,QA Engineer,employee
650,Aaron Harris,QA Engineer,employee
651,Marie Green,DevOps Engineer,employee
652,Jason Wells,Front-end Engineer,employee
653,Charles Smith,Full-stack Engineer,employee
654,Brent Aguilar,Data Engineer,employee
655,Joel Perez,Data Engineer,employee
656,Nicholas Reid,Network Engineer,employee
657,Barry Morrison,Security Engineer,employee
658,Larry Mitchell,DevOps Engineer,employee
659,John Webster,Full-stack Engineer,employee
660,Randy Whitaker Jr.,Network Engineer,employee
661,Lori Turner,Back-end Engineer,employee
662,Anita Williams,Mobile App Engineer,employee
663,Anthony Larson,Back-end Engineer,employee
664,Kelly Davis,Mobile App Engineer,employee
665,James Russell,QA Engineer,employee
666,Natalie Mcguire,Data Engineer,employee
667,Gabriel Owens,Software Engineer,employee
668,Jennifer Chen,Mobile App Engineer,employee
669,Jorge Stephens,DevOps Engineer,employee
670,Gary Mendez,Back-end Engineer,employee
671,Thomas Wallace,Software Engineer,employee
672,Tony Nelson,DevOps Engineer,employee
673,Isabella Santos DDS,QA Engineer,employee
674,Pam Thompson,DevOps Engineer,employee
675,Jonathan Hopkins,Back-end Engineer,employee
676,Robert Carson,Back-end Engineer,employee
677,Daniel Terrell,Back-end Engineer,employee
678,Amanda Craig,Data Engineer,employee
679,Edward Richmond,Front-end Engineer,employee
680,Tyler Wright,Front-end Engineer,employee
681,Christopher Chaney,Data Engineer,employee
682,Heather Hernandez,Data Engineer,employee
683,Rebekah Lozano,Data Engineer,employee
684,Dr. Gregory Mccarthy DVM,Network Engineer,employee
685,Jesse Hubbard,Full-stack Engineer,employee
686,Gina Hendricks,Security Engineer,employee
687,Raymond Wagner,Network Engineer,employee
688,Karen Miller,Cloud Engineer,employee
689,Kendra Mcdonald,Security Engineer,employee
690,Tasha Miller,Full-stack Engineer,employee
691,Carol Wilson,Mobile App Engineer,employee
692,Sherry Jacobs,Full-stack Engineer,employee
693,Jessica Friedman,Cloud Engineer,employee
694,Carrie Mcknight,Front-end Engineer,employee
695,Jennifer Jimenez,Front-end Engineer,employee
696,Laurie Hale,QA Engineer,employee
697,Eric Cook,Data Engineer,employee
698,Ethan Taylor,Full-stack Engineer,employee
699,Rhonda Mays,Security Engineer,employee
700,Juan Jones,Full-stack Engineer,employee
701,Jessica Long,Front-end Engineer,employee
702,Kathleen Huffman,QA Engineer,employee
703,Robert Price,Network Engineer,employee
704,Michelle Williams,Network Engineer,employee
705,Hector Sheppard,Front-end Engineer,employee
706,Jason Stephens,DevOps Engineer,employee
707,Timothy Meyer,Back-end Engineer,employee
708,Erika Hoffman,Security Engineer,employee
709,Tracy Miller,Cloud Engineer,employee
710,Kristin Rodriguez,DevOps Engineer,employee
711,Zoe Benson,Full-stack Engineer,employee
712,Christine Taylor,Network Engineer,employee
713,Matthew Cross,DevOps Engineer,employee
714,Lisa Vargas,Front-end Engineer,employee
715,Frank Castillo,Mobile App Engineer,employee
716,Amber Ball,Cloud Engineer,employee
717,Dana Harris PhD,Security Engineer,employee
718,Joanna Holland,Network Engineer,employee
719,Emily Gardner,Security Engineer,employee
720,John Myers,Data Engineer,employee
721,Elizabeth Powell,Data Engineer,employee
722,Kara Riggs,Back-end Engineer,employee
723,Matthew Gardner,Front-end Engineer,employee
724,Patricia Davis,DevOps Engineer,employee
725,Caitlyn Mccormick,Mobile App Engineer,employee
726,Holly Huynh,Full-stack Engineer,employee
727,Jesse Casey Jr.,Software Engineer,employee
728,Karen Johnson,Mobile App Engineer,employee
729,Steven Flores,Security Engineer,employee
730,Jessica Chapman,Data Engineer,employee
731,Bruce Johnston,Cloud Engineer,employee
732,Barbara Hunt,Data Engineer,employee
733,Theresa Snyder,Back-end Engineer,employee
734,Anna Morgan,Full-stack Engineer,employee
735,Jacob Edwards,Full-stack Engineer,employee
736,Rebecca Phelps,Front-end Engineer,employee
737,Tiffany Thompson,DevOps Engineer,employee
738,Tina Williams,Full-stack Engineer,employee
739,Stacey Knight,Full-stack Engineer,employee
740,Maria Tate,DevOps Engineer,employee
741,Natalie Smith,DevOps Engineer,employee
742,Jeffrey Woods,Data Engineer,employee
743,David Martinez,Front-end Engineer,employee
744,Robin Moody,Mobile App Engineer,employee
745,Amber Roberts,Full-stack Engineer,employee
746,Rhonda Boyle,DevOps Engineer,employee
747,Rebecca Cain,Front-end Engineer,employee
748,Joshua Fitzpatrick,Cloud Engineer,employee
749,Ashley Rodriguez,Cloud Engineer,employee
750,John Wolfe,Mobile App Engineer,employee
751,Jennifer Moon,Data Engineer,employee
752,Jennifer Cox,Mobile App Engineer,employee
753,Jordan Evans,Full-stack Engineer,employee
754,Kristi Cervantes,Security Engineer,employee
755,Andrea Hill,Mobile App Engineer,employee
756,Kenneth Lee,Security Engineer,employee
757,Dawn Vaughn,DevOps Engineer,employee
758,George Cervantes,Network Engineer,employee
759,Jennifer Herring,Software Engineer,employee
760,Timothy Campbell,Software Engineer,employee
761,Gary Sherman,Cloud Engineer,employee
762,Rick Frye,Security Engineer,employee
763,Bethany Baker,Front-end Engineer,employee
764,Anna Lowe,Software Engineer,employee
765,Candice Williams,Software Engineer,employee
766,Michelle Diaz,Back-end Engineer,employee
767,Kyle Wright,Network Engineer,employee
768,Deanna Barker,Front-end Engineer,employee
769,Andrew Pearson,Data Engineer,employee
770,Brian Henry,Back-end Engineer,employee
771,Lisa Reed,Network Engineer,employee
772,Robyn Green,Back-end Engineer,employee
773,Rebecca Andrews,Network Engineer,employee
774,Tony Lawson,DevOps Engineer,employee
775,Joseph Rangel,Network Engineer,employee
776,Ashley Anthony,Back-end Engineer,employee
777,Angela Jones,Full-stack Engineer,employee
778,Elizabeth Castaneda,QA Engineer,employee
779,Diana Poole,Security Engineer,employee
780,Danielle Juarez,Front-end Engineer,employee
781,Brenda Watkins,DevOps Engineer,employee
782,Scott Davidson,Data Engineer,employee
783,Steven Wilson,Mobile App Engineer,employee
784,Jennifer Tran,Full-stack Engineer,employee
785,Joseph Martin,QA Engineer,employee
786,Cole Hansen,Security Engineer,employee
787,Daniel Webster,QA Engineer,employee
788,Jocelyn Grant,Back-end Engineer,employee
789,Mrs. Jessica Bailey,QA Engineer,employee
790,Richard Price,Back-end Engineer,employee
791,James King,Back-end Engineer,employee
792,Amanda Gray,Software Engineer,employee
793,Jennifer Gray,Security Engineer,employee
794,Anthony Sheppard,Data Engineer,employee
795,Justin Rogers,QA Engineer,employee
796,Sarah Webster,Back-end Engineer,employee
797,Lori Holland,Cloud Engineer,employee
798,Elizabeth Coleman,Back-end Engineer,employee
799,Kim Alvarez,Full-stack Engineer,employee
800,John Bradshaw,Mobile App Engineer,employee
801,Richard Frost,Full-stack Engineer,employee
802,Sarah Henry,DevOps Engineer,employee
803,Rachel Martinez,Mobile App Engineer,employee
804,Paul Cooper,Data Engineer,employee
805,Amy Jones,Network Engineer,employee
806,Jordan Mays,Software Engineer,employee
807,Michael Wright,Security Engineer,employee
808,Daniel Cook,Data Engineer,employee
809,Sarah Garcia,QA Engineer,employee
810,Gerald Pierce,Network Engineer,employee
811,Shawn Gordon,Front-end Engineer,employee
812,Alexis Mullins,Cloud Engineer,employee
813,James Romero,Network Engineer,employee
814,Jimmy Watson,Cloud Engineer,employee
815,Karen Estes,Software Engineer,employee
816,Robert Garner,Software Engineer,employee
817,Kimberly Hernandez,Security Engineer,employee
818,Ellen Douglas,QA Engineer,employee
819,Wendy Terry,Network Engineer,employee
820,Amanda Velasquez,DevOps Engineer,employee
821,Jessica Sawyer,Back-end Engineer,employee
822,Stephanie Snyder,Mobile App Engineer,employee
823,Victoria Strong,Full-stack Engineer,employee
824,Michelle Farmer,Full-stack Engineer,employee
825,John Holland,Back-end Engineer,employee
826,Brandon Smith,QA Engineer,employee
827,David Brown,Mobile App Engineer,employee
828,Mark Boyd,Mobile App Engineer,employee
829,James Campbell,Software Engineer,employee
830,Sonya Mccormick,Mobile App Engineer,employee
831,Steven Garcia,Security Engineer,employee
832,Shelby West,Data Engineer,employee
833,Rebecca Pace,DevOps Engineer,employee
834,Lisa Anderson,Network Engineer,employee
835,Brandon Ramirez,DevOps Engineer,employee
836,Tonya Warner,Mobile App Engineer,employee
837,Timothy Burton,Software Engineer,employee
838,Anthony Vance,Cloud Engineer,employee
839,Danny Jimenez,Security Engineer,employee
840,Christina Smith,Mobile App Engineer,employee
841,Louis Hinton,Front-end Engineer,employee
842,Denise Dyer,Data Engineer,employee
843,Marie King,Data Engineer,employee
844,Dawn Snyder,Data Engineer,employee
845,Aaron Boone,Software Engineer,employee
846,Alexander Duran,Network Engineer,employee
847,Terri Howard,Data Engineer,employee
848,Desiree Garcia,Full-stack Engineer,employee
849,Roy Campbell,Mobile App Engineer,employee
850,Shannon Thompson,Software Engineer,employee
851,Scott Cox,DevOps Engineer,employee
852,Elizabeth Dunn,Cloud Engineer,employee
853,Tina Diaz,Front-end Engineer,employee
854,Brianna Gonzalez,QA Engineer,employee
855,Andrew Frey,Front-end Engineer,employee
856,Raymond Davis,Data Engineer,employee
857,Pamela Mclaughlin,Data Engineer,employee
858,Emma Collins,QA Engineer,employee
859,Jason Day,Data Engineer,employee
860,James Dawson,Back-end Engineer,employee
861,Shane Johnson,Back-end Engineer,employee
862,Jonathan Cooper,Data Engineer,employee
863,Joan Davenport,Front-end Engineer,employee
864,Laura Garcia,Front-end Engineer,employee
865,Richard Munoz,QA Engineer,employee
866,Michael Cole,Network Engineer,employee
867,Laura White,Cloud Engineer,employee
868,Ashley Gordon,Back-end Engineer,employee
869,Sheila Nguyen,Network Engineer,employee
870,Christine Garcia,Data Engineer,employee
871,Jeremiah Williams,Mobile App Engineer,employee
872,James Gonzalez,Data Engineer,employee
873,Jennifer Garcia,Software Engineer,employee
874,Jennifer Martin,Cloud Engineer,employee
875,Alexander Pope,Front-end Engineer,employee
876,Maria Moore,Cloud Engineer,employee
877,Christina Ibarra,Cloud Engineer,employee
878,Brandy Lopez,Full-stack Engineer,employee
879,Stacey Sharp,Cloud Engineer,employee
880,Kelsey Rose,DevOps Engineer,employee
881,Scott Foley,Front-end Engineer,employee
882,Kelly Rogers,Mobile App Engineer,employee
883,Michael Smith,Full-stack Engineer,employee
884,Amanda Hayden,Back-end Engineer,employee
885,Paul Ross,QA Engineer,employee
886,Alexis Brown,QA Engineer,employee
887,Eric Santiago,Front-end Engineer,employee
888,Wendy Price,Security Engineer,employee
889,David Durham,Network Engineer,employee
890,James French Jr.,Data Engineer,employee
891,Amanda Steele,Full-stack Engineer,employee
892,Deborah Turner,Full-stack Engineer,employee
893,Bryan Romero,QA Engineer,employee
894,Stephen Hale,QA Engineer,employee
895,Dana Brown,Front-end Engineer,employee
896,Erin Mccoy,Front-end Engineer,employee
897,Brad Doyle,Network Engineer,employee
898,Latasha Mann,Front-end Engineer,employee
899,John Todd,Mobile App Engineer,employee
900,Alexander Lopez,Data Engineer,employee
901,Kimberly Ayala,Front-end Engineer,employee
902,Jessica Rodriguez,Data Engineer,employee
903,Brooke Johnson,Network Engineer,employee
904,David Petersen,Network Engineer,employee
905,Curtis Davis,Cloud Engineer,employee
906,Paul Robinson,Mobile App Engineer,employee
907,Jeffery Harper,Back-end Engineer,employee
908,Kelly Reynolds,QA Engineer,employee
909,Sarah Rogers,QA Engineer,employee
910,Loretta Orr,Software Engineer,employee
911,Nicholas Smith,Back-end Engineer,employee
912,Ian Hernandez,Software Engineer,employee
913,Lindsay Williams,Mobile App Engineer,employee
914,Brian Patel,QA Engineer,employee
915,Robin Porter,Data Engineer,employee
916,Robin Eaton,Front-end Engineer,employee
917,James Holland,DevOps Engineer,employee
918,George Holder,Network Engineer,employee
919,Amy Phillips,Data Engineer,employee
920,Kristen Garrett,QA Engineer,employee
921,Natalie Hernandez,Software Engineer,employee
922,Christine Long,Cloud Engineer,employee
923,Jordan York,Software Engineer,employee
924,Jessica Villanueva,Front-end Engineer,employee
925,Robert Mendez,QA Engineer,employee
926,Scott Martin,DevOps Engineer,employee
927,Jose Jackson,Back-end Engineer,employee
928,Sherry Nelson,Data Engineer,employee
929,Michael Miller,Software Engineer,employee
930,Carol Gonzalez,Software Engineer,employee
931,Miss Cindy Frey MD,Mobile App Engineer,employee
932,Nicholas Taylor,Full-stack Engineer,employee
933,Sara Campos,Security Engineer,employee
934,Angel Bailey,Software Engineer,employee
935,Karen Smith,Data Engineer,employee
936,Maria Yoder,QA Engineer,employee
937,John Ross,Front-end Engineer,employee
938,Michelle Nelson,Software Engineer,employee
939,Mrs. Christina Colon,Mobile App Engineer,employee
940,Jesse Maldonado,Front-end Engineer,employee
941,John Myers,Software Engineer,employee
942,Adam Galvan,Security Engineer,employee
943,Michael Brown,Front-end Engineer,employee
944,George Lucas,Data Engineer,employee
945,Caleb Watson,Cloud Engineer,employee
946,Brenda Mcmahon,Mobile App Engineer,employee
947,Shannon Barber,Network Engineer,employee
948,Kellie Klein,DevOps Engineer,employee
949,Tiffany Orozco,Back-end Engineer,employee
950,Scott Mullen,Front-end Engineer,employee
951,Samantha Bowers,Full-stack Engineer,employee
952,Timothy Neal,Mobile App Engineer,employee
953,Samantha Huerta,Software Engineer,employee
954,Martha Moore,QA Engineer,employee
955,Carlos Lewis,Full-stack Engineer,employee
956,Brent Snyder,Back-end Engineer,employee
957,Kaitlyn Melton,DevOps Engineer,employee
958,Melissa Flores,DevOps Engineer,employee
959,Dominique Young,Software Engineer,employee
960,Ricardo Lang,Network Engineer,employee
961,Sarah Duffy,Cloud Engineer,employee
962,Susan Tucker,QA Engineer,employee
963,Brandon Lee,Front-end Engineer,employee
964,Kyle Brown,Data Engineer,employee
965,Daniel Robinson,Security Engineer,employee
966,Autumn Rodriguez,Mobile App Engineer,employee
967,Ryan Jenkins,Front-end Engineer,employee
968,James Salinas,Full-stack Engineer,employee
969,Kristopher Gutierrez,Mobile App Engineer,employee
970,Margaret Farmer,Back-end Engineer,employee
971,Eugene Morton,Full-stack Engineer,employee
972,Joshua Camacho,Back-end Engineer,employee
973,Adam Huffman,Mobile App Engineer,employee
974,Amanda Ferguson,Front-end Engineer,employee
975,Grant Marshall,Software Engineer,employee
976,Stacy Robinson,Mobile App Engineer,employee
977,Jessica Nielsen,DevOps Engineer,employee
978,Matthew Fischer,Back-end Engineer,employee
979,Brian Perez,Data Engineer,employee
980,Bradley Crosby,Security Engineer,employee
981,Stephanie Romero,DevOps Engineer,employee
982,Karen Moore,Software Engineer,employee
983,Connor Foster,Network Engineer,employee
984,Amber Gray,QA Engineer,employee
985,Emily Dorsey,Full-stack Engineer,employee
986,Tina Kim,Mobile App Engineer,employee
987,Rachel Brown,Network Engineer,employee
988,William Frederick,Cloud Engineer,employee
989,Jacqueline Brown,Back-end Engineer,employee
990,Marc Sanchez,Security Engineer,employee
991,Ariel Friedman,Mobile App Engineer,employee
992,Jamie King,Cloud Engineer,employee
993,Brian Gardner,Back-end Engineer,employee
994,Melissa Bullock,Security Engineer,employee
995,Christopher Gutierrez,QA Engineer,employee
996,Daniel Oconnor,Data Engineer,employee
997,Matthew Morton,QA Engineer,employee
998,Ashley Avila,Cloud Engineer,employee
999,Heather King,Cloud Engineer,employee
1000,Anna Nelson,Software Engineer,employee
1001,VIJAY R,Cloud Engineer,admin
